timestamp,util_gpu,util_mem,mem_used_mb,mem_total_mb,power_w,temp_c
2026-01-05 08:47:45,0,0,0,81559,69.64,30
2026-01-05 08:47:55,0,0,4,81559,69.57,30
2026-01-05 08:48:05,0,0,669,81559,116.68,32
2026-01-05 08:48:15,0,0,809,81559,116.96,32
2026-01-05 08:48:25,0,0,3515,81559,116.82,32
2026-01-05 08:48:35,0,0,3515,81559,116.90,32
2026-01-05 08:48:45,0,0,3515,81559,164.27,33
2026-01-05 08:48:55,0,0,3515,81559,116.97,32
2026-01-05 08:49:05,0,0,3515,81559,116.93,32
2026-01-05 08:49:15,0,0,3515,81559,140.03,33
2026-01-05 08:49:26,0,0,3515,81559,116.93,32
2026-01-05 08:49:36,0,0,3515,81559,116.96,32
2026-01-05 08:49:46,0,0,3515,81559,128.22,33
2026-01-05 08:49:56,0,0,3515,81559,116.92,32
2026-01-05 08:50:06,0,0,3515,81559,116.36,32
2026-01-05 08:50:16,0,0,3515,81559,129.59,32
2026-01-05 08:50:26,0,0,3515,81559,116.13,32
2026-01-05 08:50:36,0,0,3515,81559,116.12,32
2026-01-05 08:50:46,0,0,3515,81559,125.64,32
2026-01-05 08:50:56,0,0,3515,81559,116.99,32
2026-01-05 08:51:06,55,19,3515,81559,140.53,34
2026-01-05 08:51:16,0,0,3515,81559,116.98,32
2026-01-05 08:51:26,0,0,3515,81559,116.26,32
2026-01-05 08:51:36,0,0,3515,81559,138.99,33
2026-01-05 08:51:46,0,0,3515,81559,116.32,32
2026-01-05 08:51:56,0,0,3515,81559,116.31,32
2026-01-05 08:52:06,0,0,3515,81559,116.44,32
2026-01-05 08:52:16,0,0,3515,81559,116.40,32
2026-01-05 08:52:26,0,0,3515,81559,116.36,32
2026-01-05 08:52:37,0,0,3515,81559,116.45,32
2026-01-05 08:52:47,0,0,3515,81559,116.44,32
2026-01-05 08:52:57,0,0,3515,81559,116.46,32
2026-01-05 08:53:07,0,0,3515,81559,116.44,32
2026-01-05 08:53:17,0,0,3515,81559,116.39,32
2026-01-05 08:53:27,0,0,3515,81559,138.81,33
2026-01-05 08:53:37,0,0,3515,81559,116.34,32
2026-01-05 08:53:47,0,0,3515,81559,116.37,32
2026-01-05 08:53:57,0,0,3515,81559,138.76,32
2026-01-05 08:54:07,59,20,3515,81559,140.11,35
2026-01-05 08:54:17,0,0,3515,81559,116.30,32
2026-01-05 08:54:27,0,0,3515,81559,116.46,32
2026-01-05 08:54:37,0,0,3515,81559,138.68,33
2026-01-05 08:54:47,0,0,3515,81559,116.36,32
2026-01-05 08:54:57,0,0,3515,81559,116.37,32
2026-01-05 08:55:07,0,0,3515,81559,139.79,32
2026-01-05 08:55:17,0,0,3515,81559,116.27,32
2026-01-05 08:55:27,0,0,3515,81559,116.25,32
2026-01-05 08:55:37,0,0,3515,81559,139.48,32
2026-01-05 08:55:48,0,0,3515,81559,139.01,33
2026-01-05 08:55:58,0,0,3515,81559,116.39,32
2026-01-05 08:56:08,0,0,3515,81559,116.80,32
2026-01-05 08:56:18,0,0,3515,81559,139.31,32
2026-01-05 08:56:28,0,0,3515,81559,116.37,32
2026-01-05 08:56:38,0,0,3515,81559,116.49,32
2026-01-05 08:56:48,0,0,3515,81559,116.38,32
2026-01-05 08:56:58,0,0,3515,81559,116.30,32
2026-01-05 08:57:08,0,0,3515,81559,116.40,32
2026-01-05 08:57:18,0,0,3515,81559,116.31,32
2026-01-05 08:57:28,0,0,3515,81559,116.32,32
2026-01-05 08:57:38,0,0,3515,81559,116.33,32
2026-01-05 08:57:48,0,0,3515,81559,116.29,32
2026-01-05 08:57:58,0,0,3515,81559,116.40,32
2026-01-05 08:58:08,0,0,3515,81559,135.26,35
2026-01-05 08:58:18,0,0,3515,81559,116.35,32
2026-01-05 08:58:28,0,0,3515,81559,116.34,32
2026-01-05 08:58:38,0,0,3515,81559,139.82,33
2026-01-05 08:58:48,0,0,3515,81559,116.30,32
2026-01-05 08:58:58,0,0,3515,81559,116.38,32
2026-01-05 08:59:08,0,0,3515,81559,139.60,32
2026-01-05 08:59:19,0,0,3515,81559,116.26,32
2026-01-05 08:59:29,55,18,3515,81559,139.29,34
2026-01-05 08:59:39,0,0,3515,81559,116.38,32
2026-01-05 08:59:49,0,0,3515,81559,116.34,32
2026-01-05 08:59:59,0,0,3515,81559,139.89,33
2026-01-05 09:00:09,0,0,3515,81559,116.43,32
2026-01-05 09:00:19,0,0,3515,81559,116.38,32
2026-01-05 09:00:29,0,0,3515,81559,116.70,32
2026-01-05 09:00:39,0,0,3515,81559,116.36,32
2026-01-05 09:00:49,0,0,3515,81559,116.34,32
2026-01-05 09:00:59,0,0,3515,81559,116.54,32
2026-01-05 09:01:09,0,0,3515,81559,117.00,32
2026-01-05 09:01:19,0,0,3515,81559,116.92,32
2026-01-05 09:01:29,0,0,3515,81559,117.03,32
2026-01-05 09:01:39,0,0,3515,81559,117.01,32
2026-01-05 09:01:49,0,0,3515,81559,116.26,32
2026-01-05 09:01:59,0,0,3515,81559,140.57,33
2026-01-05 09:02:09,0,0,3515,81559,116.93,32
2026-01-05 09:02:19,0,0,3515,81559,116.96,32
2026-01-05 09:02:30,0,0,3515,81559,117.12,32
2026-01-05 09:02:40,0,0,3515,81559,116.92,32
2026-01-05 09:02:50,0,0,3515,81559,116.96,32
2026-01-05 09:03:00,0,0,3515,81559,117.03,32
2026-01-05 09:03:10,0,0,3515,81559,116.31,32
2026-01-05 09:03:20,0,0,3515,81559,117.02,32
2026-01-05 09:03:30,0,0,3515,81559,117.06,32
2026-01-05 09:03:40,0,0,3515,81559,116.98,32
2026-01-05 09:03:50,0,0,3515,81559,116.96,32
2026-01-05 09:04:00,0,0,3515,81559,116.93,32
2026-01-05 09:04:10,0,0,3515,81559,116.94,32
2026-01-05 09:04:20,0,0,3515,81559,116.96,32
2026-01-05 09:04:30,0,0,3515,81559,117.01,32
2026-01-05 09:04:40,0,0,3515,81559,116.94,32
2026-01-05 09:04:50,0,0,3515,81559,163.58,33
2026-01-05 09:05:00,0,0,3515,81559,116.10,32
2026-01-05 09:05:11,0,0,3515,81559,115.49,32
2026-01-05 09:05:21,0,0,3515,81559,116.68,32
2026-01-05 09:05:31,0,0,3515,81559,116.13,32
2026-01-05 09:05:41,0,0,3515,81559,115.54,32
2026-01-05 09:05:51,0,0,3515,81559,115.70,32
2026-01-05 09:06:01,0,0,3515,81559,116.93,32
2026-01-05 09:06:11,0,0,3515,81559,116.86,32
2026-01-05 09:06:21,0,0,3515,81559,116.44,32
2026-01-05 09:06:31,0,0,3515,81559,116.23,32
2026-01-05 09:06:41,0,0,3515,81559,116.29,32
2026-01-05 09:06:51,0,0,3515,81559,116.25,32
2026-01-05 09:07:01,0,0,3515,81559,116.09,32
2026-01-05 09:07:11,80,27,3515,81559,161.77,35
2026-01-05 09:07:21,0,0,3515,81559,115.58,32
2026-01-05 09:07:31,0,0,3515,81559,116.10,32
2026-01-05 09:07:41,0,0,3515,81559,163.77,32
2026-01-05 09:07:51,0,0,3515,81559,116.26,32
2026-01-05 09:08:01,0,0,3515,81559,116.07,32
2026-01-05 09:08:11,0,0,3515,81559,132.32,32
2026-01-05 09:08:21,0,0,3515,81559,116.21,32
2026-01-05 09:08:32,0,0,3515,81559,116.86,32
2026-01-05 09:08:42,0,0,3515,81559,116.99,32
2026-01-05 09:08:52,0,0,3515,81559,116.29,32
2026-01-05 09:09:02,0,0,3515,81559,116.04,32
2026-01-05 09:09:12,0,0,3515,81559,116.15,32
2026-01-05 09:09:22,0,0,3515,81559,116.92,32
2026-01-05 09:09:32,0,0,3515,81559,115.38,32
2026-01-05 09:09:42,0,0,3515,81559,116.92,32
2026-01-05 09:09:52,0,0,3515,81559,116.05,32
2026-01-05 09:10:02,0,0,3515,81559,115.97,32
2026-01-05 09:10:12,0,0,3515,81559,116.88,32
2026-01-05 09:10:22,0,0,3515,81559,116.09,32
2026-01-05 09:10:32,0,0,3515,81559,140.77,35
2026-01-05 09:10:42,0,0,3515,81559,116.23,32
2026-01-05 09:10:52,0,0,3515,81559,116.14,32
2026-01-05 09:11:02,0,0,3515,81559,161.71,33
2026-01-05 09:11:12,0,0,3515,81559,116.99,32
2026-01-05 09:11:22,0,0,3515,81559,116.28,32
2026-01-05 09:11:32,0,0,3515,81559,161.99,33
2026-01-05 09:11:42,0,0,3515,81559,116.21,32
2026-01-05 09:11:53,0,0,3515,81559,116.90,32
2026-01-05 09:12:03,0,0,3515,81559,164.23,33
2026-01-05 09:12:13,0,0,3515,81559,116.27,32
2026-01-05 09:12:23,0,0,3515,81559,116.93,32
2026-01-05 09:12:33,0,0,3515,81559,162.50,33
2026-01-05 09:12:43,0,0,3515,81559,116.94,32
2026-01-05 09:12:53,0,0,3515,81559,116.36,32
2026-01-05 09:13:03,0,0,3515,81559,116.36,32
2026-01-05 09:13:13,0,0,3515,81559,116.98,32
2026-01-05 09:13:23,0,0,3515,81559,116.93,32
2026-01-05 09:13:33,0,0,3515,81559,116.29,32
2026-01-05 09:13:43,0,0,3515,81559,116.97,32
2026-01-05 09:13:53,0,0,3515,81559,116.89,32
2026-01-05 09:14:03,0,0,3515,81559,116.32,32
2026-01-05 09:14:13,0,0,3515,81559,115.51,32
2026-01-05 09:14:23,0,0,3515,81559,116.83,32
2026-01-05 09:14:33,0,0,3515,81559,116.21,32
2026-01-05 09:14:43,0,0,3515,81559,116.11,32
2026-01-05 09:14:53,96,32,3515,81559,159.04,38
2026-01-05 09:15:03,0,0,3515,81559,116.90,32
2026-01-05 09:15:14,0,0,3515,81559,116.99,32
2026-01-05 09:15:24,0,0,3515,81559,163.41,33
2026-01-05 09:15:34,0,0,3515,81559,116.13,32
2026-01-05 09:15:44,0,0,3515,81559,116.14,32
2026-01-05 09:15:54,0,0,3515,81559,117.17,32
2026-01-05 09:16:04,0,0,3515,81559,116.97,32
2026-01-05 09:16:14,0,0,3515,81559,116.12,32
2026-01-05 09:16:24,0,0,3515,81559,117.08,32
2026-01-05 09:16:34,0,0,3515,81559,116.87,32
2026-01-05 09:16:44,0,0,3515,81559,116.08,32
2026-01-05 09:16:54,0,0,3515,81559,116.27,32
2026-01-05 09:17:04,0,0,3515,81559,116.13,32
2026-01-05 09:17:14,0,0,3515,81559,116.24,32
2026-01-05 09:17:24,0,0,3515,81559,116.96,32
2026-01-05 09:17:34,0,0,3515,81559,116.15,32
2026-01-05 09:17:44,0,0,3515,81559,116.32,32
2026-01-05 09:17:54,0,0,3515,81559,116.89,32
2026-01-05 09:18:04,0,0,3515,81559,116.10,32
2026-01-05 09:18:14,0,0,3515,81559,116.80,32
2026-01-05 09:18:25,0,0,3515,81559,116.89,32
2026-01-05 09:18:35,0,0,3515,81559,116.12,32
2026-01-05 09:18:45,0,0,3515,81559,116.29,32
2026-01-05 09:18:55,0,0,3515,81559,116.87,32
2026-01-05 09:19:05,0,0,3515,81559,116.33,32
2026-01-05 09:19:15,0,0,3515,81559,116.09,32
2026-01-05 09:19:25,0,0,3515,81559,116.10,32
2026-01-05 09:19:35,0,0,3515,81559,116.20,32
2026-01-05 09:19:45,0,0,3515,81559,116.26,32
2026-01-05 09:19:55,0,0,3515,81559,116.87,32
2026-01-05 09:20:05,0,0,3515,81559,116.17,32
2026-01-05 09:20:15,60,20,3515,81559,140.40,32
2026-01-05 09:20:25,0,0,3515,81559,116.17,32
2026-01-05 09:20:35,0,0,3515,81559,116.93,32
2026-01-05 09:20:45,41,14,3515,81559,162.59,34
2026-01-05 09:20:55,0,0,3515,81559,116.83,32
2026-01-05 09:21:05,0,0,3515,81559,116.35,32
2026-01-05 09:21:15,0,0,3515,81559,138.58,32
2026-01-05 09:21:25,0,0,3515,81559,116.96,32
2026-01-05 09:21:35,0,0,3515,81559,116.91,32
2026-01-05 09:21:46,0,0,3515,81559,116.29,32
2026-01-05 09:21:56,0,0,3515,81559,116.83,32
2026-01-05 09:22:06,0,0,3515,81559,116.26,32
2026-01-05 09:22:16,100,33,3515,81559,161.81,37
2026-01-05 09:22:26,0,0,3515,81559,115.54,32
2026-01-05 09:22:36,0,0,3515,81559,116.13,32
2026-01-05 09:22:46,0,0,3515,81559,163.05,33
2026-01-05 09:22:56,0,0,3515,81559,116.14,32
2026-01-05 09:23:06,0,0,3515,81559,116.83,32
2026-01-05 09:23:16,0,0,3515,81559,162.32,32
2026-01-05 09:23:26,0,0,3515,81559,116.16,32
2026-01-05 09:23:36,0,0,3515,81559,116.86,32
2026-01-05 09:23:46,0,0,3515,81559,161.82,33
2026-01-05 09:23:56,0,0,3515,81559,116.93,32
2026-01-05 09:24:06,0,0,3515,81559,116.36,32
2026-01-05 09:24:16,0,0,3515,81559,116.51,32
2026-01-05 09:24:27,0,0,3515,81559,115.46,32
2026-01-05 09:24:37,0,0,3515,81559,116.11,32
2026-01-05 09:24:47,0,0,3515,81559,116.95,32
2026-01-05 09:24:57,0,0,3515,81559,116.84,32
2026-01-05 09:25:07,0,0,3515,81559,116.11,32
2026-01-05 09:25:17,0,0,3515,81559,116.06,32
2026-01-05 09:25:27,0,0,3515,81559,116.90,32
2026-01-05 09:25:37,0,0,3515,81559,116.31,32
2026-01-05 09:25:47,0,0,3515,81559,116.29,32
2026-01-05 09:25:57,0,0,3515,81559,116.32,32
2026-01-05 09:26:07,0,0,3515,81559,162.69,33
2026-01-05 09:26:17,0,0,3515,81559,116.85,32
2026-01-05 09:26:27,0,0,3515,81559,116.88,32
2026-01-05 09:26:37,0,0,3515,81559,163.49,32
2026-01-05 09:26:47,0,0,3515,81559,116.25,32
2026-01-05 09:26:57,0,0,3515,81559,116.80,32
2026-01-05 09:27:07,0,0,3515,81559,117.16,32
2026-01-05 09:27:17,0,0,3515,81559,116.82,32
2026-01-05 09:27:27,0,0,3515,81559,116.16,32
2026-01-05 09:27:38,0,0,3515,81559,116.19,32
2026-01-05 09:27:48,0,0,3515,81559,116.10,32
2026-01-05 09:27:58,0,0,3515,81559,116.85,32
2026-01-05 09:28:08,0,0,3515,81559,116.16,32
2026-01-05 09:28:18,0,0,3515,81559,116.10,32
2026-01-05 09:28:28,0,0,3515,81559,116.84,32
2026-01-05 09:28:38,0,0,3515,81559,116.26,32
2026-01-05 09:28:48,0,0,3515,81559,116.28,32
2026-01-05 09:28:58,0,0,3515,81559,116.08,32
2026-01-05 09:29:08,0,0,3515,81559,116.29,32
2026-01-05 09:29:18,0,0,3515,81559,116.78,32
2026-01-05 09:29:28,0,0,3515,81559,162.26,33
2026-01-05 09:29:38,0,0,3515,81559,115.48,32
2026-01-05 09:29:48,0,0,3515,81559,116.87,32
2026-01-05 09:29:58,0,0,3515,81559,162.55,32
2026-01-05 09:30:08,0,0,3515,81559,116.04,32
2026-01-05 09:30:18,0,0,3515,81559,116.01,32
2026-01-05 09:30:28,0,0,3515,81559,117.05,32
2026-01-05 09:30:38,0,0,3515,81559,116.03,32
2026-01-05 09:30:48,0,0,3515,81559,116.05,32
2026-01-05 09:30:59,0,0,3515,81559,116.84,32
2026-01-05 09:31:09,0,0,3515,81559,120.36,32
2026-01-05 09:31:19,0,0,3515,81559,115.50,32
2026-01-05 09:31:29,0,0,3515,81559,116.85,32
2026-01-05 09:31:39,0,0,3515,81559,116.22,32
2026-01-05 09:31:49,60,20,3515,81559,148.96,39
2026-01-05 09:31:59,0,0,3515,81559,116.27,32
2026-01-05 09:32:09,0,0,3515,81559,116.19,32
2026-01-05 09:32:19,0,0,3515,81559,162.41,32
2026-01-05 09:32:29,0,0,3515,81559,116.11,32
2026-01-05 09:32:39,0,0,3515,81559,116.82,32
2026-01-05 09:32:49,0,0,3515,81559,143.49,32
2026-01-05 09:32:59,0,0,3515,81559,116.07,32
2026-01-05 09:33:09,0,0,3515,81559,116.02,32
2026-01-05 09:33:19,0,0,3515,81559,115.60,32
2026-01-05 09:33:29,0,0,3515,81559,116.83,32
2026-01-05 09:33:39,0,0,3515,81559,116.07,32
2026-01-05 09:33:49,0,0,3515,81559,116.89,32
2026-01-05 09:34:00,0,0,3515,81559,116.29,32
2026-01-05 09:34:10,0,0,3515,81559,116.06,32
2026-01-05 09:34:20,0,0,3515,81559,116.13,32
2026-01-05 09:34:30,0,0,3515,81559,116.79,32
2026-01-05 09:34:40,0,0,3515,81559,147.70,37
2026-01-05 09:34:50,0,0,3515,81559,116.82,32
2026-01-05 09:35:00,0,0,3515,81559,116.03,32
2026-01-05 09:35:10,0,0,3515,81559,161.42,32
2026-01-05 09:35:20,0,0,3515,81559,115.45,32
2026-01-05 09:35:30,0,0,3515,81559,116.77,32
2026-01-05 09:35:40,0,0,3515,81559,122.96,32
2026-01-05 09:35:50,0,0,3515,81559,116.05,32
2026-01-05 09:36:00,0,0,3515,81559,116.72,32
2026-01-05 09:36:10,0,0,3515,81559,116.11,32
2026-01-05 09:36:20,0,0,3515,81559,116.07,32
2026-01-05 09:36:30,0,0,3515,81559,116.75,32
2026-01-05 09:36:41,0,0,3515,81559,115.54,32
2026-01-05 09:36:51,0,0,3515,81559,116.05,32
2026-01-05 09:37:01,37,12,3515,81559,162.54,34
2026-01-05 09:37:11,0,0,3515,81559,116.12,32
2026-01-05 09:37:21,0,0,3515,81559,116.18,32
2026-01-05 09:37:31,0,0,3515,81559,162.91,32
2026-01-05 09:37:41,0,0,3515,81559,116.08,32
2026-01-05 09:37:51,0,0,3515,81559,116.02,32
2026-01-05 09:38:01,0,0,3515,81559,116.29,32
2026-01-05 09:38:11,0,0,3515,81559,116.22,32
2026-01-05 09:38:21,0,0,3515,81559,116.71,32
2026-01-05 09:38:31,0,0,3515,81559,116.05,32
2026-01-05 09:38:41,0,0,3515,81559,116.03,32
2026-01-05 09:38:51,0,0,3515,81559,115.40,32
2026-01-05 09:39:01,0,0,3515,81559,116.06,32
2026-01-05 09:39:11,0,0,3515,81559,116.05,32
2026-01-05 09:39:21,0,0,3515,81559,124.96,32
2026-01-05 09:39:32,0,0,3515,81559,116.77,32
2026-01-05 09:39:42,0,0,3515,81559,116.77,32
2026-01-05 09:39:52,0,0,3515,81559,127.57,32
2026-01-05 09:40:02,0,0,3515,81559,116.78,32
2026-01-05 09:40:12,0,0,3515,81559,116.80,32
2026-01-05 09:40:22,0,0,3515,81559,128.96,32
2026-01-05 09:40:32,0,0,3515,81559,116.02,32
2026-01-05 09:40:42,0,0,3515,81559,116.29,32
2026-01-05 09:40:52,20,7,3515,81559,150.39,34
2026-01-05 09:41:02,0,0,3515,81559,116.17,32
2026-01-05 09:41:12,0,0,3515,81559,116.08,32
2026-01-05 09:41:22,0,0,3515,81559,152.67,33
2026-01-05 09:41:32,0,0,3515,81559,116.79,32
2026-01-05 09:41:42,0,0,3515,81559,116.24,32
2026-01-05 09:41:52,0,0,3515,81559,150.62,32
2026-01-05 09:42:02,0,0,3515,81559,116.82,32
2026-01-05 09:42:12,0,0,3515,81559,116.85,32
2026-01-05 09:42:22,0,0,3515,81559,150.04,32
2026-01-05 09:42:33,0,0,3515,81559,116.17,32
2026-01-05 09:42:43,0,0,3515,81559,127.69,32
2026-01-05 09:42:53,0,0,3515,81559,116.99,32
2026-01-05 09:43:03,0,0,3515,81559,116.82,32
2026-01-05 09:43:13,0,0,3515,81559,128.91,32
2026-01-05 09:43:23,0,0,3515,81559,116.12,32
2026-01-05 09:43:33,0,0,3515,81559,116.26,32
2026-01-05 09:43:43,0,0,3515,81559,128.67,32
2026-01-05 09:43:53,0,0,3515,81559,116.15,32
2026-01-05 09:44:03,0,0,3515,81559,116.17,32
2026-01-05 09:44:13,0,0,3515,81559,127.08,32
2026-01-05 09:44:23,0,0,3515,81559,116.84,32
2026-01-05 09:44:33,0,0,3515,81559,116.76,32
2026-01-05 09:44:43,0,0,3515,81559,116.89,32
2026-01-05 09:44:53,0,0,3515,81559,116.85,32
2026-01-05 09:45:03,0,0,3515,81559,116.83,32
2026-01-05 09:45:13,0,0,3515,81559,116.84,32
2026-01-05 09:45:23,0,0,3515,81559,116.02,32
2026-01-05 09:45:33,0,0,3515,81559,116.01,32
2026-01-05 09:45:44,0,0,3515,81559,116.77,32
2026-01-05 09:45:54,0,0,3515,81559,116.77,32
2026-01-05 09:46:04,0,0,3515,81559,126.19,32
2026-01-05 09:46:14,0,0,3515,81559,122.88,32
2026-01-05 09:46:24,0,0,3515,81559,116.78,32
2026-01-05 09:46:34,0,0,3515,81559,129.60,32
2026-01-05 09:46:44,58,19,3515,81559,151.39,39
2026-01-05 09:46:54,0,0,3515,81559,116.75,32
2026-01-05 09:47:04,0,0,3515,81559,126.00,32
2026-01-05 09:47:14,0,0,3515,81559,151.09,32
2026-01-05 09:47:24,0,0,3515,81559,116.81,32
2026-01-05 09:47:34,0,0,3515,81559,128.69,32
2026-01-05 09:47:44,0,0,3515,81559,149.93,32
2026-01-05 09:47:54,0,0,3515,81559,116.78,32
2026-01-05 09:48:04,0,0,3515,81559,116.97,32
2026-01-05 09:48:14,0,0,3515,81559,116.95,32
2026-01-05 09:48:24,0,0,3515,81559,116.79,32
2026-01-05 09:48:34,0,0,3515,81559,116.29,32
2026-01-05 09:48:44,0,0,3515,81559,116.66,32
2026-01-05 09:48:54,0,0,3515,81559,116.77,32
2026-01-05 09:49:04,0,0,3515,81559,116.82,32
2026-01-05 09:49:14,0,0,3515,81559,116.96,32
2026-01-05 09:49:24,5,1,3515,81559,128.46,36
2026-01-05 09:49:34,0,0,3515,81559,116.57,32
2026-01-05 09:49:45,0,0,3515,81559,116.35,32
2026-01-05 09:49:55,0,0,3515,81559,126.43,32
2026-01-05 09:50:05,0,0,3515,81559,116.05,32
2026-01-05 09:50:15,0,0,3515,81559,116.81,32
2026-01-05 09:50:25,0,0,3515,81559,116.40,32
2026-01-05 09:50:35,0,0,3515,81559,116.02,32
2026-01-05 09:50:45,0,0,3515,81559,116.07,32
2026-01-05 09:50:55,0,0,3515,81559,116.79,32
2026-01-05 09:51:05,0,0,3515,81559,116.80,32
2026-01-05 09:51:15,0,0,3515,81559,116.04,32
2026-01-05 09:51:25,0,0,3515,81559,116.86,32
2026-01-05 09:51:35,72,24,3515,81559,150.78,34
2026-01-05 09:51:45,0,0,3515,81559,116.75,32
2026-01-05 09:51:55,0,0,3515,81559,116.85,32
2026-01-05 09:52:05,0,0,3515,81559,150.83,32
2026-01-05 09:52:15,0,0,3515,81559,126.12,32
2026-01-05 09:52:25,0,0,3515,81559,116.06,32
2026-01-05 09:52:35,0,0,3515,81559,117.27,32
2026-01-05 09:52:45,0,0,3515,81559,127.46,32
2026-01-05 09:52:55,0,0,3515,81559,116.83,32
2026-01-05 09:53:05,0,0,3515,81559,116.36,32
2026-01-05 09:53:15,0,0,3515,81559,116.27,32
2026-01-05 09:53:26,0,0,3515,81559,116.08,32
2026-01-05 09:53:36,0,0,3515,81559,116.14,32
2026-01-05 09:53:46,0,0,3515,81559,116.83,32
2026-01-05 09:53:56,0,0,3515,81559,116.11,32
2026-01-05 09:54:06,0,0,3515,81559,115.49,32
2026-01-05 09:54:16,0,0,3515,81559,116.86,32
2026-01-05 09:54:26,0,0,3515,81559,116.85,32
2026-01-05 09:54:36,0,0,3515,81559,116.85,32
2026-01-05 09:54:46,0,0,3515,81559,116.61,32
2026-01-05 09:54:56,0,0,3515,81559,150.49,33
2026-01-05 09:55:06,0,0,3515,81559,116.85,32
2026-01-05 09:55:16,0,0,3515,81559,116.87,32
2026-01-05 09:55:26,0,0,3515,81559,150.72,32
2026-01-05 09:55:36,0,0,3515,81559,128.61,32
2026-01-05 09:55:46,0,0,3515,81559,116.34,32
2026-01-05 09:55:56,0,0,3515,81559,119.33,32
2026-01-05 09:56:06,0,0,3515,81559,129.22,32
2026-01-05 09:56:16,0,0,3515,81559,116.12,32
2026-01-05 09:56:26,0,0,3515,81559,116.25,32
2026-01-05 09:56:36,0,0,3515,81559,116.94,32
2026-01-05 09:56:46,0,0,3515,81559,116.90,32
2026-01-05 09:56:57,0,0,3515,81559,116.95,32
2026-01-05 09:57:07,0,0,3515,81559,116.94,32
2026-01-05 09:57:17,0,0,3515,81559,116.13,32
2026-01-05 09:57:27,0,0,3515,81559,116.18,32
2026-01-05 09:57:37,0,0,3515,81559,116.87,32
2026-01-05 09:57:47,0,0,3515,81559,116.16,32
2026-01-05 09:57:57,0,0,3515,81559,116.93,32
2026-01-05 09:58:07,0,0,3515,81559,116.91,32
2026-01-05 09:58:17,35,12,3515,81559,150.18,34
2026-01-05 09:58:27,0,0,3515,81559,116.94,32
2026-01-05 09:58:37,0,0,3515,81559,116.19,32
2026-01-05 09:58:47,0,0,3515,81559,148.41,33
2026-01-05 09:58:57,0,0,3515,81559,128.28,33
2026-01-05 09:59:07,0,0,3515,81559,115.51,32
2026-01-05 09:59:17,0,0,3515,81559,151.88,32
2026-01-05 09:59:27,0,0,3515,81559,129.85,32
2026-01-05 09:59:37,0,0,3515,81559,116.81,32
2026-01-05 09:59:47,0,0,3515,81559,126.58,32
2026-01-05 09:59:57,0,0,3515,81559,128.71,32
2026-01-05 10:00:07,0,0,3515,81559,116.30,32
2026-01-05 10:00:17,0,0,3515,81559,116.40,32
2026-01-05 10:00:27,0,0,3515,81559,117.01,32
2026-01-05 10:00:38,0,0,3515,81559,116.88,32
2026-01-05 10:00:48,0,0,3515,81559,116.97,32
2026-01-05 10:00:58,0,0,3515,81559,116.93,32
2026-01-05 10:01:08,0,0,3515,81559,148.91,34
2026-01-05 10:01:18,0,0,3515,81559,116.89,32
2026-01-05 10:01:28,0,0,3515,81559,116.91,32
2026-01-05 10:01:38,0,0,3515,81559,150.88,33
2026-01-05 10:01:48,0,0,3515,81559,116.89,32
2026-01-05 10:01:58,0,0,3515,81559,116.11,32
2026-01-05 10:02:08,0,0,3515,81559,147.92,32
2026-01-05 10:02:18,0,0,3515,81559,116.17,32
2026-01-05 10:02:28,0,0,3515,81559,116.25,32
2026-01-05 10:02:38,0,0,3515,81559,116.50,32
2026-01-05 10:02:48,0,0,3515,81559,127.98,33
2026-01-05 10:02:58,0,0,3515,81559,116.84,32
2026-01-05 10:03:08,0,0,3515,81559,116.92,32
2026-01-05 10:03:18,0,0,3515,81559,128.40,32
2026-01-05 10:03:28,0,0,3515,81559,116.13,32
2026-01-05 10:03:38,0,0,3515,81559,116.91,32
2026-01-05 10:03:49,0,0,3515,81559,117.21,32
2026-01-05 10:03:59,0,0,3515,81559,116.83,32
2026-01-05 10:04:09,0,0,3515,81559,116.22,32
2026-01-05 10:04:19,0,0,3515,81559,116.98,32
2026-01-05 10:04:29,0,0,3515,81559,116.11,32
2026-01-05 10:04:39,0,0,3515,81559,116.18,32
2026-01-05 10:04:49,0,0,3515,81559,116.88,32
2026-01-05 10:04:59,14,5,3515,81559,148.98,38
2026-01-05 10:05:09,0,0,3515,81559,116.93,32
2026-01-05 10:05:19,0,0,3515,81559,116.88,32
2026-01-05 10:05:29,35,12,3515,81559,150.14,40
2026-01-05 10:05:39,30,10,3515,81559,126.93,33
2026-01-05 10:05:49,0,0,3515,81559,115.60,32
2026-01-05 10:05:59,0,0,3515,81559,149.56,33
2026-01-05 10:06:09,0,0,3515,81559,125.98,33
2026-01-05 10:06:19,0,0,3515,81559,116.39,32
2026-01-05 10:06:29,0,0,3515,81559,150.86,33
2026-01-05 10:06:39,0,0,3515,81559,129.06,32
2026-01-05 10:06:49,0,0,3515,81559,116.90,32
2026-01-05 10:06:59,0,0,3515,81559,117.95,32
2026-01-05 10:07:09,0,0,3515,81559,117.01,32
2026-01-05 10:07:19,0,0,3515,81559,116.93,32
2026-01-05 10:07:30,0,0,3515,81559,116.46,32
2026-01-05 10:07:40,0,0,3515,81559,116.25,32
2026-01-05 10:07:50,0,0,3515,81559,116.18,32
2026-01-05 10:08:00,0,0,3515,81559,116.46,32
2026-01-05 10:08:10,0,0,3515,81559,116.24,32
2026-01-05 10:08:20,0,0,3515,81559,116.94,32
2026-01-05 10:08:30,0,0,3515,81559,117.02,32
2026-01-05 10:08:40,0,0,3515,81559,117.00,32
2026-01-05 10:08:50,0,0,3515,81559,116.92,32
2026-01-05 10:09:00,0,0,3515,81559,116.93,32
2026-01-05 10:09:10,0,0,3515,81559,116.92,32
2026-01-05 10:09:20,0,0,3515,81559,116.92,32
2026-01-05 10:09:30,0,0,3515,81559,117.00,32
2026-01-05 10:09:40,0,0,3515,81559,116.98,32
2026-01-05 10:09:50,0,0,3515,81559,120.41,32
2026-01-05 10:10:00,0,0,3515,81559,126.95,36
2026-01-05 10:10:10,0,0,3515,81559,117.00,32
2026-01-05 10:10:20,0,0,3515,81559,152.61,34
2026-01-05 10:10:30,0,0,3515,81559,127.31,33
2026-01-05 10:10:40,0,0,3515,81559,116.38,32
2026-01-05 10:10:50,0,0,3515,81559,151.61,33
2026-01-05 10:11:00,0,0,3515,81559,126.77,32
2026-01-05 10:11:11,0,0,3515,81559,116.21,32
2026-01-05 10:11:21,0,0,3515,81559,117.10,32
2026-01-05 10:11:31,0,0,3515,81559,117.07,32
2026-01-05 10:11:41,0,0,3515,81559,116.21,32
2026-01-05 10:11:51,0,0,3515,81559,116.25,32
2026-01-05 10:12:01,0,0,3515,81559,117.04,32
2026-01-05 10:12:11,0,0,3515,81559,116.19,32
2026-01-05 10:12:21,0,0,3515,81559,116.39,32
2026-01-05 10:12:31,0,0,3515,81559,116.96,32
2026-01-05 10:12:41,0,0,3515,81559,116.66,32
2026-01-05 10:12:51,0,0,3515,81559,116.29,32
2026-01-05 10:13:01,0,0,3515,81559,116.25,32
2026-01-05 10:13:11,0,0,3515,81559,150.47,33
2026-01-05 10:13:21,0,0,3515,81559,116.88,32
2026-01-05 10:13:31,0,0,3515,81559,116.99,32
2026-01-05 10:13:41,0,0,3515,81559,149.86,33
2026-01-05 10:13:51,0,0,3515,81559,116.07,32
2026-01-05 10:14:01,0,0,3515,81559,116.14,32
2026-01-05 10:14:11,0,0,3515,81559,149.76,32
2026-01-05 10:14:21,0,0,3515,81559,116.88,32
2026-01-05 10:14:31,0,0,3515,81559,116.90,32
2026-01-05 10:14:41,0,0,3515,81559,117.04,32
2026-01-05 10:14:51,0,0,3515,81559,116.14,32
2026-01-05 10:15:02,0,0,3515,81559,117.00,32
2026-01-05 10:15:12,0,0,3515,81559,116.22,32
2026-01-05 10:15:22,30,10,3515,81559,128.37,33
2026-01-05 10:15:32,0,0,3515,81559,116.21,32
2026-01-05 10:15:42,0,0,3515,81559,116.15,32
2026-01-05 10:15:52,0,0,3515,81559,126.23,33
2026-01-05 10:16:02,0,0,3515,81559,116.15,32
2026-01-05 10:16:12,0,0,3515,81559,116.22,32
2026-01-05 10:16:22,0,0,3515,81559,129.38,32
2026-01-05 10:16:32,0,0,3515,81559,116.15,32
2026-01-05 10:16:42,0,0,3515,81559,116.92,32
2026-01-05 10:16:52,0,0,3515,81559,127.08,32
2026-01-05 10:17:02,85,28,3515,81559,149.29,35
2026-01-05 10:17:12,0,0,3515,81559,116.14,32
2026-01-05 10:17:22,0,0,3515,81559,127.00,32
2026-01-05 10:17:32,0,0,3515,81559,151.07,33
2026-01-05 10:17:42,0,0,3515,81559,116.17,32
2026-01-05 10:17:52,0,0,3515,81559,118.97,32
2026-01-05 10:18:02,0,0,3515,81559,152.03,33
2026-01-05 10:18:12,0,0,3515,81559,116.92,32
2026-01-05 10:18:22,0,0,3515,81559,116.45,32
2026-01-05 10:18:32,0,0,3515,81559,116.25,32
2026-01-05 10:18:43,0,0,3515,81559,116.17,32
2026-01-05 10:18:53,0,0,3515,81559,116.92,32
2026-01-05 10:19:03,0,0,3515,81559,116.83,32
2026-01-05 10:19:13,0,0,3515,81559,116.12,32
2026-01-05 10:19:23,0,0,3515,81559,116.87,32
2026-01-05 10:19:33,0,0,3515,81559,116.99,32
2026-01-05 10:19:43,0,0,3515,81559,116.27,32
2026-01-05 10:19:53,0,0,3515,81559,116.16,32
2026-01-05 10:20:03,0,0,3515,81559,116.91,32
2026-01-05 10:20:13,0,0,3515,81559,127.08,32
2026-01-05 10:20:23,0,0,3515,81559,116.14,32
2026-01-05 10:20:33,0,0,3515,81559,116.87,32
2026-01-05 10:20:43,0,0,3515,81559,117.00,32
2026-01-05 10:20:53,0,0,3515,81559,116.15,32
2026-01-05 10:21:03,0,0,3515,81559,116.90,32
2026-01-05 10:21:13,0,0,3515,81559,116.99,32
2026-01-05 10:21:23,0,0,3515,81559,116.90,32
2026-01-05 10:21:33,0,0,3515,81559,116.86,32
2026-01-05 10:21:43,0,0,3515,81559,116.92,32
2026-01-05 10:21:53,0,0,3515,81559,150.57,34
2026-01-05 10:22:03,0,0,3515,81559,116.90,32
2026-01-05 10:22:13,0,0,3515,81559,117.00,32
2026-01-05 10:22:23,0,0,3515,81559,150.00,33
2026-01-05 10:22:34,0,0,3515,81559,128.24,33
2026-01-05 10:22:44,0,0,3515,81559,116.90,32
2026-01-05 10:22:54,0,0,3515,81559,152.74,33
2026-01-05 10:23:04,0,0,3515,81559,127.39,33
2026-01-05 10:23:14,0,0,3515,81559,116.93,32
2026-01-05 10:23:24,0,0,3515,81559,122.49,32
2026-01-05 10:23:34,0,0,3515,81559,129.59,32
2026-01-05 10:23:44,0,0,3515,81559,116.14,32
2026-01-05 10:23:54,0,0,3515,81559,117.28,32
2026-01-05 10:24:04,0,0,3515,81559,119.17,32
2026-01-05 10:24:14,0,0,3515,81559,116.94,32
2026-01-05 10:24:24,0,0,3515,81559,117.02,32
2026-01-05 10:24:34,0,0,3515,81559,116.97,32
2026-01-05 10:24:44,0,0,3515,81559,116.89,32
2026-01-05 10:24:54,0,0,3515,81559,116.39,32
2026-01-05 10:25:04,0,0,3515,81559,116.32,32
2026-01-05 10:25:14,0,0,3515,81559,116.35,32
2026-01-05 10:25:24,0,0,3515,81559,116.94,32
2026-01-05 10:25:34,0,0,3515,81559,116.93,32
2026-01-05 10:25:44,0,0,3515,81559,116.16,32
2026-01-05 10:25:54,0,0,3515,81559,115.57,32
2026-01-05 10:26:04,0,0,3515,81559,116.89,32
2026-01-05 10:26:14,0,0,3515,81559,116.18,32
2026-01-05 10:26:25,0,0,3515,81559,116.34,32
2026-01-05 10:26:35,0,0,3515,81559,116.34,32
2026-01-05 10:26:45,0,0,3515,81559,151.44,32
2026-01-05 10:26:55,0,0,3515,81559,116.90,32
2026-01-05 10:27:05,0,0,3515,81559,116.20,32
2026-01-05 10:27:15,0,0,3515,81559,150.39,33
2026-01-05 10:27:25,0,0,3515,81559,116.94,32
2026-01-05 10:27:35,0,0,3515,81559,116.99,32
2026-01-05 10:27:45,0,0,3515,81559,118.15,32
2026-01-05 10:27:55,0,0,3515,81559,116.90,32
2026-01-05 10:28:05,0,0,3515,81559,116.38,32
2026-01-05 10:28:15,0,0,3515,81559,116.45,32
2026-01-05 10:28:25,0,0,3515,81559,127.03,32
2026-01-05 10:28:35,0,0,3515,81559,116.13,32
2026-01-05 10:28:45,0,0,3515,81559,116.95,32
2026-01-05 10:28:55,0,0,3515,81559,116.45,32
2026-01-05 10:29:05,0,0,3515,81559,116.12,32
2026-01-05 10:29:15,0,0,3515,81559,116.17,32
2026-01-05 10:29:25,0,0,3515,81559,116.88,32
2026-01-05 10:29:35,76,26,3515,81559,152.37,37
2026-01-05 10:29:45,0,0,3515,81559,116.87,32
2026-01-05 10:29:55,0,0,3515,81559,116.28,32
2026-01-05 10:30:05,0,0,3515,81559,150.96,33
2026-01-05 10:30:16,0,0,3515,81559,116.87,32
2026-01-05 10:30:26,0,0,3515,81559,116.81,32
2026-01-05 10:30:36,0,0,3515,81559,144.35,32
2026-01-05 10:30:46,0,0,3515,81559,116.86,32
2026-01-05 10:30:56,0,0,3515,81559,116.81,32
2026-01-05 10:31:06,0,0,3515,81559,116.97,32
2026-01-05 10:31:16,5,1,3515,81559,129.21,36
2026-01-05 10:31:26,0,0,3515,81559,116.87,32
2026-01-05 10:31:36,0,0,3515,81559,116.13,32
2026-01-05 10:31:46,0,0,3515,81559,128.75,32
2026-01-05 10:31:56,0,0,3515,81559,116.81,32
2026-01-05 10:32:06,0,0,3515,81559,116.10,32
2026-01-05 10:32:16,0,0,3515,81559,128.80,32
2026-01-05 10:32:26,0,0,3515,81559,116.84,32
2026-01-05 10:32:36,0,0,3515,81559,116.33,32
2026-01-05 10:32:46,0,0,3515,81559,116.10,32
2026-01-05 10:32:56,0,0,3515,81559,153.04,33
2026-01-05 10:33:06,0,0,3515,81559,116.40,32
2026-01-05 10:33:16,0,0,3515,81559,116.18,32
2026-01-05 10:33:26,0,0,3515,81559,149.97,32
2026-01-05 10:33:36,29,10,3515,81559,127.78,33
2026-01-05 10:33:46,0,0,3515,81559,116.32,32
2026-01-05 10:33:56,0,0,3515,81559,116.41,32
2026-01-05 10:34:07,0,0,3515,81559,128.46,32
2026-01-05 10:34:17,0,0,3515,81559,116.27,32
2026-01-05 10:34:27,0,0,3515,81559,116.40,32
2026-01-05 10:34:37,0,0,3515,81559,116.19,32
2026-01-05 10:34:47,0,0,3515,81559,116.84,32
2026-01-05 10:34:57,0,0,3515,81559,116.89,32
2026-01-05 10:35:07,0,0,3515,81559,116.16,32
2026-01-05 10:35:17,0,0,3515,81559,115.53,32
2026-01-05 10:35:27,0,0,3515,81559,116.20,32
2026-01-05 10:35:37,0,0,3515,81559,115.56,32
2026-01-05 10:35:47,0,0,3515,81559,150.32,33
2026-01-05 10:35:57,0,0,3515,81559,116.92,32
2026-01-05 10:36:07,0,0,3515,81559,116.83,32
2026-01-05 10:36:17,0,0,3515,81559,121.30,32
2026-01-05 10:36:27,0,0,3515,81559,128.45,32
2026-01-05 10:36:37,0,0,3515,81559,116.88,32
2026-01-05 10:36:47,0,0,3515,81559,117.01,32
2026-01-05 10:36:57,0,0,3515,81559,128.13,32
2026-01-05 10:37:07,0,0,3515,81559,116.11,32
2026-01-05 10:37:17,0,0,3515,81559,116.27,32
2026-01-05 10:37:27,0,0,3515,81559,116.43,32
2026-01-05 10:37:37,0,0,3515,81559,116.30,32
2026-01-05 10:37:47,0,0,3515,81559,116.43,32
2026-01-05 10:37:58,0,0,3515,81559,117.00,32
2026-01-05 10:38:08,0,0,3515,81559,116.18,32
2026-01-05 10:38:18,0,0,3515,81559,116.18,32
2026-01-05 10:38:28,0,0,3515,81559,116.39,32
2026-01-05 10:38:38,0,0,3515,81559,116.13,32
2026-01-05 10:38:48,30,10,3515,81559,129.08,33
2026-01-05 10:38:58,0,0,3515,81559,116.94,32
2026-01-05 10:39:08,0,0,3515,81559,153.75,33
2026-01-05 10:39:18,0,0,3515,81559,127.61,32
2026-01-05 10:39:28,0,0,3515,81559,116.93,32
2026-01-05 10:39:38,0,0,3515,81559,152.05,32
2026-01-05 10:39:48,0,0,3515,81559,116.87,32
2026-01-05 10:39:58,0,0,3515,81559,116.17,32
2026-01-05 10:40:08,0,0,3515,81559,150.59,32
2026-01-05 10:40:18,0,0,3515,81559,116.90,32
2026-01-05 10:40:28,0,0,3515,81559,116.35,32
2026-01-05 10:40:38,0,0,3515,81559,116.08,32
2026-01-05 10:40:48,0,0,3515,81559,116.87,32
2026-01-05 10:40:58,0,0,3515,81559,116.00,32
2026-01-05 10:41:08,0,0,3515,81559,116.27,32
2026-01-05 10:41:18,0,0,3515,81559,116.27,32
2026-01-05 10:41:28,0,0,3515,81559,116.21,32
2026-01-05 10:41:38,0,0,3515,81559,116.03,32
2026-01-05 10:41:49,0,0,3515,81559,116.05,32
2026-01-05 10:41:59,0,0,3515,81559,115.99,32
2026-01-05 10:42:09,0,0,3515,81559,116.80,32
2026-01-05 10:42:19,0,0,3515,81559,116.02,32
2026-01-05 10:42:29,0,0,3515,81559,116.72,32
2026-01-05 10:42:39,0,0,3515,81559,126.65,32
2026-01-05 10:42:49,0,0,3515,81559,116.77,32
2026-01-05 10:42:59,0,0,3515,81559,152.25,32
2026-01-05 10:43:09,0,0,3515,81559,129.11,32
2026-01-05 10:43:19,0,0,3515,81559,116.83,32
2026-01-05 10:43:29,0,0,3515,81559,149.86,32
2026-01-05 10:43:39,0,0,3515,81559,128.78,32
2026-01-05 10:43:49,0,0,3515,81559,116.78,32
2026-01-05 10:43:59,0,0,3515,81559,128.84,32
2026-01-05 10:44:09,0,0,3515,81559,116.90,32
2026-01-05 10:44:19,0,0,3515,81559,116.25,32
2026-01-05 10:44:29,0,0,3515,81559,117.00,32
2026-01-05 10:44:39,0,0,3515,81559,116.24,32
2026-01-05 10:44:49,0,0,3515,81559,116.85,32
2026-01-05 10:44:59,0,0,3515,81559,116.16,32
2026-01-05 10:45:09,0,0,3515,81559,116.82,32
2026-01-05 10:45:19,0,0,3515,81559,116.60,32
2026-01-05 10:45:29,0,0,3515,81559,116.09,32
2026-01-05 10:45:40,0,0,3515,81559,116.17,32
2026-01-05 10:45:50,0,0,3515,81559,116.24,32
2026-01-05 10:46:00,0,0,3515,81559,116.24,32
2026-01-05 10:46:10,0,0,3515,81559,116.26,32
2026-01-05 10:46:20,0,0,3515,81559,116.06,32
2026-01-05 10:46:30,0,0,3515,81559,116.22,32
2026-01-05 10:46:40,0,0,3515,81559,116.25,32
2026-01-05 10:46:50,0,0,3515,81559,148.76,33
2026-01-05 10:47:00,0,0,3515,81559,127.99,32
2026-01-05 10:47:10,0,0,3515,81559,116.25,32
2026-01-05 10:47:20,0,0,3515,81559,150.84,32
2026-01-05 10:47:30,0,0,3515,81559,128.63,32
2026-01-05 10:47:40,0,0,3515,81559,116.09,32
2026-01-05 10:47:50,0,0,3515,81559,148.91,32
2026-01-05 10:48:00,0,0,3515,81559,128.89,32
2026-01-05 10:48:10,0,0,3515,81559,116.84,32
2026-01-05 10:48:20,0,0,3515,81559,116.87,32
2026-01-05 10:48:30,0,0,3515,81559,128.88,32
2026-01-05 10:48:40,0,0,3515,81559,116.84,32
2026-01-05 10:48:50,0,0,3515,81559,116.85,32
2026-01-05 10:49:00,0,0,3515,81559,117.03,32
2026-01-05 10:49:11,0,0,3515,81559,116.85,32
2026-01-05 10:49:21,0,0,3515,81559,116.86,32
2026-01-05 10:49:31,0,0,3515,81559,116.81,32
2026-01-05 10:49:41,0,0,3515,81559,116.78,32
2026-01-05 10:49:51,0,0,3515,81559,116.85,32
2026-01-05 10:50:01,0,0,3515,81559,116.09,32
2026-01-05 10:50:11,0,0,3515,81559,116.88,32
2026-01-05 10:50:21,0,0,3515,81559,116.11,32
2026-01-05 10:50:31,0,0,3515,81559,116.06,32
2026-01-05 10:50:41,45,15,3515,81559,153.05,34
2026-01-05 10:50:51,0,0,3515,81559,119.45,32
2026-01-05 10:51:01,0,0,3515,81559,116.87,32
2026-01-05 10:51:11,0,0,3515,81559,151.30,35
2026-01-05 10:51:21,0,0,3515,81559,127.31,32
2026-01-05 10:51:31,0,0,3515,81559,116.85,32
2026-01-05 10:51:41,0,0,3515,81559,152.45,33
2026-01-05 10:51:51,0,0,3515,81559,129.35,32
2026-01-05 10:52:01,0,0,3515,81559,116.18,32
2026-01-05 10:52:11,0,0,3515,81559,151.31,32
2026-01-05 10:52:21,0,0,3515,81559,116.31,32
2026-01-05 10:52:31,0,0,3515,81559,116.28,32
2026-01-05 10:52:41,0,0,3515,81559,150.86,32
2026-01-05 10:52:51,0,0,3515,81559,116.29,32
2026-01-05 10:53:02,0,0,3515,81559,116.06,32
2026-01-05 10:53:12,0,0,3515,81559,152.44,32
2026-01-05 10:53:22,0,0,3515,81559,116.05,32
2026-01-05 10:53:32,0,0,3515,81559,116.82,32
2026-01-05 10:53:42,0,0,3515,81559,116.11,32
2026-01-05 10:53:52,0,0,3515,81559,116.06,32
2026-01-05 10:54:02,0,0,3515,81559,116.28,32
2026-01-05 10:54:12,0,0,3515,81559,116.38,32
2026-01-05 10:54:22,0,0,3515,81559,116.24,32
2026-01-05 10:54:32,0,0,3515,81559,116.29,32
2026-01-05 10:54:42,10,3,3515,81559,126.41,32
2026-01-05 10:54:52,0,0,3515,81559,116.07,32
2026-01-05 10:55:02,0,0,3515,81559,116.14,32
2026-01-05 10:55:12,0,0,3515,81559,128.42,32
2026-01-05 10:55:22,0,0,3515,81559,116.89,32
2026-01-05 10:55:32,0,0,3515,81559,116.82,32
2026-01-05 10:55:42,0,0,3515,81559,126.92,32
2026-01-05 10:55:52,0,0,3515,81559,116.83,32
2026-01-05 10:56:02,0,0,3515,81559,116.14,32
2026-01-05 10:56:12,0,0,3515,81559,128.60,32
2026-01-05 10:56:22,0,0,3515,81559,116.30,32
2026-01-05 10:56:32,0,0,3515,81559,116.09,32
2026-01-05 10:56:42,0,0,3515,81559,128.89,32
2026-01-05 10:56:53,0,0,3515,81559,116.08,32
2026-01-05 10:57:03,0,0,3515,81559,116.24,32
2026-01-05 10:57:13,0,0,3515,81559,116.90,32
2026-01-05 10:57:23,0,0,3515,81559,116.83,32
2026-01-05 10:57:33,0,0,3515,81559,152.48,33
2026-01-05 10:57:43,0,0,3515,81559,116.90,32
2026-01-05 10:57:53,0,0,3515,81559,116.83,32
2026-01-05 10:58:03,0,0,3515,81559,152.85,32
2026-01-05 10:58:13,0,0,3515,81559,116.60,32
2026-01-05 10:58:23,0,0,3515,81559,116.72,32
2026-01-05 10:58:33,0,0,3515,81559,151.47,32
2026-01-05 10:58:43,0,0,3515,81559,116.84,32
2026-01-05 10:58:53,0,0,3515,81559,115.45,32
2026-01-05 10:59:03,0,0,3515,81559,116.92,32
2026-01-05 10:59:13,0,0,3515,81559,116.85,32
2026-01-05 10:59:23,0,0,3515,81559,116.82,32
2026-01-05 10:59:33,0,0,3515,81559,116.84,32
2026-01-05 10:59:43,0,0,3515,81559,116.84,32
2026-01-05 10:59:53,0,0,3515,81559,116.82,32
2026-01-05 11:00:03,0,0,3515,81559,116.83,32
2026-01-05 11:00:13,0,0,3515,81559,116.85,32
2026-01-05 11:00:23,0,0,3515,81559,116.88,32
2026-01-05 11:00:33,0,0,3515,81559,116.88,32
2026-01-05 11:00:44,0,0,3515,81559,116.87,32
2026-01-05 11:00:54,0,0,3515,81559,152.92,33
2026-01-05 11:01:04,1,0,3515,81559,127.81,33
2026-01-05 11:01:14,0,0,3515,81559,116.77,32
2026-01-05 11:01:24,0,0,3515,81559,151.96,32
2026-01-05 11:01:34,0,0,3515,81559,127.84,32
2026-01-05 11:01:44,0,0,3515,81559,116.10,32
2026-01-05 11:01:54,0,0,3515,81559,116.97,32
2026-01-05 11:02:04,0,0,3515,81559,117.99,32
2026-01-05 11:02:14,0,0,3515,81559,116.07,32
2026-01-05 11:02:24,0,0,3515,81559,116.10,32
2026-01-05 11:02:34,0,0,3515,81559,116.77,32
2026-01-05 11:02:44,17,6,3515,81559,150.49,34
2026-01-05 11:02:54,0,0,3515,81559,116.10,32
2026-01-05 11:03:04,0,0,3515,81559,116.06,32
2026-01-05 11:03:14,0,0,3515,81559,150.30,32
2026-01-05 11:03:24,0,0,3515,81559,116.76,32
2026-01-05 11:03:34,0,0,3515,81559,116.01,32
2026-01-05 11:03:44,0,0,3515,81559,116.87,32
2026-01-05 11:03:54,0,0,3515,81559,122.83,36
2026-01-05 11:04:04,0,0,3515,81559,116.73,32
2026-01-05 11:04:14,0,0,3515,81559,116.89,32
2026-01-05 11:04:25,0,0,3515,81559,127.25,32
2026-01-05 11:04:35,0,0,3515,81559,116.08,32
2026-01-05 11:04:45,0,0,3515,81559,116.09,32
2026-01-05 11:04:55,0,0,3515,81559,116.11,32
2026-01-05 11:05:05,0,0,3515,81559,116.00,32
2026-01-05 11:05:15,0,0,3515,81559,116.81,32
2026-01-05 11:05:25,0,0,3515,81559,116.07,32
2026-01-05 11:05:35,22,8,3515,81559,151.15,34
2026-01-05 11:05:45,0,0,3515,81559,116.84,32
2026-01-05 11:05:55,0,0,3515,81559,115.98,32
2026-01-05 11:06:05,0,0,3515,81559,150.37,33
2026-01-05 11:06:15,0,0,3515,81559,116.08,32
2026-01-05 11:06:25,0,0,3515,81559,116.76,32
2026-01-05 11:06:35,0,0,3515,81559,118.65,32
2026-01-05 11:06:45,0,0,3515,81559,127.01,32
2026-01-05 11:06:55,0,0,3515,81559,116.79,32
2026-01-05 11:07:05,0,0,3515,81559,116.88,32
2026-01-05 11:07:15,0,0,3515,81559,128.53,32
2026-01-05 11:07:25,0,0,3515,81559,116.79,32
2026-01-05 11:07:35,0,0,3515,81559,116.89,32
2026-01-05 11:07:45,0,0,3515,81559,116.33,32
2026-01-05 11:07:55,0,0,3515,81559,116.20,32
2026-01-05 11:08:05,0,0,3515,81559,116.23,32
2026-01-05 11:08:15,0,0,3515,81559,116.31,32
2026-01-05 11:08:26,0,0,3515,81559,125.57,32
2026-01-05 11:08:36,0,0,3515,81559,116.10,32
2026-01-05 11:08:46,0,0,3515,81559,116.19,32
2026-01-05 11:08:56,0,0,3515,81559,151.16,32
2026-01-05 11:09:06,0,0,3515,81559,116.22,32
2026-01-05 11:09:16,0,0,3515,81559,116.82,32
2026-01-05 11:09:26,0,0,3515,81559,136.55,32
2026-01-05 11:09:36,16,6,3515,81559,126.15,33
2026-01-05 11:09:46,0,0,3515,81559,116.08,32
2026-01-05 11:09:56,0,0,3515,81559,116.91,32
2026-01-05 11:10:06,0,0,3515,81559,126.61,32
2026-01-05 11:10:16,0,0,3515,81559,116.26,32
2026-01-05 11:10:26,0,0,3515,81559,116.11,32
2026-01-05 11:10:36,0,0,3515,81559,116.23,32
2026-01-05 11:10:46,0,0,3515,81559,116.90,32
2026-01-05 11:10:56,0,0,3515,81559,116.89,32
2026-01-05 11:11:06,0,0,3515,81559,116.31,32
2026-01-05 11:11:16,0,0,3515,81559,116.86,32
2026-01-05 11:11:26,0,0,3515,81559,116.88,32
2026-01-05 11:11:36,0,0,3515,81559,116.90,32
2026-01-05 11:11:46,0,0,3515,81559,116.92,32
2026-01-05 11:11:56,0,0,3515,81559,116.13,32
2026-01-05 11:12:06,0,0,3515,81559,116.16,32
2026-01-05 11:12:17,36,12,3515,81559,148.32,39
2026-01-05 11:12:27,0,0,3515,81559,116.08,32
2026-01-05 11:12:37,0,0,3515,81559,116.12,32
2026-01-05 11:12:47,0,0,3515,81559,151.42,33
2026-01-05 11:12:57,0,0,3515,81559,116.85,32
2026-01-05 11:13:07,0,0,3515,81559,116.28,32
2026-01-05 11:13:17,0,0,3515,81559,149.58,32
2026-01-05 11:13:27,0,0,3515,81559,128.95,32
2026-01-05 11:13:37,0,0,3515,81559,116.05,32
2026-01-05 11:13:47,0,0,3515,81559,116.88,32
2026-01-05 11:13:57,0,0,3515,81559,116.85,32
2026-01-05 11:14:07,0,0,3515,81559,115.96,32
2026-01-05 11:14:17,0,0,3515,81559,116.81,32
2026-01-05 11:14:27,0,0,3515,81559,116.81,32
2026-01-05 11:14:37,0,0,3515,81559,116.75,32
2026-01-05 11:14:47,0,0,3515,81559,116.76,32
2026-01-05 11:14:57,0,0,3515,81559,116.28,32
2026-01-05 11:15:07,0,0,3515,81559,116.19,32
2026-01-05 11:15:17,0,0,3515,81559,116.80,32
2026-01-05 11:15:27,0,0,3515,81559,116.79,32
2026-01-05 11:15:37,0,0,3515,81559,116.74,32
2026-01-05 11:15:47,0,0,3515,81559,116.74,32
2026-01-05 11:15:57,0,0,3515,81559,116.78,32
2026-01-05 11:16:07,0,0,3515,81559,150.47,32
2026-01-05 11:16:18,0,0,3515,81559,127.79,32
2026-01-05 11:16:28,0,0,3515,81559,116.80,32
2026-01-05 11:16:38,0,0,3515,81559,128.43,32
2026-01-05 11:16:48,0,0,3515,81559,129.68,32
2026-01-05 11:16:58,0,0,3515,81559,116.78,32
2026-01-05 11:17:08,0,0,3515,81559,117.19,32
2026-01-05 11:17:18,0,0,3515,81559,116.26,32
2026-01-05 11:17:28,0,0,3515,81559,116.25,32
2026-01-05 11:17:38,0,0,3515,81559,116.89,32
2026-01-05 11:17:48,0,0,3515,81559,116.23,32
2026-01-05 11:17:58,0,0,3515,81559,116.04,32
2026-01-05 11:18:08,0,0,3515,81559,116.11,32
2026-01-05 11:18:18,0,0,3515,81559,116.21,32
2026-01-05 11:18:28,0,0,3515,81559,116.78,32
2026-01-05 11:18:38,0,0,3515,81559,116.83,32
2026-01-05 11:18:48,0,0,3515,81559,116.80,32
2026-01-05 11:18:58,0,0,3515,81559,116.76,32
2026-01-05 11:19:08,0,0,3515,81559,116.77,32
2026-01-05 11:19:18,0,0,3515,81559,116.84,32
2026-01-05 11:19:28,2,1,3515,81559,151.45,33
2026-01-05 11:19:38,0,0,3515,81559,116.81,32
2026-01-05 11:19:48,0,0,3515,81559,116.76,32
2026-01-05 11:19:58,0,0,3515,81559,149.91,32
2026-01-05 11:20:09,15,5,3515,81559,126.90,34
2026-01-05 11:20:19,0,0,3515,81559,116.86,32
2026-01-05 11:20:29,0,0,3515,81559,117.21,32
2026-01-05 11:20:39,0,0,3515,81559,127.49,32
2026-01-05 11:20:49,0,0,3515,81559,116.77,32
2026-01-05 11:20:59,0,0,3515,81559,116.36,32
2026-01-05 11:21:09,0,0,3515,81559,128.54,32
2026-01-05 11:21:19,0,0,3515,81559,116.24,32
2026-01-05 11:21:29,0,0,3515,81559,116.05,32
2026-01-05 11:21:39,0,0,3515,81559,116.15,32
2026-01-05 11:21:49,0,0,3515,81559,116.13,32
2026-01-05 11:21:59,0,0,3515,81559,116.02,32
2026-01-05 11:22:09,0,0,3515,81559,115.90,32
2026-01-05 11:22:19,0,0,3515,81559,115.96,32
2026-01-05 11:22:29,9,2,3515,81559,128.16,35
2026-01-05 11:22:39,0,0,3515,81559,116.70,32
2026-01-05 11:22:49,39,13,3515,81559,148.64,39
2026-01-05 11:22:59,0,0,3515,81559,128.96,32
2026-01-05 11:23:09,0,0,3515,81559,116.65,32
2026-01-05 11:23:19,10,3,3515,81559,150.33,37
2026-01-05 11:23:29,0,0,3515,81559,127.23,32
2026-01-05 11:23:39,0,0,3515,81559,116.12,32
2026-01-05 11:23:49,0,0,3515,81559,150.44,33
2026-01-05 11:23:59,0,0,3515,81559,116.24,32
2026-01-05 11:24:10,0,0,3515,81559,115.99,32
2026-01-05 11:24:20,0,0,3515,81559,150.53,32
2026-01-05 11:24:30,0,0,3515,81559,116.82,32
2026-01-05 11:24:40,0,0,3515,81559,116.76,32
2026-01-05 11:24:50,0,0,3515,81559,116.94,32
2026-01-05 11:25:00,0,0,3515,81559,116.76,32
2026-01-05 11:25:10,0,0,3515,81559,116.79,32
2026-01-05 11:25:20,0,0,3515,81559,126.57,36
2026-01-05 11:25:30,0,0,3515,81559,115.50,32
2026-01-05 11:25:40,0,0,3515,81559,116.85,32
2026-01-05 11:25:50,0,0,3515,81559,127.63,32
2026-01-05 11:26:00,0,0,3515,81559,116.05,32
2026-01-05 11:26:10,0,0,3515,81559,116.78,32
2026-01-05 11:26:20,0,0,3515,81559,128.73,32
2026-01-05 11:26:30,0,0,3515,81559,116.87,32
2026-01-05 11:26:40,0,0,3515,81559,116.26,32
2026-01-05 11:26:50,0,0,3515,81559,116.40,32
2026-01-05 11:27:00,0,0,3515,81559,116.23,32
2026-01-05 11:27:10,0,0,3515,81559,151.32,32
2026-01-05 11:27:20,0,0,3515,81559,116.69,32
2026-01-05 11:27:30,0,0,3515,81559,116.03,32
2026-01-05 11:27:40,0,0,3515,81559,129.98,32
2026-01-05 11:27:50,0,0,3515,81559,116.07,32
2026-01-05 11:28:00,0,0,3515,81559,116.73,32
2026-01-05 11:28:10,0,0,3515,81559,116.94,32
2026-01-05 11:28:20,0,0,3515,81559,116.80,32
2026-01-05 11:28:30,0,0,3515,81559,116.09,32
2026-01-05 11:28:41,0,0,3515,81559,116.87,32
2026-01-05 11:28:51,0,0,3515,81559,115.46,32
2026-01-05 11:29:01,0,0,3515,81559,116.17,32
2026-01-05 11:29:11,0,0,3515,81559,116.93,32
2026-01-05 11:29:21,0,0,3515,81559,116.11,32
2026-01-05 11:29:31,0,0,3515,81559,116.08,32
2026-01-05 11:29:41,0,0,3515,81559,116.89,32
2026-01-05 11:29:51,0,0,3515,81559,116.86,32
2026-01-05 11:30:01,0,0,3515,81559,116.90,32
2026-01-05 11:30:11,0,0,3515,81559,127.39,33
2026-01-05 11:30:21,0,0,3515,81559,116.11,32
2026-01-05 11:30:31,49,17,3515,81559,151.56,39
2026-01-05 11:30:41,17,6,3515,81559,127.04,33
2026-01-05 11:30:51,0,0,3515,81559,116.82,32
2026-01-05 11:31:01,0,0,3515,81559,149.95,32
2026-01-05 11:31:11,0,0,3515,81559,128.96,32
2026-01-05 11:31:21,0,0,3515,81559,116.80,32
2026-01-05 11:31:31,0,0,3515,81559,117.11,32
2026-01-05 11:31:41,0,0,3515,81559,127.84,32
2026-01-05 11:31:51,0,0,3515,81559,116.82,32
2026-01-05 11:32:01,0,0,3515,81559,116.48,32
2026-01-05 11:32:11,0,0,3515,81559,127.88,32
2026-01-05 11:32:21,0,0,3515,81559,116.26,32
2026-01-05 11:32:31,0,0,3515,81559,116.94,32
2026-01-05 11:32:41,0,0,3515,81559,117.02,32
2026-01-05 11:32:51,0,0,3515,81559,116.75,32
2026-01-05 11:33:01,0,0,3515,81559,116.14,32
2026-01-05 11:33:11,0,0,3515,81559,116.14,32
2026-01-05 11:33:21,0,0,3515,81559,116.04,32
2026-01-05 11:33:31,0,0,3515,81559,116.28,32
2026-01-05 11:33:42,0,0,3515,81559,116.20,32
2026-01-05 11:33:52,0,0,3515,81559,127.17,32
2026-01-05 11:34:02,0,0,3515,81559,115.44,32
2026-01-05 11:34:12,0,0,3515,81559,116.80,32
2026-01-05 11:34:22,0,0,3515,81559,152.37,32
2026-01-05 11:34:32,0,0,3515,81559,116.04,32
2026-01-05 11:34:42,0,0,3515,81559,115.97,32
2026-01-05 11:34:52,0,0,3515,81559,116.89,32
2026-01-05 11:35:02,0,0,3515,81559,116.77,32
2026-01-05 11:35:12,0,0,3515,81559,116.15,32
2026-01-05 11:35:22,0,0,3515,81559,116.78,32
2026-01-05 11:35:32,0,0,3515,81559,127.62,32
2026-01-05 11:35:42,0,0,3515,81559,116.68,32
2026-01-05 11:35:52,0,0,3515,81559,116.04,32
2026-01-05 11:36:02,0,0,3515,81559,128.61,32
2026-01-05 11:36:12,0,0,3515,81559,115.94,32
2026-01-05 11:36:22,0,0,3515,81559,116.82,32
2026-01-05 11:36:32,0,0,3515,81559,126.62,32
2026-01-05 11:36:42,0,0,3515,81559,116.08,32
2026-01-05 11:36:52,0,0,3515,81559,116.19,32
2026-01-05 11:37:02,0,0,3515,81559,116.05,32
2026-01-05 11:37:12,89,30,3515,81559,151.39,35
2026-01-05 11:37:22,0,0,3515,81559,116.79,32
2026-01-05 11:37:32,0,0,3515,81559,116.76,32
2026-01-05 11:37:42,83,28,3515,81559,149.48,35
2026-01-05 11:37:52,0,0,3515,81559,116.05,32
2026-01-05 11:38:02,0,0,3515,81559,116.78,32
2026-01-05 11:38:12,11,4,3515,81559,151.63,36
2026-01-05 11:38:22,0,0,3515,81559,116.02,32
2026-01-05 11:38:32,0,0,3515,81559,116.75,32
2026-01-05 11:38:42,0,0,3515,81559,151.59,33
2026-01-05 11:38:53,0,0,3515,81559,116.02,32
2026-01-05 11:39:03,0,0,3515,81559,115.96,32
2026-01-05 11:39:13,0,0,3515,81559,150.83,32
2026-01-05 11:39:23,0,0,3515,81559,117.74,32
2026-01-05 11:39:33,0,0,3515,81559,115.94,32
2026-01-05 11:39:43,0,0,3515,81559,149.24,32
2026-01-05 11:39:53,0,0,3515,81559,116.03,32
2026-01-05 11:40:03,0,0,3515,81559,116.31,32
2026-01-05 11:40:13,0,0,3515,81559,116.31,32
2026-01-05 11:40:23,0,0,3515,81559,127.11,32
2026-01-05 11:40:33,0,0,3515,81559,116.72,32
2026-01-05 11:40:43,0,0,3515,81559,116.81,32
2026-01-05 11:40:53,0,0,3515,81559,127.22,32
2026-01-05 11:41:03,0,0,3515,81559,116.69,32
2026-01-05 11:41:13,0,0,3515,81559,116.83,32
2026-01-05 11:41:23,0,0,3515,81559,128.07,32
2026-01-05 11:41:33,0,0,3515,81559,116.07,32
2026-01-05 11:41:43,0,0,3515,81559,116.21,32
2026-01-05 11:41:53,0,0,3515,81559,128.51,32
2026-01-05 11:42:03,0,0,3515,81559,116.15,32
2026-01-05 11:42:13,0,0,3515,81559,116.24,32
2026-01-05 11:42:23,0,0,3515,81559,116.21,32
2026-01-05 11:42:33,0,0,3515,81559,116.07,32
2026-01-05 11:42:43,0,0,3515,81559,116.01,32
2026-01-05 11:42:53,0,0,3515,81559,116.69,32
2026-01-05 11:43:03,0,0,3515,81559,116.67,32
2026-01-05 11:43:13,0,0,3515,81559,116.76,32
2026-01-05 11:43:23,0,0,3515,81559,116.16,32
2026-01-05 11:43:33,0,0,3515,81559,116.12,32
2026-01-05 11:43:43,0,0,3515,81559,115.98,32
2026-01-05 11:43:53,0,0,3515,81559,115.92,32
2026-01-05 11:44:04,33,11,3515,81559,146.14,38
2026-01-05 11:44:14,0,0,3515,81559,116.80,32
2026-01-05 11:44:24,0,0,3515,81559,116.15,32
2026-01-05 11:44:34,0,0,3515,81559,151.08,32
2026-01-05 11:44:44,0,0,3515,81559,116.76,32
2026-01-05 11:44:54,0,0,3515,81559,115.96,32
2026-01-05 11:45:04,0,0,3515,81559,149.28,32
2026-01-05 11:45:14,30,10,3515,81559,128.71,33
2026-01-05 11:45:24,0,0,3515,81559,115.94,32
2026-01-05 11:45:34,0,0,3515,81559,116.18,32
2026-01-05 11:45:44,0,0,3515,81559,126.64,32
2026-01-05 11:45:54,0,0,3515,81559,115.95,32
2026-01-05 11:46:04,0,0,3515,81559,116.10,32
2026-01-05 11:46:14,0,0,3515,81559,126.64,32
2026-01-05 11:46:24,0,0,3515,81559,116.71,32
2026-01-05 11:46:34,0,0,3515,81559,116.77,32
2026-01-05 11:46:44,0,0,3515,81559,129.79,32
2026-01-05 11:46:54,14,4,3515,81559,147.52,37
2026-01-05 11:47:04,0,0,3515,81559,116.72,32
2026-01-05 11:47:14,0,0,3515,81559,128.95,32
2026-01-05 11:47:24,12,4,3515,81559,150.06,33
2026-01-05 11:47:34,0,0,3515,81559,116.75,32
2026-01-05 11:47:44,0,0,3515,81559,126.56,32
2026-01-05 11:47:54,0,0,3515,81559,149.93,32
2026-01-05 11:48:04,0,0,3515,81559,116.68,32
2026-01-05 11:48:14,0,0,3515,81559,116.75,32
2026-01-05 11:48:24,0,0,3515,81559,152.51,32
2026-01-05 11:48:34,0,0,3515,81559,115.97,32
2026-01-05 11:48:44,0,0,3515,81559,116.69,32
2026-01-05 11:48:54,0,0,3515,81559,153.26,32
2026-01-05 11:49:04,0,0,3515,81559,116.69,32
2026-01-05 11:49:14,0,0,3515,81559,116.67,32
2026-01-05 11:49:25,0,0,3515,81559,152.08,32
2026-01-05 11:49:35,0,0,3515,81559,115.93,32
2026-01-05 11:49:45,0,0,3515,81559,116.68,32
2026-01-05 11:49:55,0,0,3515,81559,153.15,32
2026-01-05 11:50:05,17,6,3515,81559,127.33,32
2026-01-05 11:50:15,0,0,3515,81559,115.97,32
2026-01-05 11:50:25,0,0,3515,81559,120.83,32
2026-01-05 11:50:35,0,0,3515,81559,126.80,32
2026-01-05 11:50:45,0,0,3515,81559,116.72,32
2026-01-05 11:50:55,0,0,3515,81559,142.05,32
2026-01-05 11:51:05,0,0,3515,81559,116.15,32
2026-01-05 11:51:15,0,0,3515,81559,116.78,32
2026-01-05 11:51:25,0,0,3515,81559,116.87,32
2026-01-05 11:51:35,0,0,3515,81559,116.24,32
2026-01-05 11:51:45,0,0,3515,81559,115.98,32
2026-01-05 11:51:55,0,0,3515,81559,116.85,32
2026-01-05 11:52:05,0,0,3515,81559,116.83,32
2026-01-05 11:52:15,0,0,3515,81559,116.78,32
2026-01-05 11:52:25,0,0,3515,81559,116.93,32
2026-01-05 11:52:35,0,0,3515,81559,116.85,32
2026-01-05 11:52:45,31,10,3515,81559,150.38,39
2026-01-05 11:52:55,0,0,3515,81559,126.10,32
2026-01-05 11:53:05,0,0,3515,81559,116.81,32
2026-01-05 11:53:15,0,0,3515,81559,149.62,32
2026-01-05 11:53:25,0,0,3515,81559,116.90,32
2026-01-05 11:53:35,0,0,3515,81559,115.39,32
2026-01-05 11:53:45,0,0,3515,81559,117.59,32
2026-01-05 11:53:55,0,0,3515,81559,116.78,32
2026-01-05 11:54:05,0,0,3515,81559,116.00,32
2026-01-05 11:54:15,0,0,3515,81559,116.07,32
2026-01-05 11:54:25,0,0,3515,81559,116.78,32
2026-01-05 11:54:36,0,0,3515,81559,116.59,32
2026-01-05 11:54:46,0,0,3515,81559,128.10,32
2026-01-05 11:54:56,0,0,3515,81559,116.78,32
2026-01-05 11:55:06,0,0,3515,81559,121.59,33
2026-01-05 11:55:16,0,0,3515,81559,129.03,32
2026-01-05 11:55:26,0,0,3515,81559,116.82,32
2026-01-05 11:55:36,0,0,3515,81559,151.20,33
2026-01-05 11:55:46,0,0,3515,81559,128.34,32
2026-01-05 11:55:56,0,0,3515,81559,116.78,32
2026-01-05 11:56:06,0,0,3515,81559,151.49,32
2026-01-05 11:56:16,0,0,3515,81559,116.07,32
2026-01-05 11:56:26,0,0,3515,81559,116.01,32
2026-01-05 11:56:36,0,0,3515,81559,151.01,32
2026-01-05 11:56:46,0,0,3515,81559,116.84,32
2026-01-05 11:56:56,0,0,3515,81559,116.70,32
2026-01-05 11:57:06,0,0,3515,81559,117.32,32
2026-01-05 11:57:16,0,0,3515,81559,115.96,32
2026-01-05 11:57:26,0,0,3515,81559,115.95,32
2026-01-05 11:57:36,0,0,3515,81559,116.78,32
2026-01-05 11:57:46,0,0,3515,81559,116.78,32
2026-01-05 11:57:56,0,0,3515,81559,116.69,32
2026-01-05 11:58:06,0,0,3515,81559,126.46,32
2026-01-05 11:58:16,0,0,3515,81559,116.68,32
2026-01-05 11:58:26,0,0,3515,81559,116.66,32
2026-01-05 11:58:36,0,0,3515,81559,128.95,32
2026-01-05 11:58:46,0,0,3515,81559,116.71,32
2026-01-05 11:58:56,0,0,3515,81559,115.89,32
2026-01-05 11:59:06,0,0,3515,81559,126.68,32
2026-01-05 11:59:16,0,0,3515,81559,116.69,32
2026-01-05 11:59:26,0,0,3515,81559,116.68,32
2026-01-05 11:59:36,0,0,3515,81559,116.75,32
2026-01-05 11:59:46,0,0,3515,81559,116.73,32
2026-01-05 11:59:57,0,0,3515,81559,150.45,32
2026-01-05 12:00:07,0,0,3515,81559,116.69,32
2026-01-05 12:00:17,0,0,3515,81559,115.94,32
2026-01-05 12:00:27,2,1,3515,81559,128.57,32
2026-01-05 12:00:37,0,0,3515,81559,116.74,32
2026-01-05 12:00:47,0,0,3515,81559,116.73,32
2026-01-05 12:00:57,0,0,3515,81559,129.54,32
2026-01-05 12:01:07,0,0,3515,81559,116.79,32
2026-01-05 12:01:17,0,0,3515,81559,116.72,32
2026-01-05 12:01:27,0,0,3515,81559,128.07,32
2026-01-05 12:01:37,0,0,3515,81559,116.13,32
2026-01-05 12:01:47,0,0,3515,81559,116.74,32
2026-01-05 12:01:57,0,0,3515,81559,127.82,32
2026-01-05 12:02:07,0,0,3515,81559,116.73,32
2026-01-05 12:02:17,0,0,3515,81559,134.75,35
2026-01-05 12:02:27,0,0,3515,81559,126.54,32
2026-01-05 12:02:37,0,0,3515,81559,116.74,32
2026-01-05 12:02:47,0,0,3515,81559,150.70,32
2026-01-05 12:02:57,0,0,3515,81559,125.51,32
2026-01-05 12:03:07,0,0,3515,81559,116.70,32
2026-01-05 12:03:18,0,0,3515,81559,149.94,32
2026-01-05 12:03:28,0,0,3515,81559,116.78,32
2026-01-05 12:03:38,0,0,3515,81559,115.97,32
2026-01-05 12:03:48,0,0,3515,81559,115.56,32
2026-01-05 12:03:58,0,0,3515,81559,116.72,32
2026-01-05 12:04:08,0,0,3515,81559,115.89,32
2026-01-05 12:04:18,0,0,3515,81559,116.68,32
2026-01-05 12:04:28,0,0,3515,81559,116.64,32
2026-01-05 12:04:38,0,0,3515,81559,115.26,32
2026-01-05 12:04:48,0,0,3515,81559,116.68,32
2026-01-05 12:04:58,0,0,3515,81559,116.36,32
2026-01-05 12:05:08,0,0,3515,81559,115.86,32
2026-01-05 12:05:18,0,0,3515,81559,116.71,32
2026-01-05 12:05:28,0,0,3515,81559,115.91,32
2026-01-05 12:05:38,0,0,3515,81559,115.91,32
2026-01-05 12:05:48,0,0,3515,81559,116.69,32
2026-01-05 12:05:58,0,0,3515,81559,115.92,32
2026-01-05 12:06:08,0,0,3515,81559,149.58,32
2026-01-05 12:06:18,0,0,3515,81559,116.69,32
2026-01-05 12:06:28,0,0,3515,81559,115.95,32
2026-01-05 12:06:38,0,0,3515,81559,149.09,32
2026-01-05 12:06:48,0,0,3515,81559,116.11,32
2026-01-05 12:06:58,0,0,3515,81559,115.87,32
2026-01-05 12:07:08,0,0,3515,81559,116.84,32
2026-01-05 12:07:18,3,1,3515,81559,118.83,32
2026-01-05 12:07:28,0,0,3515,81559,116.69,32
2026-01-05 12:07:38,0,0,3515,81559,116.72,32
2026-01-05 12:07:48,0,0,3515,81559,126.21,32
2026-01-05 12:07:58,0,0,3515,81559,115.33,32
2026-01-05 12:08:08,0,0,3515,81559,116.71,32
2026-01-05 12:08:18,0,0,3515,81559,127.81,32
2026-01-05 12:08:29,0,0,3515,81559,115.86,32
2026-01-05 12:08:39,0,0,3515,81559,115.95,32
2026-01-05 12:08:49,0,0,3515,81559,127.31,32
2026-01-05 12:08:59,0,0,3515,81559,116.68,32
2026-01-05 12:09:09,0,0,3515,81559,116.73,32
2026-01-05 12:09:19,0,0,3515,81559,129.14,32
2026-01-05 12:09:29,82,27,3515,81559,150.00,34
2026-01-05 12:09:39,0,0,3515,81559,115.29,32
2026-01-05 12:09:49,0,0,3515,81559,129.39,32
2026-01-05 12:09:59,0,0,3515,81559,139.51,32
2026-01-05 12:10:09,0,0,3515,81559,115.97,32
2026-01-05 12:10:19,0,0,3515,81559,126.75,32
2026-01-05 12:10:29,0,0,3515,81559,116.79,32
2026-01-05 12:10:39,0,0,3515,81559,116.70,32
2026-01-05 12:10:49,0,0,3515,81559,115.46,32
2026-01-05 12:10:59,0,0,3515,81559,116.01,32
2026-01-05 12:11:09,0,0,3515,81559,115.94,32
2026-01-05 12:11:19,1,0,3515,81559,141.22,37
2026-01-05 12:11:29,0,0,3515,81559,116.72,32
2026-01-05 12:11:39,0,0,3515,81559,116.70,32
2026-01-05 12:11:49,0,0,3515,81559,150.78,32
2026-01-05 12:11:59,0,0,3515,81559,115.98,32
2026-01-05 12:12:09,0,0,3515,81559,115.97,32
2026-01-05 12:12:19,0,0,3515,81559,136.67,32
2026-01-05 12:12:29,0,0,3515,81559,115.97,32
2026-01-05 12:12:39,0,0,3515,81559,115.91,32
2026-01-05 12:12:49,0,0,3515,81559,116.84,32
2026-01-05 12:12:59,0,0,3515,81559,116.69,32
2026-01-05 12:13:09,0,0,3515,81559,116.63,32
2026-01-05 12:13:19,0,0,3515,81559,116.76,32
2026-01-05 12:13:30,0,0,3515,81559,116.72,32
2026-01-05 12:13:40,0,0,3515,81559,126.96,32
2026-01-05 12:13:50,0,0,3515,81559,115.99,32
2026-01-05 12:14:00,0,0,3515,81559,116.19,32
2026-01-05 12:14:10,0,0,3515,81559,161.09,33
2026-01-05 12:14:20,0,0,3515,81559,116.01,32
2026-01-05 12:14:30,0,0,3515,81559,116.67,32
2026-01-05 12:14:40,0,0,3515,81559,163.07,32
2026-01-05 12:14:50,0,0,3515,81559,115.97,32
2026-01-05 12:15:00,0,0,3515,81559,116.68,32
2026-01-05 12:15:10,0,0,3515,81559,116.14,32
2026-01-05 12:15:20,0,0,3515,81559,116.13,32
2026-01-05 12:15:30,0,0,3515,81559,115.90,32
2026-01-05 12:15:40,0,0,3515,81559,116.81,32
2026-01-05 12:15:50,0,0,3515,81559,116.74,32
2026-01-05 12:16:00,0,0,3515,81559,116.66,32
2026-01-05 12:16:10,0,0,3515,81559,116.77,32
2026-01-05 12:16:20,0,0,3515,81559,115.90,32
2026-01-05 12:16:30,0,0,3515,81559,115.86,32
2026-01-05 12:16:40,0,0,3515,81559,115.96,32
2026-01-05 12:16:50,0,0,3515,81559,115.90,32
2026-01-05 12:17:00,0,0,3515,81559,160.36,34
2026-01-05 12:17:10,0,0,3515,81559,115.96,32
2026-01-05 12:17:20,0,0,3515,81559,115.92,32
2026-01-05 12:17:30,0,0,3515,81559,162.75,32
2026-01-05 12:17:40,0,0,3515,81559,116.72,32
2026-01-05 12:17:50,0,0,3515,81559,115.86,32
2026-01-05 12:18:00,0,0,3515,81559,130.11,32
2026-01-05 12:18:10,0,0,3515,81559,116.70,32
2026-01-05 12:18:20,0,0,3515,81559,116.70,32
2026-01-05 12:18:30,0,0,3515,81559,116.74,32
2026-01-05 12:18:40,0,0,3515,81559,116.70,32
2026-01-05 12:18:50,0,0,3515,81559,116.63,32
2026-01-05 12:19:01,0,0,3515,81559,115.94,32
2026-01-05 12:19:11,0,0,3515,81559,116.72,32
2026-01-05 12:19:21,0,0,3515,81559,116.66,32
2026-01-05 12:19:31,0,0,3515,81559,116.14,32
2026-01-05 12:19:41,0,0,3515,81559,116.17,32
2026-01-05 12:19:51,0,0,3515,81559,116.13,32
2026-01-05 12:20:01,0,0,3515,81559,116.17,32
2026-01-05 12:20:11,0,0,3515,81559,116.14,32
2026-01-05 12:20:21,73,25,3515,81559,161.70,35
2026-01-05 12:20:31,0,0,3515,81559,116.79,32
2026-01-05 12:20:41,0,0,3515,81559,115.99,32
2026-01-05 12:20:51,0,0,3515,81559,159.94,32
2026-01-05 12:21:01,0,0,3515,81559,116.81,32
2026-01-05 12:21:11,0,0,3515,81559,116.78,32
2026-01-05 12:21:21,0,0,3515,81559,116.92,32
2026-01-05 12:21:31,0,0,3515,81559,115.44,32
2026-01-05 12:21:41,0,0,3515,81559,116.74,32
2026-01-05 12:21:51,0,0,3515,81559,116.13,32
2026-01-05 12:22:01,0,0,3515,81559,116.22,32
2026-01-05 12:22:11,0,0,3515,81559,115.98,32
2026-01-05 12:22:21,0,0,3515,81559,116.79,32
2026-01-05 12:22:31,0,0,3515,81559,116.81,32
2026-01-05 12:22:41,0,0,3515,81559,129.30,32
2026-01-05 12:22:51,0,0,3515,81559,116.80,32
2026-01-05 12:23:01,0,0,3515,81559,116.00,32
2026-01-05 12:23:11,0,0,3515,81559,126.56,32
2026-01-05 12:23:21,0,0,3515,81559,116.17,32
2026-01-05 12:23:31,0,0,3515,81559,116.16,32
2026-01-05 12:23:41,0,0,3515,81559,116.77,32
2026-01-05 12:23:51,0,0,3515,81559,116.67,32
2026-01-05 12:24:01,0,0,3515,81559,116.17,32
2026-01-05 12:24:11,0,0,3515,81559,116.08,32
2026-01-05 12:24:21,0,0,3515,81559,116.17,32
2026-01-05 12:24:32,0,0,3515,81559,115.99,32
2026-01-05 12:24:42,29,10,3515,81559,121.84,32
2026-01-05 12:24:52,0,0,3515,81559,116.80,32
2026-01-05 12:25:02,0,0,3515,81559,116.71,32
2026-01-05 12:25:12,75,25,3515,81559,151.18,36
2026-01-05 12:25:22,0,0,3515,81559,115.95,32
2026-01-05 12:25:32,0,0,3515,81559,126.65,32
2026-01-05 12:25:42,89,29,3515,81559,151.20,35
2026-01-05 12:25:52,0,0,3515,81559,120.37,32
2026-01-05 12:26:02,0,0,3515,81559,117.26,32
2026-01-05 12:26:12,0,0,3515,81559,152.20,32
2026-01-05 12:26:22,0,0,3515,81559,121.19,32
2026-01-05 12:26:32,0,0,3515,81559,116.77,32
2026-01-05 12:26:42,0,0,3515,81559,152.84,32
2026-01-05 12:26:52,0,0,3515,81559,116.19,32
2026-01-05 12:27:02,0,0,3515,81559,116.10,32
2026-01-05 12:27:12,0,0,3515,81559,149.99,32
2026-01-05 12:27:22,30,10,3515,81559,129.58,33
2026-01-05 12:27:32,0,0,3515,81559,116.73,32
2026-01-05 12:27:42,0,0,3515,81559,116.19,32
2026-01-05 12:27:52,0,0,3515,81559,129.23,32
2026-01-05 12:28:02,0,0,3515,81559,115.33,32
2026-01-05 12:28:12,0,0,3515,81559,116.78,32
2026-01-05 12:28:22,0,0,3515,81559,116.28,32
2026-01-05 12:28:32,0,0,3515,81559,116.07,32
2026-01-05 12:28:42,0,0,3515,81559,116.08,32
2026-01-05 12:28:52,0,0,3515,81559,115.99,32
2026-01-05 12:29:02,0,0,3515,81559,115.86,32
2026-01-05 12:29:12,0,0,3515,81559,116.66,32
2026-01-05 12:29:22,0,0,3515,81559,115.99,32
2026-01-05 12:29:32,0,0,3515,81559,116.66,32
2026-01-05 12:29:42,0,0,3515,81559,115.99,32
2026-01-05 12:29:53,0,0,3515,81559,116.75,32
2026-01-05 12:30:03,0,0,3515,81559,126.24,32
2026-01-05 12:30:13,0,0,3515,81559,116.76,32
2026-01-05 12:30:23,0,0,3515,81559,115.98,32
2026-01-05 12:30:33,78,27,3515,81559,150.44,34
2026-01-05 12:30:43,0,0,3515,81559,116.05,32
2026-01-05 12:30:53,0,0,3515,81559,116.78,32
2026-01-05 12:31:03,0,0,3515,81559,151.66,32
2026-01-05 12:31:13,30,10,3515,81559,127.04,33
2026-01-05 12:31:23,0,0,3515,81559,116.78,32
2026-01-05 12:31:33,0,0,3515,81559,149.33,32
2026-01-05 12:31:43,0,0,3515,81559,128.32,32
2026-01-05 12:31:53,0,0,3515,81559,116.17,32
2026-01-05 12:32:03,0,0,3515,81559,116.84,32
2026-01-05 12:32:13,0,0,3515,81559,116.37,32
2026-01-05 12:32:23,0,0,3515,81559,116.15,32
2026-01-05 12:32:33,0,0,3515,81559,116.08,32
2026-01-05 12:32:43,0,0,3515,81559,116.03,32
2026-01-05 12:32:53,0,0,3515,81559,116.73,32
2026-01-05 12:33:03,0,0,3515,81559,128.56,32
2026-01-05 12:33:13,0,0,3515,81559,116.13,32
2026-01-05 12:33:23,0,0,3515,81559,137.39,36
2026-01-05 12:33:33,0,0,3515,81559,127.19,32
2026-01-05 12:33:43,0,0,3515,81559,116.77,32
2026-01-05 12:33:53,0,0,3515,81559,150.35,32
2026-01-05 12:34:03,0,0,3515,81559,127.61,32
2026-01-05 12:34:13,0,0,3515,81559,116.74,32
2026-01-05 12:34:23,0,0,3515,81559,149.95,32
2026-01-05 12:34:33,0,0,3515,81559,115.44,32
2026-01-05 12:34:43,0,0,3515,81559,116.66,32
2026-01-05 12:34:53,0,0,3515,81559,116.01,32
2026-01-05 12:35:03,0,0,3515,81559,115.37,32
2026-01-05 12:35:13,0,0,3515,81559,116.70,32
2026-01-05 12:35:24,0,0,3515,81559,116.79,32
2026-01-05 12:35:34,0,0,3515,81559,116.00,32
2026-01-05 12:35:44,0,0,3515,81559,116.72,32
2026-01-05 12:35:54,0,0,3515,81559,128.85,32
2026-01-05 12:36:04,0,0,3515,81559,116.01,32
2026-01-05 12:36:14,0,0,3515,81559,115.90,32
2026-01-05 12:36:24,0,0,3515,81559,129.06,32
2026-01-05 12:36:34,0,0,3515,81559,116.01,32
2026-01-05 12:36:44,0,0,3515,81559,116.67,32
2026-01-05 12:36:54,0,0,3515,81559,116.02,32
2026-01-05 12:37:04,0,0,3515,81559,116.70,32
2026-01-05 12:37:14,0,0,3515,81559,116.69,32
2026-01-05 12:37:24,0,0,3515,81559,116.72,32
2026-01-05 12:37:34,0,0,3515,81559,116.73,32
2026-01-05 12:37:44,0,0,3515,81559,115.89,32
2026-01-05 12:37:54,0,0,3515,81559,116.66,32
2026-01-05 12:38:04,0,0,3515,81559,116.67,32
2026-01-05 12:38:14,58,19,3515,81559,131.07,32
2026-01-05 12:38:24,0,0,3515,81559,115.86,32
2026-01-05 12:38:34,0,0,3515,81559,115.85,32
2026-01-05 12:38:44,49,16,3515,81559,136.11,32
2026-01-05 12:38:54,0,0,3515,81559,115.96,32
2026-01-05 12:39:04,0,0,3515,81559,115.37,32
2026-01-05 12:39:14,50,17,3515,81559,160.19,34
2026-01-05 12:39:24,0,0,3515,81559,116.78,32
2026-01-05 12:39:34,0,0,3515,81559,116.73,32
2026-01-05 12:39:44,0,0,3515,81559,159.31,33
2026-01-05 12:39:54,0,0,3515,81559,116.05,32
2026-01-05 12:40:04,0,0,3515,81559,116.70,32
2026-01-05 12:40:14,0,0,3515,81559,134.48,32
2026-01-05 12:40:24,0,0,3515,81559,115.41,32
2026-01-05 12:40:35,0,0,3515,81559,116.77,32
2026-01-05 12:40:45,0,0,3515,81559,116.10,32
2026-01-05 12:40:55,0,0,3515,81559,115.42,32
2026-01-05 12:41:05,0,0,3515,81559,116.73,32
2026-01-05 12:41:15,0,0,3515,81559,116.82,32
2026-01-05 12:41:25,0,0,3515,81559,116.79,32
2026-01-05 12:41:35,0,0,3515,81559,116.80,32
2026-01-05 12:41:45,0,0,3515,81559,116.04,32
2026-01-05 12:41:55,0,0,3515,81559,116.79,32
2026-01-05 12:42:05,0,0,3515,81559,123.33,34
2026-01-05 12:42:15,0,0,3515,81559,116.03,32
2026-01-05 12:42:25,0,0,3515,81559,116.78,32
2026-01-05 12:42:35,93,31,3515,81559,161.55,36
2026-01-05 12:42:45,0,0,3515,81559,116.75,32
2026-01-05 12:42:55,0,0,3515,81559,116.76,32
2026-01-05 12:43:05,0,0,3515,81559,163.20,32
2026-01-05 12:43:15,0,0,3515,81559,115.98,32
2026-01-05 12:43:25,0,0,3515,81559,116.74,32
2026-01-05 12:43:35,0,0,3515,81559,160.27,32
2026-01-05 12:43:45,0,0,3515,81559,115.95,32
2026-01-05 12:43:55,0,0,3515,81559,116.70,32
2026-01-05 12:44:05,0,0,3515,81559,161.12,32
2026-01-05 12:44:15,0,0,3515,81559,116.00,32
2026-01-05 12:44:25,0,0,3515,81559,115.93,32
2026-01-05 12:44:35,0,0,3515,81559,157.44,32
2026-01-05 12:44:45,0,0,3515,81559,116.68,32
2026-01-05 12:44:55,0,0,3515,81559,116.68,32
2026-01-05 12:45:05,0,0,3515,81559,116.86,32
2026-01-05 12:45:15,0,0,3515,81559,115.92,32
2026-01-05 12:45:25,0,0,3515,81559,116.06,32
2026-01-05 12:45:35,0,0,3515,81559,116.13,32
2026-01-05 12:45:45,0,0,3515,81559,116.13,32
2026-01-05 12:45:56,0,0,3515,81559,115.29,32
2026-01-05 12:46:06,0,0,3515,81559,116.10,32
2026-01-05 12:46:16,0,0,3515,81559,115.92,32
2026-01-05 12:46:26,0,0,3515,81559,115.87,32
2026-01-05 12:46:36,0,0,3515,81559,115.86,32
2026-01-05 12:46:46,0,0,3515,81559,116.71,32
2026-01-05 12:46:56,0,0,3515,81559,162.64,33
2026-01-05 12:47:06,0,0,3515,81559,116.68,32
2026-01-05 12:47:16,0,0,3515,81559,116.12,32
2026-01-05 12:47:26,0,0,3515,81559,161.36,32
2026-01-05 12:47:36,0,0,3515,81559,115.81,32
2026-01-05 12:47:46,0,0,3515,81559,115.97,32
2026-01-05 12:47:56,0,0,3515,81559,163.53,32
2026-01-05 12:48:06,0,0,3515,81559,116.69,32
2026-01-05 12:48:16,0,0,3515,81559,115.32,32
2026-01-05 12:48:26,0,0,3515,81559,143.74,32
2026-01-05 12:48:36,0,0,3515,81559,116.68,32
2026-01-05 12:48:46,0,0,3515,81559,115.92,32
2026-01-05 12:48:56,0,0,3515,81559,116.75,32
2026-01-05 12:49:06,0,0,3515,81559,115.93,32
2026-01-05 12:49:16,0,0,3515,81559,116.09,32
2026-01-05 12:49:26,0,0,3515,81559,116.69,32
2026-01-05 12:49:36,0,0,3515,81559,116.69,32
2026-01-05 12:49:46,0,0,3515,81559,116.69,32
2026-01-05 12:49:56,0,0,3515,81559,116.73,32
2026-01-05 12:50:06,0,0,3515,81559,116.78,32
2026-01-05 12:50:16,0,0,3515,81559,117.39,32
2026-01-05 12:50:26,0,0,3515,81559,116.80,32
2026-01-05 12:50:36,0,0,3515,81559,115.45,32
2026-01-05 12:50:46,26,9,3515,81559,163.32,39
2026-01-05 12:50:56,0,0,3515,81559,115.40,32
2026-01-05 12:51:07,0,0,3515,81559,116.07,32
2026-01-05 12:51:17,29,10,3515,81559,162.12,34
2026-01-05 12:51:27,0,0,3515,81559,116.80,32
2026-01-05 12:51:37,0,0,3515,81559,116.07,32
2026-01-05 12:51:47,0,0,3515,81559,162.43,34
2026-01-05 12:51:57,0,0,3515,81559,116.85,32
2026-01-05 12:52:07,0,0,3515,81559,116.86,32
2026-01-05 12:52:17,0,0,3515,81559,161.11,33
2026-01-05 12:52:27,0,0,3515,81559,116.25,32
2026-01-05 12:52:37,0,0,3515,81559,116.25,32
2026-01-05 12:52:47,0,0,3515,81559,163.96,32
2026-01-05 12:52:57,0,0,3515,81559,116.82,32
2026-01-05 12:53:07,0,0,3515,81559,115.47,32
2026-01-05 12:53:17,0,0,3515,81559,160.94,32
2026-01-05 12:53:27,0,0,3515,81559,116.06,32
2026-01-05 12:53:37,0,0,3515,81559,116.06,32
2026-01-05 12:53:47,0,0,3515,81559,116.92,32
2026-01-05 12:53:57,0,0,3515,81559,116.83,32
2026-01-05 12:54:07,0,0,3515,81559,116.77,32
2026-01-05 12:54:17,0,0,3515,81559,116.17,32
2026-01-05 12:54:27,0,0,3515,81559,116.17,32
2026-01-05 12:54:37,0,0,3515,81559,116.13,32
2026-01-05 12:54:47,0,0,3515,81559,116.81,32
2026-01-05 12:54:57,0,0,3515,81559,115.97,32
2026-01-05 12:55:07,0,0,3515,81559,116.76,32
2026-01-05 12:55:17,0,0,3515,81559,116.04,32
2026-01-05 12:55:27,0,0,3515,81559,116.80,32
2026-01-05 12:55:37,0,0,3515,81559,116.76,32
2026-01-05 12:55:47,0,0,3515,81559,116.07,32
2026-01-05 12:55:57,0,0,3515,81559,116.00,32
2026-01-05 12:56:07,0,0,3515,81559,115.36,32
2026-01-05 12:56:17,0,0,3515,81559,116.01,32
2026-01-05 12:56:27,0,0,3515,81559,115.97,32
2026-01-05 12:56:38,0,0,3515,81559,116.13,32
2026-01-05 12:56:48,0,0,3515,81559,115.98,32
2026-01-05 12:56:58,0,0,3515,81559,116.00,32
2026-01-05 12:57:08,0,0,3515,81559,116.71,32
2026-01-05 12:57:18,0,0,3515,81559,115.99,32
2026-01-05 12:57:28,0,0,3515,81559,115.98,32
2026-01-05 12:57:38,0,0,3515,81559,115.93,32
2026-01-05 12:57:48,0,0,3515,81559,115.97,32
2026-01-05 12:57:58,0,0,3515,81559,116.02,32
2026-01-05 12:58:08,10,3,3515,81559,121.22,32
2026-01-05 12:58:18,0,0,3515,81559,116.74,32
2026-01-05 12:58:28,0,0,3515,81559,116.18,32
2026-01-05 12:58:38,0,0,3515,81559,161.35,32
2026-01-05 12:58:48,0,0,3515,81559,115.99,32
2026-01-05 12:58:58,0,0,3515,81559,116.75,32
2026-01-05 12:59:08,0,0,3515,81559,161.77,32
2026-01-05 12:59:18,0,0,3515,81559,116.04,32
2026-01-05 12:59:28,0,0,3515,81559,116.72,32
2026-01-05 12:59:38,0,0,3515,81559,116.12,32
2026-01-05 12:59:48,0,0,3515,81559,116.78,32
2026-01-05 12:59:58,0,0,3515,81559,115.98,32
2026-01-05 13:00:08,0,0,3515,81559,116.08,32
2026-01-05 13:00:18,0,0,3515,81559,116.19,32
2026-01-05 13:00:28,0,0,3515,81559,116.75,32
2026-01-05 13:00:38,0,0,3515,81559,116.10,32
2026-01-05 13:00:48,0,0,3515,81559,116.79,32
2026-01-05 13:00:58,0,0,3515,81559,116.79,32
2026-01-05 13:01:08,0,0,3515,81559,116.85,32
2026-01-05 13:01:18,0,0,3515,81559,116.26,32
2026-01-05 13:01:28,0,0,3515,81559,116.19,32
2026-01-05 13:01:38,0,0,3515,81559,116.79,32
2026-01-05 13:01:48,0,0,3515,81559,116.81,32
2026-01-05 13:01:58,43,15,3515,81559,161.12,40
2026-01-05 13:02:09,0,0,3515,81559,115.44,32
2026-01-05 13:02:19,0,0,3515,81559,116.79,32
2026-01-05 13:02:29,0,0,3515,81559,163.39,33
2026-01-05 13:02:39,0,0,3515,81559,116.27,32
2026-01-05 13:02:49,0,0,3515,81559,116.81,32
2026-01-05 13:02:59,0,0,3515,81559,162.32,32
2026-01-05 13:03:09,0,0,3515,81559,116.77,32
2026-01-05 13:03:19,0,0,3515,81559,116.79,32
2026-01-05 13:03:29,0,0,3515,81559,161.94,32
2026-01-05 13:03:39,0,0,3515,81559,116.77,32
2026-01-05 13:03:49,0,0,3515,81559,116.78,32
2026-01-05 13:03:59,0,0,3515,81559,160.90,32
2026-01-05 13:04:09,0,0,3515,81559,116.01,32
2026-01-05 13:04:19,0,0,3515,81559,116.00,32
2026-01-05 13:04:29,0,0,3515,81559,116.32,32
2026-01-05 13:04:39,0,0,3515,81559,116.80,32
2026-01-05 13:04:49,0,0,3515,81559,116.22,32
2026-01-05 13:04:59,0,0,3515,81559,116.84,32
2026-01-05 13:05:09,0,0,3515,81559,116.02,32
2026-01-05 13:05:19,0,0,3515,81559,116.73,32
2026-01-05 13:05:29,0,0,3515,81559,116.82,32
2026-01-05 13:05:39,0,0,3515,81559,116.04,32
2026-01-05 13:05:49,0,0,3515,81559,116.02,32
2026-01-05 13:05:59,0,0,3515,81559,116.14,32
2026-01-05 13:06:09,0,0,3515,81559,116.81,32
2026-01-05 13:06:19,0,0,3515,81559,116.17,32
2026-01-05 13:06:29,0,0,3515,81559,116.09,32
2026-01-05 13:06:39,0,0,3515,81559,116.03,32
2026-01-05 13:06:49,0,0,3515,81559,116.72,32
2026-01-05 13:06:59,0,0,3515,81559,116.04,32
2026-01-05 13:07:09,0,0,3515,81559,116.21,32
2026-01-05 13:07:20,0,0,3515,81559,116.68,32
2026-01-05 13:07:30,0,0,3515,81559,116.11,32
2026-01-05 13:07:40,0,0,3515,81559,116.03,32
2026-01-05 13:07:50,0,0,3515,81559,116.77,32
2026-01-05 13:08:00,0,0,3515,81559,116.07,32
2026-01-05 13:08:10,0,0,3515,81559,116.05,32
2026-01-05 13:08:20,0,0,3515,81559,116.76,32
2026-01-05 13:08:30,0,0,3515,81559,115.47,32
2026-01-05 13:08:40,0,0,3515,81559,116.07,32
2026-01-05 13:08:50,0,0,3515,81559,116.72,32
2026-01-05 13:09:00,0,0,3515,81559,116.80,32
2026-01-05 13:09:10,0,0,3515,81559,116.03,32
2026-01-05 13:09:20,0,0,3515,81559,163.40,35
2026-01-05 13:09:30,0,0,3515,81559,116.21,32
2026-01-05 13:09:40,0,0,3515,81559,116.21,32
2026-01-05 13:09:50,0,0,3515,81559,162.49,33
2026-01-05 13:10:00,0,0,3515,81559,116.83,32
2026-01-05 13:10:10,0,0,3515,81559,116.05,32
2026-01-05 13:10:20,0,0,3515,81559,162.46,32
2026-01-05 13:10:30,0,0,3515,81559,116.28,32
2026-01-05 13:10:40,0,0,3515,81559,116.19,32
2026-01-05 13:10:50,0,0,3515,81559,150.97,32
2026-01-05 13:11:00,0,0,3515,81559,116.84,32
2026-01-05 13:11:10,0,0,3515,81559,116.82,32
2026-01-05 13:11:20,0,0,3515,81559,117.04,32
2026-01-05 13:11:30,0,0,3515,81559,116.28,32
2026-01-05 13:11:40,0,0,3515,81559,116.06,32
2026-01-05 13:11:50,0,0,3515,81559,116.19,32
2026-01-05 13:12:00,0,0,3515,81559,116.12,32
2026-01-05 13:12:10,0,0,3515,81559,116.11,32
2026-01-05 13:12:20,0,0,3515,81559,116.13,32
2026-01-05 13:12:30,0,0,3515,81559,116.92,32
2026-01-05 13:12:40,0,0,3515,81559,116.21,32
2026-01-05 13:12:51,0,0,3515,81559,116.11,32
2026-01-05 13:13:01,0,0,3515,81559,116.78,32
2026-01-05 13:13:11,0,0,3515,81559,116.16,32
2026-01-05 13:13:21,0,0,3515,81559,116.06,32
2026-01-05 13:13:31,0,0,3515,81559,116.08,32
2026-01-05 13:13:41,0,0,3515,81559,116.00,32
2026-01-05 13:13:51,0,0,3515,81559,116.80,32
2026-01-05 13:14:01,0,0,3515,81559,116.79,32
2026-01-05 13:14:11,40,14,3515,81559,161.67,40
2026-01-05 13:14:21,0,0,3515,81559,116.82,32
2026-01-05 13:14:31,0,0,3515,81559,116.17,32
2026-01-05 13:14:41,0,0,3515,81559,161.71,32
2026-01-05 13:14:51,0,0,3515,81559,116.74,32
2026-01-05 13:15:01,0,0,3515,81559,116.02,32
2026-01-05 13:15:11,0,0,3515,81559,162.08,32
2026-01-05 13:15:21,0,0,3515,81559,116.24,32
2026-01-05 13:15:31,0,0,3515,81559,116.01,32
2026-01-05 13:15:41,0,0,3515,81559,128.62,32
2026-01-05 13:15:51,0,0,3515,81559,116.80,32
2026-01-05 13:16:01,0,0,3515,81559,115.99,32
2026-01-05 13:16:11,0,0,3515,81559,116.15,32
2026-01-05 13:16:21,0,0,3515,81559,116.01,32
2026-01-05 13:16:31,0,0,3515,81559,115.99,32
2026-01-05 13:16:41,0,0,3515,81559,116.80,32
2026-01-05 13:16:51,0,0,3515,81559,116.01,32
2026-01-05 13:17:01,0,0,3515,81559,115.37,32
2026-01-05 13:17:11,0,0,3515,81559,116.06,32
2026-01-05 13:17:21,0,0,3515,81559,116.21,32
2026-01-05 13:17:31,0,0,3515,81559,116.14,32
2026-01-05 13:17:41,0,0,3515,81559,116.76,32
2026-01-05 13:17:51,0,0,3515,81559,116.18,32
2026-01-05 13:18:01,8,3,3515,81559,162.19,37
2026-01-05 13:18:12,0,0,3515,81559,116.01,32
2026-01-05 13:18:22,0,0,3515,81559,116.03,32
2026-01-05 13:18:32,0,0,3515,81559,161.38,32
2026-01-05 13:18:42,0,0,3515,81559,116.16,32
2026-01-05 13:18:52,0,0,3515,81559,115.99,32
2026-01-05 13:19:02,0,0,3515,81559,162.83,32
2026-01-05 13:19:12,0,0,3515,81559,116.15,32
2026-01-05 13:19:22,0,0,3515,81559,115.98,32
2026-01-05 13:19:32,0,0,3515,81559,158.61,32
2026-01-05 13:19:42,0,0,3515,81559,116.79,32
2026-01-05 13:19:52,0,0,3515,81559,116.75,32
2026-01-05 13:20:02,0,0,3515,81559,117.23,32
2026-01-05 13:20:12,0,0,3515,81559,116.77,32
2026-01-05 13:20:22,0,0,3515,81559,115.98,32
2026-01-05 13:20:32,0,0,3515,81559,116.12,32
2026-01-05 13:20:42,0,0,3515,81559,116.05,32
2026-01-05 13:20:52,0,0,3515,81559,116.01,32
2026-01-05 13:21:02,0,0,3515,81559,116.76,32
2026-01-05 13:21:12,0,0,3515,81559,116.07,32
2026-01-05 13:21:22,0,0,3515,81559,116.04,32
2026-01-05 13:21:32,0,0,3515,81559,116.81,32
2026-01-05 13:21:42,0,0,3515,81559,116.25,32
2026-01-05 13:21:52,48,17,3515,81559,162.14,40
2026-01-05 13:22:02,0,0,3515,81559,116.83,32
2026-01-05 13:22:12,0,0,3515,81559,116.11,32
2026-01-05 13:22:22,0,0,3515,81559,161.85,33
2026-01-05 13:22:32,0,0,3515,81559,116.80,32
2026-01-05 13:22:42,0,0,3515,81559,116.10,32
2026-01-05 13:22:52,0,0,3515,81559,161.96,32
2026-01-05 13:23:02,0,0,3515,81559,116.09,32
2026-01-05 13:23:12,0,0,3515,81559,116.07,32
2026-01-05 13:23:22,0,0,3515,81559,161.36,32
2026-01-05 13:23:32,0,0,3515,81559,116.85,32
2026-01-05 13:23:43,0,0,3515,81559,116.06,32
2026-01-05 13:23:53,0,0,3515,81559,117.47,32
2026-01-05 13:24:03,0,0,3515,81559,116.81,32
2026-01-05 13:24:13,0,0,3515,81559,116.05,32
2026-01-05 13:24:23,0,0,3515,81559,116.23,32
2026-01-05 13:24:33,0,0,3515,81559,116.06,32
2026-01-05 13:24:43,0,0,3515,81559,116.06,32
2026-01-05 13:24:53,0,0,3515,81559,115.46,32
2026-01-05 13:25:03,0,0,3515,81559,116.85,32
2026-01-05 13:25:13,0,0,3515,81559,116.79,32
2026-01-05 13:25:23,0,0,3515,81559,116.80,32
2026-01-05 13:25:33,0,0,3515,81559,116.07,32
2026-01-05 13:25:43,36,12,3515,81559,159.06,40
2026-01-05 13:25:53,0,0,3515,81559,116.64,32
2026-01-05 13:26:03,0,0,3515,81559,116.76,32
2026-01-05 13:26:13,15,5,3515,81559,152.16,38
2026-01-05 13:26:23,0,0,3515,81559,116.19,32
2026-01-05 13:26:33,0,0,3515,81559,116.81,32
2026-01-05 13:26:43,0,0,3515,81559,160.74,33
2026-01-05 13:26:53,0,0,3515,81559,116.05,32
2026-01-05 13:27:03,0,0,3515,81559,116.19,32
2026-01-05 13:27:13,83,27,3515,81559,162.76,40
2026-01-05 13:27:23,0,0,3515,81559,116.01,32
2026-01-05 13:27:33,0,0,3515,81559,116.06,32
2026-01-05 13:27:43,0,0,3515,81559,162.83,33
2026-01-05 13:27:53,0,0,3515,81559,116.84,32
2026-01-05 13:28:03,0,0,3515,81559,116.08,32
2026-01-05 13:28:13,0,0,3515,81559,162.28,33
2026-01-05 13:28:23,0,0,3515,81559,116.85,32
2026-01-05 13:28:33,0,0,3515,81559,116.07,32
2026-01-05 13:28:43,0,0,3515,81559,162.49,33
2026-01-05 13:28:53,0,0,3515,81559,116.10,32
2026-01-05 13:29:04,0,0,3515,81559,116.12,32
2026-01-05 13:29:14,0,0,3515,81559,161.01,33
2026-01-05 13:29:24,0,0,3515,81559,116.86,32
2026-01-05 13:29:34,0,0,3515,81559,116.08,32
2026-01-05 13:29:44,0,0,3515,81559,161.65,33
2026-01-05 13:29:54,0,0,3515,81559,116.15,32
2026-01-05 13:30:04,0,0,3515,81559,116.10,32
2026-01-05 13:30:14,0,0,3515,81559,162.76,32
2026-01-05 13:30:24,0,0,3515,81559,116.15,32
2026-01-05 13:30:34,0,0,3515,81559,116.87,32
2026-01-05 13:30:44,0,0,3515,81559,161.23,32
2026-01-05 13:30:54,0,0,3515,81559,116.17,32
2026-01-05 13:31:04,0,0,3515,81559,115.51,32
2026-01-05 13:31:14,0,0,3515,81559,117.09,32
2026-01-05 13:31:24,0,0,3515,81559,116.91,32
2026-01-05 13:31:34,0,0,3515,81559,115.47,32
2026-01-05 13:31:44,0,0,3515,81559,117.02,32
2026-01-05 13:31:54,0,0,3515,81559,116.15,32
2026-01-05 13:32:04,0,0,3515,81559,116.85,32
2026-01-05 13:32:14,0,0,3515,81559,116.17,32
2026-01-05 13:32:24,0,0,3515,81559,116.28,32
2026-01-05 13:32:34,0,0,3515,81559,116.04,32
2026-01-05 13:32:44,0,0,3515,81559,117.07,32
2026-01-05 13:33:01,0,0,3515,81559,116.14,32
2026-01-05 13:33:11,0,0,3515,81559,116.07,32
2026-01-05 13:33:21,0,0,3515,81559,156.07,32
2026-01-05 13:33:31,0,0,3515,81559,116.08,32
2026-01-05 13:33:41,0,0,3515,81559,116.08,32
2026-01-05 13:33:51,0,0,3515,81559,160.73,32
2026-01-05 13:34:01,0,0,3515,81559,116.11,32
2026-01-05 13:34:11,0,0,3515,81559,116.80,32
2026-01-05 13:34:21,0,0,3515,81559,157.33,32
2026-01-05 13:34:31,0,0,3515,81559,115.47,32
2026-01-05 13:34:41,0,0,3515,81559,116.06,32
2026-01-05 13:34:51,0,0,3515,81559,116.97,32
2026-01-05 13:35:01,0,0,3515,81559,116.07,32
2026-01-05 13:35:11,0,0,3515,81559,116.76,32
2026-01-05 13:35:21,0,0,3515,81559,116.90,32
2026-01-05 13:35:31,0,0,3515,81559,116.84,32
2026-01-05 13:35:41,0,0,3515,81559,116.79,32
2026-01-05 13:35:51,0,0,3515,81559,116.14,32
2026-01-05 13:36:01,0,0,3515,81559,116.06,32
2026-01-05 13:36:11,0,0,3515,81559,115.42,32
2026-01-05 13:36:21,0,0,3515,81559,116.28,32
2026-01-05 13:36:32,0,0,3515,81559,116.07,32
2026-01-05 13:36:42,0,0,3515,81559,161.90,33
2026-01-05 13:36:52,0,0,3515,81559,116.08,32
2026-01-05 13:37:02,0,0,3515,81559,116.07,32
2026-01-05 13:37:12,0,0,3515,81559,162.57,32
2026-01-05 13:37:22,0,0,3515,81559,116.84,32
2026-01-05 13:37:32,0,0,3515,81559,116.06,32
2026-01-05 13:37:42,0,0,3515,81559,115.53,32
2026-01-05 13:37:52,0,0,3515,81559,116.79,32
2026-01-05 13:38:02,0,0,3515,81559,116.01,32
2026-01-05 13:38:12,0,0,3515,81559,116.86,32
2026-01-05 13:38:22,0,0,3515,81559,116.83,32
2026-01-05 13:38:32,0,0,3515,81559,116.81,32
2026-01-05 13:38:42,0,0,3515,81559,116.85,32
2026-01-05 13:38:52,0,0,3515,81559,116.07,32
2026-01-05 13:39:02,0,0,3515,81559,116.03,32
2026-01-05 13:39:12,0,0,3515,81559,116.30,32
2026-01-05 13:39:22,0,0,3515,81559,116.10,32
2026-01-05 13:39:32,0,0,3515,81559,116.10,32
2026-01-05 13:39:42,0,0,3515,81559,116.13,32
2026-01-05 13:39:52,0,0,3515,81559,115.53,32
2026-01-05 13:40:02,0,0,3515,81559,116.05,32
2026-01-05 13:40:12,0,0,3515,81559,116.19,32
2026-01-05 13:40:22,0,0,3515,81559,116.12,32
2026-01-05 13:40:32,0,0,3515,81559,161.03,34
2026-01-05 13:40:42,0,0,3515,81559,116.17,32
2026-01-05 13:40:52,0,0,3515,81559,116.89,32
2026-01-05 13:41:02,11,4,3515,81559,162.62,34
2026-01-05 13:41:12,0,0,3515,81559,116.31,32
2026-01-05 13:41:22,0,0,3515,81559,116.09,32
2026-01-05 13:41:32,0,0,3515,81559,162.96,33
2026-01-05 13:41:42,0,0,3515,81559,116.14,32
2026-01-05 13:41:53,0,0,3515,81559,116.10,32
2026-01-05 13:42:03,0,0,3515,81559,116.51,32
2026-01-05 13:42:13,0,0,3515,81559,116.07,32
2026-01-05 13:42:23,0,0,3515,81559,116.06,32
2026-01-05 13:42:33,0,0,3515,81559,116.19,32
2026-01-05 13:42:43,0,0,3515,81559,116.11,32
2026-01-05 13:42:53,0,0,3515,81559,116.81,32
2026-01-05 13:43:03,0,0,3515,81559,116.85,32
2026-01-05 13:43:13,0,0,3515,81559,116.87,32
2026-01-05 13:43:23,0,0,3515,81559,116.81,32
2026-01-05 13:43:33,0,0,3515,81559,116.84,32
2026-01-05 13:43:43,0,0,3515,81559,116.83,32
2026-01-05 13:43:53,0,0,3515,81559,162.65,33
2026-01-05 13:44:03,0,0,3515,81559,115.50,32
2026-01-05 13:44:13,0,0,3515,81559,116.07,32
2026-01-05 13:44:23,0,0,3515,81559,162.72,33
2026-01-05 13:44:33,0,0,3515,81559,116.07,32
2026-01-05 13:44:43,0,0,3515,81559,116.81,32
2026-01-05 13:44:53,0,0,3515,81559,159.96,32
2026-01-05 13:45:03,0,0,3515,81559,116.32,32
2026-01-05 13:45:13,0,0,3515,81559,116.08,32
2026-01-05 13:45:23,0,0,3515,81559,163.23,32
2026-01-05 13:45:33,0,0,3515,81559,116.08,32
2026-01-05 13:45:43,0,0,3515,81559,116.77,32
2026-01-05 13:45:53,0,0,3515,81559,145.05,32
2026-01-05 13:46:03,0,0,3515,81559,116.81,32
2026-01-05 13:46:13,0,0,3515,81559,116.04,32
2026-01-05 13:46:23,0,0,3515,81559,141.50,32
2026-01-05 13:46:33,0,0,3515,81559,116.86,32
2026-01-05 13:46:43,0,0,3515,81559,116.02,32
2026-01-05 13:46:53,0,0,3515,81559,116.19,32
2026-01-05 13:47:03,0,0,3515,81559,116.04,32
2026-01-05 13:47:14,0,0,3515,81559,116.03,32
2026-01-05 13:47:24,0,0,3515,81559,116.11,32
2026-01-05 13:47:34,0,0,3515,81559,116.06,32
2026-01-05 13:47:44,0,0,3515,81559,116.03,32
2026-01-05 13:47:54,0,0,3515,81559,116.26,32
2026-01-05 13:48:04,0,0,3515,81559,116.22,32
2026-01-05 13:48:14,0,0,3515,81559,116.01,32
2026-01-05 13:48:24,0,0,3515,81559,116.09,32
2026-01-05 13:48:34,0,0,3515,81559,116.78,32
2026-01-05 13:48:44,0,0,3515,81559,162.79,33
2026-01-05 13:48:54,0,0,3515,81559,116.82,32
2026-01-05 13:49:04,0,0,3515,81559,116.07,32
2026-01-05 13:49:14,0,0,3515,81559,160.86,32
2026-01-05 13:49:24,0,0,3515,81559,116.16,32
2026-01-05 13:49:34,0,0,3515,81559,116.88,32
2026-01-05 13:49:44,0,0,3515,81559,163.11,32
2026-01-05 13:49:54,0,0,3515,81559,116.33,32
2026-01-05 13:50:04,0,0,3515,81559,116.17,32
2026-01-05 13:50:14,0,0,3515,81559,121.16,32
2026-01-05 13:50:24,0,0,3515,81559,116.14,32
2026-01-05 13:50:34,0,0,3515,81559,116.89,32
2026-01-05 13:50:44,0,0,3515,81559,117.03,32
2026-01-05 13:50:54,0,0,3515,81559,116.76,32
2026-01-05 13:51:04,0,0,3515,81559,116.11,32
2026-01-05 13:51:14,0,0,3515,81559,115.59,32
2026-01-05 13:51:24,0,0,3515,81559,116.90,32
2026-01-05 13:51:34,0,0,3515,81559,116.26,32
2026-01-05 13:51:44,0,0,3515,81559,116.30,32
2026-01-05 13:51:54,0,0,3515,81559,116.19,32
2026-01-05 13:52:04,0,0,3515,81559,116.21,32
2026-01-05 13:52:14,0,0,3515,81559,116.33,32
2026-01-05 13:52:25,0,0,3515,81559,116.08,32
2026-01-05 13:52:35,49,16,3515,81559,157.64,39
2026-01-05 13:52:45,0,0,3515,81559,116.83,32
2026-01-05 13:52:55,0,0,3515,81559,116.79,32
2026-01-05 13:53:05,0,0,3515,81559,161.70,32
2026-01-05 13:53:15,0,0,3515,81559,116.23,32
2026-01-05 13:53:25,0,0,3515,81559,116.11,32
2026-01-05 13:53:35,0,0,3515,81559,131.23,32
2026-01-05 13:53:45,0,0,3515,81559,116.25,32
2026-01-05 13:53:55,0,0,3515,81559,116.08,32
2026-01-05 13:54:05,0,0,3515,81559,116.17,32
2026-01-05 13:54:15,0,0,3515,81559,116.86,32
2026-01-05 13:54:25,0,0,3515,81559,116.07,32
2026-01-05 13:54:35,0,0,3515,81559,116.12,32
2026-01-05 13:54:45,0,0,3515,81559,116.11,32
2026-01-05 13:54:55,0,0,3515,81559,163.35,33
2026-01-05 13:55:05,0,0,3515,81559,116.07,32
2026-01-05 13:55:15,0,0,3515,81559,116.10,32
2026-01-05 13:55:25,0,0,3515,81559,161.02,33
2026-01-05 13:55:35,0,0,3515,81559,116.07,32
2026-01-05 13:55:45,0,0,3515,81559,116.86,32
2026-01-05 13:55:55,0,0,3515,81559,161.03,32
2026-01-05 13:56:05,0,0,3515,81559,116.82,32
2026-01-05 13:56:15,0,0,3515,81559,116.13,32
2026-01-05 13:56:25,0,0,3515,81559,116.17,32
2026-01-05 13:56:35,0,0,3515,81559,116.05,32
2026-01-05 13:56:45,0,0,3515,81559,116.02,32
2026-01-05 13:56:55,0,0,3515,81559,116.82,32
2026-01-05 13:57:05,0,0,3515,81559,116.77,32
2026-01-05 13:57:15,0,0,3515,81559,116.04,32
2026-01-05 13:57:25,0,0,3515,81559,116.28,32
2026-01-05 13:57:35,0,0,3515,81559,116.24,32
2026-01-05 13:57:45,0,0,3515,81559,116.23,32
2026-01-05 13:57:55,0,0,3515,81559,116.07,32
2026-01-05 13:58:05,0,0,3515,81559,116.79,32
2026-01-05 13:58:16,89,30,3515,81559,162.56,40
2026-01-05 13:58:26,0,0,3515,81559,116.07,32
2026-01-05 13:58:36,0,0,3515,81559,116.10,32
2026-01-05 13:58:46,0,0,3515,81559,162.38,33
2026-01-05 13:58:56,0,0,3515,81559,116.83,32
2026-01-05 13:59:06,0,0,3515,81559,116.77,32
2026-01-05 13:59:16,0,0,3515,81559,162.75,32
2026-01-05 13:59:26,0,0,3515,81559,116.07,32
2026-01-05 13:59:36,0,0,3515,81559,116.14,32
2026-01-05 13:59:46,0,0,3515,81559,152.31,32
2026-01-05 13:59:56,0,0,3515,81559,116.15,32
2026-01-05 14:00:06,0,0,3515,81559,116.87,32
2026-01-05 14:00:16,0,0,3515,81559,116.30,32
2026-01-05 14:00:26,0,0,3515,81559,116.17,32
2026-01-05 14:00:36,0,0,3515,81559,116.90,32
2026-01-05 14:00:46,0,0,3515,81559,116.28,32
2026-01-05 14:00:56,0,0,3515,81559,116.90,32
2026-01-05 14:01:06,0,0,3515,81559,116.23,32
2026-01-05 14:01:16,0,0,3515,81559,116.41,32
2026-01-05 14:01:26,0,0,3515,81559,116.11,32
2026-01-05 14:01:36,0,0,3515,81559,116.92,32
2026-01-05 14:01:46,0,0,3515,81559,116.97,32
2026-01-05 14:01:56,0,0,3515,81559,116.18,32
2026-01-05 14:02:06,0,0,3515,81559,116.18,32
2026-01-05 14:02:16,0,0,3515,81559,116.14,32
2026-01-05 14:02:26,0,0,3515,81559,116.89,32
2026-01-05 14:02:36,0,0,3515,81559,116.12,32
2026-01-05 14:02:46,0,0,3515,81559,116.08,32
2026-01-05 14:02:56,0,0,3515,81559,116.06,32
2026-01-05 14:03:06,0,0,3515,81559,160.96,33
2026-01-05 14:03:16,0,0,3515,81559,116.80,32
2026-01-05 14:03:26,0,0,3515,81559,116.80,32
2026-01-05 14:03:36,0,0,3515,81559,160.41,33
2026-01-05 14:03:47,0,0,3515,81559,116.04,32
2026-01-05 14:03:57,0,0,3515,81559,116.89,32
2026-01-05 14:04:07,0,0,3515,81559,162.84,32
2026-01-05 14:04:17,0,0,3515,81559,116.84,32
2026-01-05 14:04:27,0,0,3515,81559,116.84,32
2026-01-05 14:04:37,0,0,3515,81559,117.04,32
2026-01-05 14:04:47,0,0,3515,81559,116.08,32
2026-01-05 14:04:57,0,0,3515,81559,116.28,32
2026-01-05 14:05:07,0,0,3515,81559,116.95,32
2026-01-05 14:05:17,0,0,3515,81559,116.83,32
2026-01-05 14:05:27,0,0,3515,81559,115.51,32
2026-01-05 14:05:37,0,0,3515,81559,116.17,32
2026-01-05 14:05:47,0,0,3515,81559,116.22,32
2026-01-05 14:05:57,72,24,3515,81559,161.76,40
2026-01-05 14:06:07,0,0,3515,81559,116.11,32
2026-01-05 14:06:17,0,0,3515,81559,116.80,32
2026-01-05 14:06:27,0,0,3515,81559,161.93,32
2026-01-05 14:06:37,0,0,3515,81559,116.87,32
2026-01-05 14:06:47,0,0,3515,81559,116.84,32
2026-01-05 14:06:57,0,0,3515,81559,149.09,32
2026-01-05 14:07:07,0,0,3515,81559,116.82,32
2026-01-05 14:07:17,0,0,3515,81559,116.07,32
2026-01-05 14:07:27,0,0,3515,81559,116.28,32
2026-01-05 14:07:37,0,0,3515,81559,116.81,32
2026-01-05 14:07:47,0,0,3515,81559,116.25,32
2026-01-05 14:07:57,0,0,3515,81559,116.17,32
2026-01-05 14:08:07,0,0,3515,81559,115.42,32
2026-01-05 14:08:17,0,0,3515,81559,115.35,32
2026-01-05 14:08:27,0,0,3515,81559,116.92,32
2026-01-05 14:08:37,0,0,3515,81559,116.77,32
2026-01-05 14:08:47,0,0,3515,81559,116.76,32
2026-01-05 14:08:57,0,0,3515,81559,116.86,32
2026-01-05 14:09:07,0,0,3515,81559,116.81,32
2026-01-05 14:09:18,0,0,3515,81559,116.82,32
2026-01-05 14:09:28,0,0,3515,81559,116.90,32
2026-01-05 14:09:38,0,0,3515,81559,116.14,32
2026-01-05 14:09:48,0,0,3515,81559,116.85,32
2026-01-05 14:09:58,0,0,3515,81559,116.19,32
2026-01-05 14:10:08,0,0,3515,81559,116.82,32
2026-01-05 14:10:18,0,0,3515,81559,116.18,32
2026-01-05 14:10:28,0,0,3515,81559,116.30,32
2026-01-05 14:10:38,0,0,3515,81559,116.82,32
2026-01-05 14:10:48,84,28,3515,81559,161.40,36
2026-01-05 14:10:58,0,0,3515,81559,116.92,32
2026-01-05 14:11:08,0,0,3515,81559,116.11,32
2026-01-05 14:11:18,0,0,3515,81559,161.44,35
2026-01-05 14:11:28,0,0,3515,81559,116.89,32
2026-01-05 14:11:38,0,0,3515,81559,116.15,32
2026-01-05 14:11:48,0,0,3515,81559,160.49,33
2026-01-05 14:11:58,0,0,3515,81559,116.15,32
2026-01-05 14:12:08,0,0,3515,81559,116.12,32
2026-01-05 14:12:18,0,0,3515,81559,159.87,32
2026-01-05 14:12:28,0,0,3515,81559,116.06,32
2026-01-05 14:12:38,0,0,3515,81559,116.82,32
2026-01-05 14:12:48,0,0,3515,81559,116.30,32
2026-01-05 14:12:58,0,0,3515,81559,116.11,32
2026-01-05 14:13:08,0,0,3515,81559,116.09,32
2026-01-05 14:13:18,0,0,3515,81559,116.97,32
2026-01-05 14:13:28,0,0,3515,81559,116.81,32
2026-01-05 14:13:38,0,0,3515,81559,116.83,32
2026-01-05 14:13:48,0,0,3515,81559,116.15,32
2026-01-05 14:13:58,0,0,3515,81559,115.41,32
2026-01-05 14:14:08,0,0,3515,81559,116.84,32
2026-01-05 14:14:18,0,0,3515,81559,116.14,32
2026-01-05 14:14:28,0,0,3515,81559,116.10,32
2026-01-05 14:14:39,0,0,3515,81559,116.11,32
2026-01-05 14:14:49,0,0,3515,81559,116.93,32
2026-01-05 14:14:59,0,0,3515,81559,116.83,32
2026-01-05 14:15:09,0,0,3515,81559,116.86,32
2026-01-05 14:15:19,0,0,3515,81559,115.56,32
2026-01-05 14:15:29,0,0,3515,81559,116.07,32
2026-01-05 14:15:39,73,25,3515,81559,160.99,35
2026-01-05 14:15:49,0,0,3515,81559,116.93,32
2026-01-05 14:15:59,0,0,3515,81559,116.11,32
2026-01-05 14:16:09,0,0,3515,81559,162.17,32
2026-01-05 14:16:19,0,0,3515,81559,116.89,32
2026-01-05 14:16:29,0,0,3515,81559,116.83,32
2026-01-05 14:16:39,0,0,3515,81559,156.98,32
2026-01-05 14:16:49,0,0,3515,81559,116.84,32
2026-01-05 14:16:59,0,0,3515,81559,116.81,32
2026-01-05 14:17:09,0,0,3515,81559,117.01,32
2026-01-05 14:17:19,0,0,3515,81559,116.06,32
2026-01-05 14:17:29,0,0,3515,81559,116.04,32
2026-01-05 14:17:39,0,0,3515,81559,116.17,32
2026-01-05 14:17:49,0,0,3515,81559,116.08,32
2026-01-05 14:17:59,0,0,3515,81559,116.78,32
2026-01-05 14:18:09,0,0,3515,81559,116.19,32
2026-01-05 14:18:19,0,0,3515,81559,116.14,32
2026-01-05 14:18:29,0,0,3515,81559,116.77,32
2026-01-05 14:18:39,0,0,3515,81559,116.15,32
2026-01-05 14:18:49,0,0,3515,81559,116.81,32
2026-01-05 14:18:59,0,0,3515,81559,116.81,32
2026-01-05 14:19:09,0,0,3515,81559,116.82,32
2026-01-05 14:19:19,0,0,3515,81559,116.83,32
2026-01-05 14:19:29,0,0,3515,81559,159.75,33
2026-01-05 14:19:39,0,0,3515,81559,115.52,32
2026-01-05 14:19:49,0,0,3515,81559,116.30,32
2026-01-05 14:20:00,0,0,3515,81559,160.86,33
2026-01-05 14:20:10,0,0,3515,81559,116.37,32
2026-01-05 14:20:20,0,0,3515,81559,116.85,32
2026-01-05 14:20:30,0,0,3515,81559,161.53,32
2026-01-05 14:20:40,0,0,3515,81559,116.17,32
2026-01-05 14:20:50,0,0,3515,81559,115.49,32
2026-01-05 14:21:00,0,0,3515,81559,116.44,32
2026-01-05 14:21:10,0,0,3515,81559,116.19,32
2026-01-05 14:21:20,0,0,3515,81559,116.87,32
2026-01-05 14:21:30,0,0,3515,81559,116.38,32
2026-01-05 14:21:40,0,0,3515,81559,116.15,32
2026-01-05 14:21:50,0,0,3515,81559,116.10,32
2026-01-05 14:22:00,0,0,3515,81559,116.29,32
2026-01-05 14:22:10,0,0,3515,81559,116.87,32
2026-01-05 14:22:20,0,0,3515,81559,116.87,32
2026-01-05 14:22:30,0,0,3515,81559,116.19,32
2026-01-05 14:22:40,0,0,3515,81559,116.83,32
2026-01-05 14:22:50,0,0,3515,81559,116.06,32
2026-01-05 14:23:00,0,0,3515,81559,116.11,32
2026-01-05 14:23:10,0,0,3515,81559,116.77,32
2026-01-05 14:23:20,0,0,3515,81559,116.07,32
2026-01-05 14:23:30,0,0,3515,81559,116.12,32
2026-01-05 14:23:40,0,0,3515,81559,115.43,32
2026-01-05 14:23:50,0,0,3515,81559,161.12,34
2026-01-05 14:24:00,0,0,3515,81559,116.12,32
2026-01-05 14:24:10,0,0,3515,81559,116.19,32
2026-01-05 14:24:20,0,0,3515,81559,162.46,32
2026-01-05 14:24:30,0,0,3515,81559,115.54,32
2026-01-05 14:24:40,0,0,3515,81559,115.44,32
2026-01-05 14:24:50,0,0,3515,81559,127.67,32
2026-01-05 14:25:00,0,0,3515,81559,116.09,32
2026-01-05 14:25:11,0,0,3515,81559,116.06,32
2026-01-05 14:25:21,0,0,3515,81559,116.25,32
2026-01-05 14:25:31,0,0,3515,81559,116.10,32
2026-01-05 14:25:41,0,0,3515,81559,116.82,32
2026-01-05 14:25:51,0,0,3515,81559,116.93,32
2026-01-05 14:26:01,0,0,3515,81559,116.85,32
2026-01-05 14:26:11,0,0,3515,81559,116.82,32
2026-01-05 14:26:21,0,0,3515,81559,116.15,32
2026-01-05 14:26:31,0,0,3515,81559,116.85,32
2026-01-05 14:26:41,0,0,3515,81559,116.82,32
2026-01-05 14:26:51,0,0,3515,81559,116.89,32
2026-01-05 14:27:01,0,0,3515,81559,116.10,32
2026-01-05 14:27:11,0,0,3515,81559,161.08,33
2026-01-05 14:27:21,0,0,3515,81559,116.91,32
2026-01-05 14:27:31,0,0,3515,81559,116.10,32
2026-01-05 14:27:41,0,0,3515,81559,162.25,33
2026-01-05 14:27:51,0,0,3515,81559,116.14,32
2026-01-05 14:28:01,0,0,3515,81559,116.08,32
2026-01-05 14:28:11,0,0,3515,81559,116.80,32
2026-01-05 14:28:21,0,0,3515,81559,116.11,32
2026-01-05 14:28:31,0,0,3515,81559,116.08,32
2026-01-05 14:28:41,0,0,3515,81559,116.23,32
2026-01-05 14:28:51,0,0,3515,81559,116.10,32
2026-01-05 14:29:01,0,0,3515,81559,116.04,32
2026-01-05 14:29:11,0,0,3515,81559,116.89,32
2026-01-05 14:29:21,0,0,3515,81559,115.42,32
2026-01-05 14:29:31,0,0,3515,81559,116.73,32
2026-01-05 14:29:41,0,0,3515,81559,116.19,32
2026-01-05 14:29:51,0,0,3515,81559,116.04,32
2026-01-05 14:30:01,0,0,3515,81559,116.04,32
2026-01-05 14:30:11,0,0,3515,81559,116.05,32
2026-01-05 14:30:21,0,0,3515,81559,116.02,32
2026-01-05 14:30:32,0,0,3515,81559,115.41,32
2026-01-05 14:30:42,0,0,3515,81559,116.11,32
2026-01-05 14:30:52,0,0,3515,81559,116.82,32
2026-01-05 14:31:02,0,0,3515,81559,116.80,32
2026-01-05 14:31:12,0,0,3515,81559,116.15,32
2026-01-05 14:31:22,0,0,3515,81559,116.86,32
2026-01-05 14:31:32,0,0,3515,81559,121.93,32
2026-01-05 14:31:42,0,0,3515,81559,116.18,32
2026-01-05 14:31:52,0,0,3515,81559,116.86,32
2026-01-05 14:32:02,25,8,3515,81559,162.59,34
2026-01-05 14:32:12,0,0,3515,81559,116.36,32
2026-01-05 14:32:22,0,0,3515,81559,116.09,32
2026-01-05 14:32:32,0,0,3515,81559,161.87,33
2026-01-05 14:32:42,0,0,3515,81559,116.90,32
2026-01-05 14:32:52,0,0,3515,81559,116.09,32
2026-01-05 14:33:02,0,0,3515,81559,162.36,33
2026-01-05 14:33:12,0,0,3515,81559,116.19,32
2026-01-05 14:33:22,0,0,3515,81559,116.29,32
2026-01-05 14:33:32,0,0,3515,81559,160.87,32
2026-01-05 14:33:42,0,0,3515,81559,116.10,32
2026-01-05 14:33:52,0,0,3515,81559,116.12,32
2026-01-05 14:34:02,0,0,3515,81559,115.58,32
2026-01-05 14:34:12,0,0,3515,81559,116.13,32
2026-01-05 14:34:22,0,0,3515,81559,116.78,32
2026-01-05 14:34:32,0,0,3515,81559,116.17,32
2026-01-05 14:34:43,0,0,3515,81559,116.06,32
2026-01-05 14:34:53,0,0,3515,81559,116.79,32
2026-01-05 14:35:03,0,0,3515,81559,116.90,32
2026-01-05 14:35:13,0,0,3515,81559,116.85,32
2026-01-05 14:35:23,0,0,3515,81559,116.79,32
2026-01-05 14:35:33,0,0,3515,81559,116.89,32
2026-01-05 14:35:43,0,0,3515,81559,116.84,32
2026-01-05 14:35:53,0,0,3515,81559,116.80,32
2026-01-05 14:36:03,0,0,3515,81559,116.91,32
2026-01-05 14:36:13,0,0,3515,81559,116.05,32
2026-01-05 14:36:23,0,0,3515,81559,115.44,32
2026-01-05 14:36:33,0,0,3515,81559,116.14,32
2026-01-05 14:36:43,0,0,3515,81559,116.84,32
2026-01-05 14:36:53,37,12,3515,81559,163.32,34
2026-01-05 14:37:03,0,0,3515,81559,115.54,32
2026-01-05 14:37:13,0,0,3515,81559,116.08,32
2026-01-05 14:37:23,0,0,3515,81559,160.93,33
2026-01-05 14:37:33,0,0,3515,81559,116.24,32
2026-01-05 14:37:43,0,0,3515,81559,116.82,32
2026-01-05 14:37:53,0,0,3515,81559,163.56,32
2026-01-05 14:38:03,0,0,3515,81559,116.85,32
2026-01-05 14:38:13,0,0,3515,81559,116.04,32
2026-01-05 14:38:23,0,0,3515,81559,116.94,32
2026-01-05 14:38:33,0,0,3515,81559,116.23,32
2026-01-05 14:38:43,0,0,3515,81559,116.00,32
2026-01-05 14:38:53,0,0,3515,81559,116.11,32
2026-01-05 14:39:03,0,0,3515,81559,116.01,32
2026-01-05 14:39:13,0,0,3515,81559,116.73,32
2026-01-05 14:39:23,0,0,3515,81559,116.84,32
2026-01-05 14:39:33,0,0,3515,81559,116.78,32
2026-01-05 14:39:44,0,0,3515,81559,116.78,32
2026-01-05 14:39:54,0,0,3515,81559,116.83,32
2026-01-05 14:40:04,0,0,3515,81559,116.08,32
2026-01-05 14:40:14,86,29,3515,81559,160.93,40
2026-01-05 14:40:24,0,0,3515,81559,116.85,32
2026-01-05 14:40:34,0,0,3515,81559,116.23,32
2026-01-05 14:40:44,0,0,3515,81559,163.01,33
2026-01-05 14:40:54,0,0,3515,81559,116.10,32
2026-01-05 14:41:04,0,0,3515,81559,116.11,32
2026-01-05 14:41:14,0,0,3515,81559,162.54,33
2026-01-05 14:41:24,0,0,3515,81559,116.89,32
2026-01-05 14:41:34,0,0,3515,81559,116.88,32
2026-01-05 14:41:44,0,0,3515,81559,145.63,32
2026-01-05 14:41:54,0,0,3515,81559,116.93,32
2026-01-05 14:42:04,0,0,3515,81559,116.89,32
2026-01-05 14:42:14,0,0,3515,81559,116.31,32
2026-01-05 14:42:24,0,0,3515,81559,115.56,32
2026-01-05 14:42:34,0,0,3515,81559,116.88,32
2026-01-05 14:42:44,0,0,3515,81559,116.28,32
2026-01-05 14:42:54,0,0,3515,81559,115.51,32
2026-01-05 14:43:04,0,0,3515,81559,116.10,32
2026-01-05 14:43:14,0,0,3515,81559,116.41,32
2026-01-05 14:43:24,0,0,3515,81559,116.86,32
2026-01-05 14:43:34,0,0,3515,81559,116.11,32
2026-01-05 14:43:44,0,0,3515,81559,116.92,32
2026-01-05 14:43:54,0,0,3515,81559,116.69,32
2026-01-05 14:44:04,0,0,3515,81559,115.46,32
2026-01-05 14:44:14,0,0,3515,81559,115.54,32
2026-01-05 14:44:24,0,0,3515,81559,116.87,32
2026-01-05 14:44:34,0,0,3515,81559,129.08,33
2026-01-05 14:44:44,0,0,3515,81559,116.92,32
2026-01-05 14:44:54,0,0,3515,81559,116.18,32
2026-01-05 14:45:05,0,0,3515,81559,164.26,34
2026-01-05 14:45:15,0,0,3515,81559,116.93,32
2026-01-05 14:45:25,0,0,3515,81559,116.87,32
2026-01-05 14:45:35,0,0,3515,81559,161.48,33
2026-01-05 14:45:45,0,0,3515,81559,116.22,32
2026-01-05 14:45:55,0,0,3515,81559,116.86,32
2026-01-05 14:46:05,0,0,3515,81559,160.33,32
2026-01-05 14:46:15,0,0,3515,81559,116.17,32
2026-01-05 14:46:25,0,0,3515,81559,115.56,32
2026-01-05 14:46:35,0,0,3515,81559,161.25,33
2026-01-05 14:46:45,0,0,3515,81559,116.31,32
2026-01-05 14:46:55,0,0,3515,81559,116.17,32
2026-01-05 14:47:05,0,0,3515,81559,157.58,32
2026-01-05 14:47:15,0,0,3515,81559,116.93,32
2026-01-05 14:47:25,0,0,3515,81559,116.15,32
2026-01-05 14:47:35,0,0,3515,81559,116.41,32
2026-01-05 14:47:45,0,0,3515,81559,116.15,32
2026-01-05 14:47:55,0,0,3515,81559,116.83,32
2026-01-05 14:48:05,0,0,3515,81559,116.28,32
2026-01-05 14:48:15,0,0,3515,81559,116.28,32
2026-01-05 14:48:25,0,0,3515,81559,116.24,32
2026-01-05 14:48:35,0,0,3515,81559,116.95,32
2026-01-05 14:48:45,0,0,3515,81559,116.86,32
2026-01-05 14:48:55,0,0,3515,81559,116.85,32
2026-01-05 14:49:05,0,0,3515,81559,116.32,32
2026-01-05 14:49:15,0,0,3515,81559,116.29,32
2026-01-05 14:49:25,0,0,3515,81559,116.82,32
2026-01-05 14:49:35,0,0,3515,81559,116.91,32
2026-01-05 14:49:45,0,0,3515,81559,116.30,32
2026-01-05 14:49:55,0,0,3515,81559,116.19,32
2026-01-05 14:50:05,0,0,3515,81559,117.01,32
2026-01-05 14:50:16,0,0,3515,81559,116.87,32
2026-01-05 14:50:26,0,0,3515,81559,116.07,32
2026-01-05 14:50:36,0,0,3515,81559,161.36,32
2026-01-05 14:50:46,0,0,3515,81559,116.18,32
2026-01-05 14:50:56,0,0,3515,81559,116.89,32
2026-01-05 14:51:06,0,0,3515,81559,116.93,32
2026-01-05 14:51:16,0,0,3515,81559,162.39,33
2026-01-05 14:51:26,0,0,3515,81559,116.91,32
2026-01-05 14:51:36,0,0,3515,81559,116.96,32
2026-01-05 14:51:46,0,0,3515,81559,116.14,32
2026-01-05 14:51:56,0,0,3515,81559,163.15,33
2026-01-05 14:52:06,0,0,3515,81559,116.30,32
2026-01-05 14:52:16,0,0,3515,81559,116.38,32
2026-01-05 14:52:26,0,0,3515,81559,116.43,32
2026-01-05 14:52:36,79,27,3515,81559,162.13,36
2026-01-05 14:52:46,0,0,3515,81559,116.44,32
2026-01-05 14:52:56,0,0,3515,81559,116.20,32
2026-01-05 14:53:06,0,0,3515,81559,142.26,33
2026-01-05 14:53:19,0,0,3515,81559,116.93,32
2026-01-05 14:53:29,0,0,3515,81559,116.40,32
2026-01-05 14:53:39,0,0,3515,81559,116.49,32
2026-01-05 14:53:49,0,0,3515,81559,160.53,33
2026-01-05 14:54:00,0,0,3515,81559,116.28,32
2026-01-05 14:54:10,0,0,3515,81559,116.95,32
2026-01-05 14:54:20,0,0,3515,81559,116.91,32
2026-01-05 14:54:30,73,24,3515,81559,161.21,40
2026-01-05 14:54:40,0,0,3515,81559,116.99,32
2026-01-05 14:54:50,0,0,3515,81559,116.26,32
2026-01-05 14:55:00,0,0,3515,81559,116.25,32
2026-01-05 14:55:10,0,0,3515,81559,116.97,32
2026-01-05 14:55:20,0,0,3515,81559,161.48,33
2026-01-05 14:55:30,0,0,3515,81559,117.02,32
2026-01-05 14:55:40,0,0,3515,81559,115.62,32
2026-01-05 14:55:50,0,0,3515,81559,116.25,32
2026-01-05 14:56:00,0,0,3515,81559,116.38,32
2026-01-05 14:56:10,0,0,3515,81559,117.35,33
2026-01-05 14:56:20,0,0,3515,81559,116.27,32
2026-01-05 14:56:30,0,0,3515,81559,116.26,32
2026-01-05 14:56:40,0,0,3515,81559,117.00,32
2026-01-05 14:56:50,0,0,3515,81559,162.97,33
2026-01-05 14:57:00,0,0,3515,81559,116.98,32
2026-01-05 14:57:10,0,0,3515,81559,116.21,32
2026-01-05 14:57:20,0,0,3515,81559,116.13,32
2026-01-05 14:57:30,0,0,3515,81559,116.20,32
2026-01-05 14:57:40,0,0,3515,81559,117.03,33
2026-01-05 14:57:50,0,0,3515,81559,116.26,32
2026-01-05 14:58:01,0,0,3515,81559,116.19,32
2026-01-05 14:58:11,0,0,3515,81559,116.22,32
2026-01-05 14:58:21,0,0,3515,81559,161.55,33
2026-01-05 14:58:31,0,0,3515,81559,116.98,32
2026-01-05 14:58:41,0,0,3515,81559,116.19,32
2026-01-05 14:58:51,0,0,3515,81559,116.91,32
2026-01-05 14:59:01,0,0,3515,81559,116.13,32
2026-01-05 14:59:11,0,0,3515,81559,162.96,33
2026-01-05 14:59:21,0,0,3515,81559,115.58,32
2026-01-05 14:59:31,0,0,3515,81559,116.14,32
2026-01-05 14:59:41,0,0,3515,81559,116.29,32
2026-01-05 14:59:51,0,0,3515,81559,160.94,33
2026-01-05 15:00:01,0,0,3515,81559,116.95,32
2026-01-05 15:00:11,0,0,3515,81559,116.08,32
2026-01-05 15:00:21,0,0,3515,81559,116.12,32
2026-01-05 15:00:31,0,0,3515,81559,162.11,33
2026-01-05 15:00:41,0,0,3515,81559,116.24,32
2026-01-05 15:00:51,0,0,3515,81559,116.19,32
2026-01-05 15:01:01,0,0,3515,81559,116.14,32
2026-01-05 15:01:11,0,0,3515,81559,162.16,33
2026-01-05 15:01:21,0,0,3515,81559,116.25,33
2026-01-05 15:01:31,0,0,3515,81559,116.13,32
2026-01-05 15:01:41,0,0,3515,81559,116.98,33
2026-01-05 15:01:51,0,0,3515,81559,160.78,33
2026-01-05 15:02:02,0,0,3515,81559,116.31,33
2026-01-05 15:02:12,0,0,3515,81559,117.06,33
2026-01-05 15:02:22,0,0,3515,81559,116.36,33
2026-01-05 15:02:32,0,0,3515,81559,162.26,33
2026-01-05 15:02:42,0,0,3515,81559,116.34,33
2026-01-05 15:02:52,0,0,3515,81559,117.16,33
2026-01-05 15:03:02,0,0,3515,81559,116.25,33
2026-01-05 15:03:12,0,0,3515,81559,161.66,33
2026-01-05 15:03:22,0,0,3515,81559,116.29,33
2026-01-05 15:03:32,0,0,3515,81559,116.34,33
2026-01-05 15:03:42,0,0,3515,81559,116.43,33
2026-01-05 15:03:52,29,10,3515,81559,159.72,35
2026-01-05 15:04:02,0,0,3515,81559,117.18,33
2026-01-05 15:04:12,0,0,3515,81559,116.36,33
2026-01-05 15:04:22,0,0,3515,81559,116.48,33
2026-01-05 15:04:32,0,0,3515,81559,161.36,34
2026-01-05 15:04:42,0,0,3515,81559,115.90,33
2026-01-05 15:04:52,0,0,3515,81559,117.11,33
2026-01-05 15:05:02,0,0,3515,81559,116.46,33
2026-01-05 15:05:12,0,0,3515,81559,163.01,33
2026-01-05 15:05:22,0,0,3515,81559,116.44,33
2026-01-05 15:05:32,0,0,3515,81559,117.22,33
2026-01-05 15:05:42,0,0,3515,81559,116.38,33
2026-01-05 15:05:52,0,0,3515,81559,161.98,33
2026-01-05 15:06:02,0,0,3515,81559,117.27,33
2026-01-05 15:06:13,0,0,3515,81559,117.02,33
2026-01-05 15:06:23,0,0,3515,81559,117.13,33
2026-01-05 15:06:33,0,0,3515,81559,162.73,33
2026-01-05 15:06:43,0,0,3515,81559,115.71,33
2026-01-05 15:06:53,0,0,3515,81559,116.33,33
2026-01-05 15:07:03,0,0,3515,81559,117.21,33
2026-01-05 15:07:13,0,0,3515,81559,160.58,33
2026-01-05 15:07:23,0,0,3515,81559,116.27,33
2026-01-05 15:07:33,0,0,3515,81559,116.31,33
2026-01-05 15:07:43,0,0,3515,81559,116.31,33
2026-01-05 15:07:53,0,0,3515,81559,162.68,33
2026-01-05 15:08:03,0,0,3515,81559,116.51,33
2026-01-05 15:08:13,0,0,3515,81559,117.07,33
2026-01-05 15:08:23,0,0,3515,81559,116.35,33
2026-01-05 15:08:33,0,0,3515,81559,163.02,33
2026-01-05 15:08:43,0,0,3515,81559,117.03,33
2026-01-05 15:08:53,0,0,3515,81559,117.11,33
2026-01-05 15:09:03,0,0,3515,81559,117.07,33
2026-01-05 15:09:13,0,0,3515,81559,162.82,33
2026-01-05 15:09:23,0,0,3515,81559,117.09,33
2026-01-05 15:09:33,0,0,3515,81559,116.46,33
2026-01-05 15:09:43,0,0,3515,81559,116.31,33
2026-01-05 15:09:53,0,0,3515,81559,116.52,33
2026-01-05 15:10:03,0,0,3515,81559,116.33,33
2026-01-05 15:10:14,0,0,3515,81559,117.21,33
2026-01-05 15:10:24,0,0,3515,81559,115.63,33
2026-01-05 15:10:34,0,0,3515,81559,116.42,33
2026-01-05 15:10:44,0,0,3515,81559,117.14,33
2026-01-05 15:10:54,0,0,3515,81559,116.33,33
2026-01-05 15:11:04,0,0,3515,81559,117.21,33
2026-01-05 15:11:14,0,0,3515,81559,161.32,33
2026-01-05 15:11:24,0,0,3515,81559,117.15,33
2026-01-05 15:11:34,0,0,3515,81559,117.03,33
2026-01-05 15:11:44,0,0,3515,81559,116.32,33
2026-01-05 15:11:54,0,0,3515,81559,116.66,33
2026-01-05 15:12:04,0,0,3515,81559,116.25,33
2026-01-05 15:12:14,0,0,3515,81559,117.01,33
2026-01-05 15:12:24,0,0,3515,81559,116.48,33
2026-01-05 15:12:34,0,0,3515,81559,116.85,33
2026-01-05 15:12:44,0,0,3515,81559,116.19,33
2026-01-05 15:12:54,0,0,3515,81559,116.34,33
2026-01-05 15:13:04,0,0,3515,81559,116.26,33
2026-01-05 15:13:14,0,0,3515,81559,117.13,33
2026-01-05 15:13:24,0,0,3515,81559,116.34,33
2026-01-05 15:13:34,0,0,3515,81559,116.29,33
2026-01-05 15:13:44,0,0,3515,81559,116.22,33
2026-01-05 15:13:54,0,0,3515,81559,116.41,33
2026-01-05 15:14:04,0,0,3515,81559,116.25,33
2026-01-05 15:14:15,0,0,3515,81559,116.28,33
2026-01-05 15:14:25,0,0,3515,81559,116.55,33
2026-01-05 15:14:35,0,0,3515,81559,116.41,33
2026-01-05 15:14:45,0,0,3515,81559,116.35,33
2026-01-05 15:14:55,0,0,3515,81559,116.43,33
2026-01-05 15:15:05,33,11,3515,81559,151.57,39
2026-01-05 15:15:15,0,0,3515,81559,116.32,33
2026-01-05 15:15:25,0,0,3515,81559,117.10,33
2026-01-05 15:15:35,0,0,3515,81559,117.09,33
2026-01-05 15:15:45,0,0,3515,81559,162.90,34
2026-01-05 15:15:55,0,0,3515,81559,116.40,33
2026-01-05 15:16:05,0,0,3515,81559,117.04,33
2026-01-05 15:16:15,0,0,3515,81559,116.33,33
2026-01-05 15:16:25,0,0,3515,81559,142.23,36
2026-01-05 15:16:35,0,0,3515,81559,116.53,33
2026-01-05 15:16:45,0,0,3515,81559,116.31,33
2026-01-05 15:16:55,0,0,3515,81559,116.24,33
2026-01-05 15:17:05,65,21,3515,81559,148.36,40
2026-01-05 15:17:15,0,0,3515,81559,117.34,33
2026-01-05 15:17:25,0,0,3515,81559,117.12,33
2026-01-05 15:17:35,0,0,3515,81559,116.47,33
2026-01-05 15:17:45,0,0,3515,81559,161.06,34
2026-01-05 15:17:55,0,0,3515,81559,116.48,33
2026-01-05 15:18:05,0,0,3515,81559,116.37,33
2026-01-05 15:18:15,0,0,3515,81559,116.34,33
2026-01-05 15:18:26,0,0,3515,81559,160.20,33
2026-01-05 15:18:36,0,0,3515,81559,116.51,33
2026-01-05 15:18:46,0,0,3515,81559,116.57,33
2026-01-05 15:18:56,0,0,3515,81559,116.48,33
2026-01-05 15:19:06,0,0,3515,81559,162.58,33
2026-01-05 15:19:16,0,0,3515,81559,117.08,33
2026-01-05 15:19:26,0,0,3515,81559,116.51,33
2026-01-05 15:19:36,0,0,3515,81559,117.18,33
2026-01-05 15:19:46,0,0,3515,81559,164.07,33
2026-01-05 15:19:56,0,0,3515,81559,116.33,33
2026-01-05 15:20:06,0,0,3515,81559,116.37,33
2026-01-05 15:20:16,0,0,3515,81559,116.46,33
2026-01-05 15:20:26,0,0,3515,81559,116.07,33
2026-01-05 15:20:36,0,0,3515,81559,117.17,33
2026-01-05 15:20:46,0,0,3515,81559,116.39,33
2026-01-05 15:20:56,0,0,3515,81559,117.05,33
2026-01-05 15:21:06,0,0,3515,81559,117.36,33
2026-01-05 15:21:16,0,0,3515,81559,117.14,33
2026-01-05 15:21:26,0,0,3515,81559,116.34,33
2026-01-05 15:21:36,0,0,3515,81559,116.50,33
2026-01-05 15:21:46,0,0,3515,81559,116.38,33
2026-01-05 15:21:56,0,0,3515,81559,117.07,33
2026-01-05 15:22:06,0,0,3515,81559,117.17,33
2026-01-05 15:22:16,0,0,3515,81559,161.43,33
2026-01-05 15:22:27,0,0,3515,81559,116.58,33
2026-01-05 15:22:37,0,0,3515,81559,117.21,33
2026-01-05 15:22:47,0,0,3515,81559,116.40,33
2026-01-05 15:22:57,0,0,3515,81559,161.33,33
2026-01-05 15:23:07,0,0,3515,81559,115.87,33
2026-01-05 15:23:17,0,0,3515,81559,117.02,33
2026-01-05 15:23:27,0,0,3515,81559,116.28,33
2026-01-05 15:23:37,0,0,3515,81559,160.68,33
2026-01-05 15:23:47,0,0,3515,81559,116.38,33
2026-01-05 15:23:57,0,0,3515,81559,116.66,33
2026-01-05 15:24:07,0,0,3515,81559,116.58,33
2026-01-05 15:24:17,0,0,3515,81559,161.29,33
2026-01-05 15:24:27,0,0,3515,81559,117.18,33
2026-01-05 15:24:37,0,0,3515,81559,116.18,33
2026-01-05 15:24:47,0,0,3515,81559,116.95,33
2026-01-05 15:24:57,0,0,3515,81559,163.76,33
2026-01-05 15:25:07,0,0,3515,81559,116.37,33
2026-01-05 15:25:17,0,0,3515,81559,116.35,33
2026-01-05 15:25:27,0,0,3515,81559,116.29,33
2026-01-05 15:25:37,44,14,3515,81559,133.84,33
2026-01-05 15:25:47,0,0,3515,81559,117.04,33
2026-01-05 15:25:57,0,0,3515,81559,117.10,33
2026-01-05 15:26:07,0,0,3515,81559,116.26,33
2026-01-05 15:26:18,0,0,3515,81559,116.18,33
2026-01-05 15:26:28,0,0,3515,81559,115.83,33
2026-01-05 15:26:38,0,0,3515,81559,116.30,33
2026-01-05 15:26:48,0,0,3515,81559,116.39,33
2026-01-05 15:26:58,0,0,3515,81559,116.51,33
2026-01-05 15:27:08,0,0,3515,81559,115.92,33
2026-01-05 15:27:18,0,0,3515,81559,117.17,33
2026-01-05 15:27:28,0,0,3515,81559,116.51,33
2026-01-05 15:27:38,0,0,3515,81559,116.26,33
2026-01-05 15:27:48,0,0,3515,81559,116.45,33
2026-01-05 15:27:58,0,0,3515,81559,117.02,33
2026-01-05 15:28:08,0,0,3515,81559,117.03,33
2026-01-05 15:28:18,0,0,3515,81559,117.19,33
2026-01-05 15:28:28,0,0,3515,81559,117.10,33
2026-01-05 15:28:38,0,0,3515,81559,117.19,33
2026-01-05 15:28:48,0,0,3515,81559,116.32,33
2026-01-05 15:28:58,0,0,3515,81559,116.26,33
2026-01-05 15:29:08,0,0,3515,81559,116.44,33
2026-01-05 15:29:18,0,0,3515,81559,116.30,33
2026-01-05 15:29:28,0,0,3515,81559,115.75,33
2026-01-05 15:29:38,0,0,3515,81559,116.29,33
2026-01-05 15:29:48,0,0,3515,81559,117.13,33
2026-01-05 15:29:58,0,0,3515,81559,117.05,33
2026-01-05 15:30:08,0,0,3515,81559,117.05,33
2026-01-05 15:30:19,0,0,3515,81559,117.07,33
2026-01-05 15:30:29,0,0,3515,81559,116.42,33
2026-01-05 15:30:39,0,0,3515,81559,117.04,33
2026-01-05 15:30:49,0,0,3515,81559,116.32,33
2026-01-05 15:30:59,0,0,3515,81559,116.29,33
2026-01-05 15:31:09,0,0,3515,81559,116.39,33
2026-01-05 15:31:19,0,0,3515,81559,117.08,33
2026-01-05 15:31:29,0,0,3515,81559,116.30,33
2026-01-05 15:31:39,0,0,3515,81559,116.23,33
2026-01-05 15:31:49,0,0,3515,81559,116.86,33
2026-01-05 15:31:59,0,0,3515,81559,116.34,33
2026-01-05 15:32:09,0,0,3515,81559,117.10,33
2026-01-05 15:32:19,0,0,3515,81559,116.43,33
2026-01-05 15:32:29,0,0,3515,81559,161.39,33
2026-01-05 15:32:39,0,0,3515,81559,117.13,33
2026-01-05 15:32:49,0,0,3515,81559,117.08,33
2026-01-05 15:32:59,0,0,3515,81559,116.34,33
2026-01-05 15:33:09,0,0,3515,81559,161.18,33
2026-01-05 15:33:19,0,0,3515,81559,116.35,33
2026-01-05 15:33:29,0,0,3515,81559,116.37,33
2026-01-05 15:33:39,0,0,3515,81559,116.36,33
2026-01-05 15:33:49,0,0,3515,81559,163.34,33
2026-01-05 15:33:59,0,0,3515,81559,117.24,33
2026-01-05 15:34:09,0,0,3515,81559,116.34,33
2026-01-05 15:34:19,0,0,3515,81559,116.39,33
2026-01-05 15:34:30,0,0,3515,81559,161.85,33
2026-01-05 15:34:40,0,0,3515,81559,116.42,33
2026-01-05 15:34:50,0,0,3515,81559,115.87,33
2026-01-05 15:35:00,0,0,3515,81559,117.16,33
2026-01-05 15:35:10,0,0,3515,81559,153.37,33
2026-01-05 15:35:20,0,0,3515,81559,116.38,33
2026-01-05 15:35:30,0,0,3515,81559,117.16,33
2026-01-05 15:35:40,0,0,3515,81559,116.56,33
2026-01-05 15:35:50,0,0,3515,81559,161.58,33
2026-01-05 15:36:00,0,0,3515,81559,117.18,33
2026-01-05 15:36:10,0,0,3515,81559,117.28,33
2026-01-05 15:36:20,0,0,3515,81559,117.17,33
2026-01-05 15:36:30,0,0,3515,81559,164.15,33
2026-01-05 15:36:40,0,0,3515,81559,117.17,33
2026-01-05 15:36:50,0,0,3515,81559,117.13,33
2026-01-05 15:37:00,0,0,3515,81559,117.09,33
2026-01-05 15:37:10,0,0,3515,81559,162.70,33
2026-01-05 15:37:20,0,0,3515,81559,117.20,33
2026-01-05 15:37:30,0,0,3515,81559,117.21,33
2026-01-05 15:37:40,0,0,3515,81559,116.43,33
2026-01-05 15:37:50,0,0,3515,81559,116.80,33
2026-01-05 15:38:00,0,0,3515,81559,116.52,33
2026-01-05 15:38:10,0,0,3515,81559,117.21,33
2026-01-05 15:38:20,0,0,3515,81559,116.88,33
2026-01-05 15:38:30,0,0,3515,81559,161.31,33
2026-01-05 15:38:41,0,0,3515,81559,116.38,33
2026-01-05 15:38:51,0,0,3515,81559,117.24,33
2026-01-05 15:39:01,0,0,3515,81559,117.30,33
2026-01-05 15:39:11,0,0,3515,81559,117.31,33
2026-01-05 15:39:21,0,0,3515,81559,116.39,33
2026-01-05 15:39:31,0,0,3515,81559,116.49,33
2026-01-05 15:39:41,0,0,3515,81559,117.14,33
2026-01-05 15:39:51,0,0,3515,81559,116.76,33
2026-01-05 15:40:01,0,0,3515,81559,116.42,33
2026-01-05 15:40:11,0,0,3515,81559,116.64,33
2026-01-05 15:40:21,0,0,3515,81559,117.30,33
2026-01-05 15:40:31,0,0,3515,81559,117.35,33
2026-01-05 15:40:41,0,0,3515,81559,117.17,33
2026-01-05 15:40:51,0,0,3515,81559,116.53,33
2026-01-05 15:41:01,0,0,3515,81559,116.64,33
2026-01-05 15:41:11,0,0,3515,81559,116.52,33
2026-01-05 15:41:21,0,0,3515,81559,116.97,33
2026-01-05 15:41:31,0,0,3515,81559,115.81,33
2026-01-05 15:41:41,0,0,3515,81559,116.29,33
2026-01-05 15:41:51,0,0,3515,81559,117.35,33
2026-01-05 15:42:01,0,0,3515,81559,117.12,33
2026-01-05 15:42:11,0,0,3515,81559,116.51,33
2026-01-05 15:42:21,0,0,3515,81559,116.33,33
2026-01-05 15:42:31,0,0,3515,81559,115.80,33
2026-01-05 15:42:41,0,0,3515,81559,117.13,33
2026-01-05 15:42:52,0,0,3515,81559,117.03,33
2026-01-05 15:43:02,9,3,3515,81559,144.62,38
2026-01-05 15:43:12,0,0,3515,81559,117.35,33
2026-01-05 15:43:22,0,0,3515,81559,117.22,33
2026-01-05 15:43:32,0,0,3515,81559,116.36,33
2026-01-05 15:43:42,0,0,3515,81559,161.62,34
2026-01-05 15:43:52,0,0,3515,81559,117.23,33
2026-01-05 15:44:02,0,0,3515,81559,117.08,33
2026-01-05 15:44:12,0,0,3515,81559,117.08,33
2026-01-05 15:44:22,0,0,3515,81559,120.25,33
2026-01-05 15:44:32,0,0,3515,81559,116.49,33
2026-01-05 15:44:42,0,0,3515,81559,116.49,33
2026-01-05 15:44:52,0,0,3515,81559,116.47,33
2026-01-05 15:45:02,0,0,3515,81559,117.25,33
2026-01-05 15:45:12,0,0,3515,81559,116.41,33
2026-01-05 15:45:22,0,0,3515,81559,116.47,33
2026-01-05 15:45:32,0,0,3515,81559,117.35,33
2026-01-05 15:45:42,0,0,3515,81559,117.25,33
2026-01-05 15:45:52,0,0,3515,81559,116.56,33
2026-01-05 15:46:02,0,0,3515,81559,115.85,33
2026-01-05 15:46:12,0,0,3515,81559,116.43,33
2026-01-05 15:46:22,0,0,3515,81559,116.35,33
2026-01-05 15:46:32,0,0,3515,81559,117.32,33
2026-01-05 15:46:42,0,0,3515,81559,117.30,33
2026-01-05 15:46:52,0,0,3515,81559,117.23,33
2026-01-05 15:47:03,0,0,3515,81559,116.51,33
2026-01-05 15:47:13,0,0,3515,81559,116.52,33
2026-01-05 15:47:23,0,0,3515,81559,115.99,33
2026-01-05 15:47:33,0,0,3515,81559,116.79,33
2026-01-05 15:47:43,0,0,3515,81559,116.66,33
2026-01-05 15:47:53,0,0,3515,81559,163.11,33
2026-01-05 15:48:03,0,0,3515,81559,116.49,33
2026-01-05 15:48:13,0,0,3515,81559,117.13,33
2026-01-05 15:48:23,0,0,3515,81559,117.17,33
2026-01-05 15:48:33,0,0,3515,81559,162.01,33
2026-01-05 15:48:43,0,0,3515,81559,117.29,33
2026-01-05 15:48:53,0,0,3515,81559,116.33,33
2026-01-05 15:49:03,0,0,3515,81559,116.35,33
2026-01-05 15:49:13,83,28,3515,81559,161.13,37
2026-01-05 15:49:23,0,0,3515,81559,116.39,33
2026-01-05 15:49:33,0,0,3515,81559,116.40,33
2026-01-05 15:49:43,0,0,3515,81559,116.32,33
2026-01-05 15:49:53,0,0,3515,81559,162.01,33
2026-01-05 15:50:03,0,0,3515,81559,117.14,33
2026-01-05 15:50:13,0,0,3515,81559,116.36,33
2026-01-05 15:50:23,0,0,3515,81559,117.13,33
2026-01-05 15:50:33,9,3,3515,81559,127.92,38
2026-01-05 15:50:43,0,0,3515,81559,117.09,33
2026-01-05 15:50:53,0,0,3515,81559,116.33,33
2026-01-05 15:51:04,0,0,3515,81559,117.19,33
2026-01-05 15:51:14,0,0,3515,81559,161.03,34
2026-01-05 15:51:24,0,0,3515,81559,117.13,33
2026-01-05 15:51:34,0,0,3515,81559,117.07,33
2026-01-05 15:51:44,0,0,3515,81559,116.33,33
2026-01-05 15:51:54,0,0,3515,81559,160.56,33
2026-01-05 15:52:04,0,0,3515,81559,116.36,33
2026-01-05 15:52:14,0,0,3515,81559,116.48,33
2026-01-05 15:52:24,0,0,3515,81559,115.76,33
2026-01-05 15:52:34,0,0,3515,81559,161.93,33
2026-01-05 15:52:44,0,0,3515,81559,116.27,33
2026-01-05 15:52:54,0,0,3515,81559,116.31,33
2026-01-05 15:53:04,0,0,3515,81559,116.35,33
2026-01-05 15:53:14,0,0,3515,81559,116.59,33
2026-01-05 15:53:24,0,0,3515,81559,116.35,33
2026-01-05 15:53:34,0,0,3515,81559,116.48,33
2026-01-05 15:53:44,0,0,3515,81559,116.46,33
2026-01-05 15:53:54,0,0,3515,81559,116.61,33
2026-01-05 15:54:04,0,0,3515,81559,116.58,33
2026-01-05 15:54:14,0,0,3515,81559,116.20,33
2026-01-05 15:54:24,0,0,3515,81559,116.88,33
2026-01-05 15:54:34,0,0,3515,81559,116.47,33
2026-01-05 15:54:44,0,0,3515,81559,116.29,33
2026-01-05 15:54:54,0,0,3515,81559,117.12,33
2026-01-05 15:55:04,0,0,3515,81559,116.30,33
2026-01-05 15:55:15,0,0,3515,81559,116.58,33
2026-01-05 15:55:25,0,0,3515,81559,116.32,33
2026-01-05 15:55:35,0,0,3515,81559,117.13,33
2026-01-05 15:55:45,0,0,3515,81559,116.29,33
2026-01-05 15:55:55,0,0,3515,81559,116.38,33
2026-01-05 15:56:05,0,0,3515,81559,117.11,33
2026-01-05 15:56:15,0,0,3515,81559,117.15,33
2026-01-05 15:56:25,0,0,3515,81559,117.13,33
2026-01-05 15:56:35,0,0,3515,81559,116.45,33
2026-01-05 15:56:45,0,0,3515,81559,116.32,33
2026-01-05 15:56:55,0,0,3515,81559,115.93,33
2026-01-05 15:57:05,0,0,3515,81559,116.30,33
2026-01-05 15:57:15,0,0,3515,81559,116.41,33
2026-01-05 15:57:25,0,0,3515,81559,117.25,33
2026-01-05 15:57:35,0,0,3515,81559,117.17,33
2026-01-05 15:57:45,0,0,3515,81559,116.57,33
2026-01-05 15:57:55,0,0,3515,81559,116.46,33
2026-01-05 15:58:05,0,0,3515,81559,116.43,33
2026-01-05 15:58:15,0,0,3515,81559,116.64,33
2026-01-05 15:58:25,0,0,3515,81559,117.26,33
2026-01-05 15:58:35,0,0,3515,81559,116.50,33
2026-01-05 15:58:45,0,0,3515,81559,116.54,33
2026-01-05 15:58:55,0,0,3515,81559,116.58,33
2026-01-05 15:59:05,0,0,3515,81559,117.19,33
2026-01-05 15:59:15,0,0,3515,81559,116.56,33
2026-01-05 15:59:26,0,0,3515,81559,116.64,33
2026-01-05 15:59:36,0,0,3515,81559,116.47,33
2026-01-05 15:59:46,0,0,3515,81559,117.23,33
2026-01-05 15:59:56,0,0,3515,81559,117.39,33
2026-01-05 16:00:06,0,0,3515,81559,116.44,33
2026-01-05 16:00:16,0,0,3515,81559,117.18,33
2026-01-05 16:00:26,0,0,3515,81559,116.49,33
2026-01-05 16:00:36,0,0,3515,81559,116.50,33
2026-01-05 16:00:46,0,0,3515,81559,116.69,33
2026-01-05 16:00:56,0,0,3515,81559,117.17,33
2026-01-05 16:01:06,0,0,3515,81559,117.08,33
2026-01-05 16:01:16,0,0,3515,81559,117.25,33
2026-01-05 16:01:26,0,0,3515,81559,117.13,33
2026-01-05 16:01:36,0,0,3515,81559,116.46,33
2026-01-05 16:01:46,0,0,3515,81559,116.86,33
2026-01-05 16:01:56,0,0,3515,81559,117.15,33
2026-01-05 16:02:06,0,0,3515,81559,117.27,33
2026-01-05 16:02:16,0,0,3515,81559,116.33,33
2026-01-05 16:02:26,0,0,3515,81559,116.49,33
2026-01-05 16:02:36,0,0,3515,81559,116.40,33
2026-01-05 16:02:46,0,0,3515,81559,117.23,33
2026-01-05 16:02:56,0,0,3515,81559,117.12,33
2026-01-05 16:03:06,0,0,3515,81559,116.38,33
2026-01-05 16:03:16,0,0,3515,81559,117.19,33
2026-01-05 16:03:27,0,0,3515,81559,116.38,33
2026-01-05 16:03:37,0,0,3515,81559,117.16,33
2026-01-05 16:03:47,0,0,3515,81559,116.35,33
2026-01-05 16:03:57,0,0,3515,81559,116.47,33
2026-01-05 16:04:07,0,0,3515,81559,115.89,33
2026-01-05 16:04:17,0,0,3515,81559,117.19,33
2026-01-05 16:04:27,0,0,3515,81559,129.93,33
2026-01-05 16:04:37,0,0,3515,81559,117.24,33
2026-01-05 16:04:47,0,0,3515,81559,116.35,33
2026-01-05 16:04:57,0,0,3515,81559,116.37,33
2026-01-05 16:05:07,0,0,3515,81559,116.32,33
2026-01-05 16:05:17,0,0,3515,81559,117.19,33
2026-01-05 16:05:27,0,0,3515,81559,116.32,33
2026-01-05 16:05:37,0,0,3515,81559,116.57,33
2026-01-05 16:05:47,0,0,3515,81559,116.47,34
2026-01-05 16:05:57,0,0,3515,81559,116.35,33
2026-01-05 16:06:07,0,0,3515,81559,117.13,33
2026-01-05 16:06:17,0,0,3515,81559,117.16,33
2026-01-05 16:06:27,0,0,3515,81559,162.85,33
2026-01-05 16:06:37,0,0,3515,81559,116.40,33
2026-01-05 16:06:47,0,0,3515,81559,116.37,33
2026-01-05 16:06:57,0,0,3515,81559,116.35,33
2026-01-05 16:07:07,0,0,3515,81559,162.79,34
2026-01-05 16:07:17,0,0,3515,81559,116.44,33
2026-01-05 16:07:28,0,0,3515,81559,116.45,33
2026-01-05 16:07:38,0,0,3515,81559,116.37,33
2026-01-05 16:07:48,0,0,3515,81559,162.05,34
2026-01-05 16:07:58,0,0,3515,81559,116.51,33
2026-01-05 16:08:08,0,0,3515,81559,116.29,33
2026-01-05 16:08:18,0,0,3515,81559,116.51,33
2026-01-05 16:08:28,91,30,3515,81559,160.62,36
2026-01-05 16:08:38,0,0,3515,81559,117.32,33
2026-01-05 16:08:48,0,0,3515,81559,116.41,33
2026-01-05 16:08:58,0,0,3515,81559,116.37,33
2026-01-05 16:09:08,0,0,3515,81559,157.68,34
2026-01-05 16:09:18,0,0,3515,81559,116.47,33
2026-01-05 16:09:28,0,0,3515,81559,116.90,33
2026-01-05 16:09:38,0,0,3515,81559,116.37,33
2026-01-05 16:09:48,0,0,3515,81559,144.59,33
2026-01-05 16:09:58,0,0,3515,81559,116.53,33
2026-01-05 16:10:08,0,0,3515,81559,117.11,33
2026-01-05 16:10:18,0,0,3515,81559,117.20,33
2026-01-05 16:10:28,0,0,3515,81559,116.60,33
2026-01-05 16:10:38,0,0,3515,81559,117.14,33
2026-01-05 16:10:48,0,0,3515,81559,116.55,33
2026-01-05 16:10:58,0,0,3515,81559,116.44,33
2026-01-05 16:11:08,0,0,3515,81559,117.21,33
2026-01-05 16:11:18,0,0,3515,81559,117.13,33
2026-01-05 16:11:28,0,0,3515,81559,116.38,33
2026-01-05 16:11:38,0,0,3515,81559,161.31,34
2026-01-05 16:11:49,0,0,3515,81559,117.25,33
2026-01-05 16:11:59,0,0,3515,81559,117.11,33
2026-01-05 16:12:09,0,0,3515,81559,116.90,33
2026-01-05 16:12:19,0,0,3515,81559,117.22,33
2026-01-05 16:12:29,0,0,3515,81559,117.21,33
2026-01-05 16:12:39,0,0,3515,81559,117.14,33
2026-01-05 16:12:49,0,0,3515,81559,117.10,33
2026-01-05 16:12:59,0,0,3515,81559,124.38,33
2026-01-05 16:13:09,0,0,3515,81559,117.11,33
2026-01-05 16:13:19,0,0,3515,81559,116.38,33
2026-01-05 16:13:29,0,0,3515,81559,116.36,33
2026-01-05 16:13:39,0,0,3515,81559,116.40,33
2026-01-05 16:13:49,0,0,3515,81559,117.13,33
2026-01-05 16:13:59,0,0,3515,81559,117.21,33
2026-01-05 16:14:09,0,0,3515,81559,116.36,33
2026-01-05 16:14:19,0,0,3515,81559,117.48,33
2026-01-05 16:14:29,0,0,3515,81559,116.45,33
2026-01-05 16:14:39,0,0,3515,81559,116.35,33
2026-01-05 16:14:49,0,0,3515,81559,117.20,33
2026-01-05 16:14:59,0,0,3515,81559,116.77,33
2026-01-05 16:15:09,0,0,3515,81559,116.46,33
2026-01-05 16:15:19,0,0,3515,81559,116.56,33
2026-01-05 16:15:29,0,0,3515,81559,117.13,33
2026-01-05 16:15:39,0,0,3515,81559,127.83,33
2026-01-05 16:15:49,0,0,3515,81559,117.26,33
2026-01-05 16:16:00,0,0,3515,81559,117.23,33
2026-01-05 16:16:10,0,0,3515,81559,117.18,33
2026-01-05 16:16:20,0,0,3515,81559,128.43,33
2026-01-05 16:16:30,0,0,3515,81559,117.15,33
2026-01-05 16:16:40,0,0,3515,81559,117.24,33
2026-01-05 16:16:50,0,0,3515,81559,116.42,33
2026-01-05 16:17:00,0,0,3515,81559,128.86,33
2026-01-05 16:17:10,0,0,3515,81559,117.34,33
2026-01-05 16:17:20,0,0,3515,81559,116.50,33
2026-01-05 16:17:30,0,0,3515,81559,116.23,33
2026-01-05 16:17:40,0,0,3515,81559,117.08,33
2026-01-05 16:17:50,0,0,3515,81559,117.34,33
2026-01-05 16:18:00,0,0,3515,81559,117.09,33
2026-01-05 16:18:10,0,0,3515,81559,116.44,33
2026-01-05 16:18:20,0,0,3515,81559,150.51,33
2026-01-05 16:18:30,0,0,3515,81559,116.48,33
2026-01-05 16:18:40,0,0,3515,81559,117.11,33
2026-01-05 16:18:50,0,0,3515,81559,117.31,33
2026-01-05 16:19:00,0,0,3515,81559,150.49,33
2026-01-05 16:19:10,0,0,3515,81559,116.64,33
2026-01-05 16:19:20,0,0,3515,81559,116.45,33
2026-01-05 16:19:30,0,0,3515,81559,116.54,33
2026-01-05 16:19:40,0,0,3515,81559,151.69,33
2026-01-05 16:19:50,0,0,3515,81559,116.60,33
2026-01-05 16:20:00,0,0,3515,81559,116.40,33
2026-01-05 16:20:11,0,0,3515,81559,117.36,33
2026-01-05 16:20:21,0,0,3515,81559,150.88,33
2026-01-05 16:20:31,0,0,3515,81559,117.39,33
2026-01-05 16:20:41,0,0,3515,81559,117.33,33
2026-01-05 16:20:51,0,0,3515,81559,117.28,33
2026-01-05 16:21:01,0,0,3515,81559,149.39,33
2026-01-05 16:21:11,0,0,3515,81559,115.94,33
2026-01-05 16:21:21,0,0,3515,81559,116.54,33
2026-01-05 16:21:31,0,0,3515,81559,117.32,33
2026-01-05 16:21:41,0,0,3515,81559,150.75,34
2026-01-05 16:21:51,0,0,3515,81559,116.82,33
2026-01-05 16:22:01,0,0,3515,81559,116.56,33
2026-01-05 16:22:11,0,0,3515,81559,116.60,33
2026-01-05 16:22:21,0,0,3515,81559,149.72,33
2026-01-05 16:22:31,0,0,3515,81559,117.46,33
2026-01-05 16:22:41,0,0,3515,81559,117.35,33
2026-01-05 16:22:51,0,0,3515,81559,117.44,33
2026-01-05 16:23:01,0,0,3515,81559,116.69,33
2026-01-05 16:23:11,0,0,3515,81559,116.61,33
2026-01-05 16:23:21,0,0,3515,81559,116.62,33
2026-01-05 16:23:31,0,0,3515,81559,116.58,33
2026-01-05 16:23:41,29,10,3515,81559,128.62,33
2026-01-05 16:23:51,0,0,3515,81559,116.51,33
2026-01-05 16:24:01,0,0,3515,81559,117.45,33
2026-01-05 16:24:11,0,0,3515,81559,117.26,33
2026-01-05 16:24:22,0,0,3515,81559,117.31,33
2026-01-05 16:24:32,0,0,3515,81559,116.62,33
2026-01-05 16:24:42,0,0,3515,81559,117.28,33
2026-01-05 16:24:52,0,0,3515,81559,117.26,33
2026-01-05 16:25:02,0,0,3515,81559,117.39,33
2026-01-05 16:25:12,0,0,3515,81559,117.44,33
2026-01-05 16:25:22,0,0,3515,81559,117.29,33
2026-01-05 16:25:32,0,0,3515,81559,117.42,33
2026-01-05 16:25:42,0,0,3515,81559,117.48,33
2026-01-05 16:25:52,0,0,3515,81559,117.38,33
2026-01-05 16:26:02,0,0,3515,81559,116.55,33
2026-01-05 16:26:12,0,0,3515,81559,117.40,33
2026-01-05 16:26:22,0,0,3515,81559,117.60,33
2026-01-05 16:26:32,0,0,3515,81559,117.37,33
2026-01-05 16:26:42,0,0,3515,81559,117.28,33
2026-01-05 16:26:52,0,0,3515,81559,116.78,33
2026-01-05 16:27:02,0,0,3515,81559,116.57,33
2026-01-05 16:27:12,0,0,3515,81559,117.47,33
2026-01-05 16:27:22,0,0,3515,81559,117.41,33
2026-01-05 16:27:32,0,0,3515,81559,117.24,33
2026-01-05 16:27:42,0,0,3515,81559,116.36,33
2026-01-05 16:27:52,0,0,3515,81559,126.89,33
2026-01-05 16:28:02,0,0,3515,81559,116.01,33
2026-01-05 16:28:12,0,0,3515,81559,117.33,33
2026-01-05 16:28:23,0,0,3515,81559,116.71,33
2026-01-05 16:28:33,0,0,3515,81559,116.81,33
2026-01-05 16:28:43,0,0,3515,81559,116.72,33
2026-01-05 16:28:53,0,0,3515,81559,116.60,33
2026-01-05 16:29:03,0,0,3515,81559,116.66,33
2026-01-05 16:29:13,0,0,3515,81559,128.74,33
2026-01-05 16:29:23,0,0,3515,81559,116.47,33
2026-01-05 16:29:33,0,0,3515,81559,116.46,33
2026-01-05 16:29:43,0,0,3515,81559,116.65,33
2026-01-05 16:29:53,0,0,3515,81559,128.54,33
2026-01-05 16:30:03,0,0,3515,81559,116.49,33
2026-01-05 16:30:13,0,0,3515,81559,116.67,33
2026-01-05 16:30:23,0,0,3515,81559,117.43,33
2026-01-05 16:30:33,0,0,3515,81559,128.39,33
2026-01-05 16:30:43,0,0,3515,81559,116.56,33
2026-01-05 16:30:53,0,0,3515,81559,116.50,33
2026-01-05 16:31:03,0,0,3515,81559,117.46,33
2026-01-05 16:31:13,0,0,3515,81559,125.74,33
2026-01-05 16:31:23,0,0,3515,81559,117.41,33
2026-01-05 16:31:33,0,0,3515,81559,117.32,33
2026-01-05 16:31:43,0,0,3515,81559,117.43,33
2026-01-05 16:31:54,19,7,3515,81559,128.24,34
2026-01-05 16:32:04,0,0,3515,81559,117.43,33
2026-01-05 16:32:14,0,0,3515,81559,117.05,33
2026-01-05 16:32:24,0,0,3515,81559,115.95,33
2026-01-05 16:32:34,14,5,3515,81559,127.11,35
2026-01-05 16:32:44,0,0,3515,81559,116.53,33
2026-01-05 16:32:54,0,0,3515,81559,116.46,33
2026-01-05 16:33:04,0,0,3515,81559,116.62,33
2026-01-05 16:33:14,0,0,3515,81559,128.11,34
2026-01-05 16:33:24,0,0,3515,81559,116.75,33
2026-01-05 16:33:34,53,18,3515,81559,150.02,35
2026-01-05 16:33:44,0,0,3515,81559,117.39,33
2026-01-05 16:33:54,0,0,3515,81559,116.52,33
2026-01-05 16:34:04,0,0,3515,81559,117.35,33
2026-01-05 16:34:14,0,0,3515,81559,150.31,34
2026-01-05 16:34:24,0,0,3515,81559,116.61,33
2026-01-05 16:34:34,0,0,3515,81559,117.43,33
2026-01-05 16:34:44,0,0,3515,81559,117.28,33
2026-01-05 16:34:54,0,0,3515,81559,152.04,33
2026-01-05 16:35:04,0,0,3515,81559,116.56,33
2026-01-05 16:35:14,0,0,3515,81559,128.28,34
2026-01-05 16:35:24,0,0,3515,81559,117.41,33
2026-01-05 16:35:34,0,0,3515,81559,151.16,33
2026-01-05 16:35:44,0,0,3515,81559,117.17,33
2026-01-05 16:35:54,0,0,3515,81559,116.56,33
2026-01-05 16:36:05,0,0,3515,81559,116.66,33
2026-01-05 16:36:15,0,0,3515,81559,150.55,34
2026-01-05 16:36:25,0,0,3515,81559,117.42,33
2026-01-05 16:36:35,0,0,3515,81559,117.40,33
2026-01-05 16:36:45,0,0,3515,81559,117.51,33
2026-01-05 16:36:55,64,21,3515,81559,152.65,35
2026-01-05 16:37:05,0,0,3515,81559,117.38,33
2026-01-05 16:37:15,0,0,3515,81559,117.37,33
2026-01-05 16:37:25,0,0,3515,81559,128.16,33
2026-01-05 16:37:35,0,0,3515,81559,117.28,33
2026-01-05 16:37:45,0,0,3515,81559,117.36,33
2026-01-05 16:37:55,0,0,3515,81559,116.55,33
2026-01-05 16:38:05,0,0,3515,81559,116.48,33
2026-01-05 16:38:15,0,0,3515,81559,115.94,33
2026-01-05 16:38:25,0,0,3515,81559,117.50,33
2026-01-05 16:38:35,0,0,3515,81559,117.42,33
2026-01-05 16:38:45,0,0,3515,81559,116.51,33
2026-01-05 16:38:55,0,0,3515,81559,117.37,33
2026-01-05 16:39:05,0,0,3515,81559,117.51,33
2026-01-05 16:39:15,0,0,3515,81559,117.42,33
2026-01-05 16:39:25,0,0,3515,81559,117.14,33
2026-01-05 16:39:35,0,0,3515,81559,126.71,33
2026-01-05 16:39:45,0,0,3515,81559,150.69,33
2026-01-05 16:39:55,0,0,3515,81559,116.61,33
2026-01-05 16:40:05,0,0,3515,81559,116.60,33
2026-01-05 16:40:16,0,0,3515,81559,121.39,33
2026-01-05 16:40:26,36,11,3515,81559,130.52,33
2026-01-05 16:40:36,0,0,3515,81559,116.42,33
2026-01-05 16:40:46,0,0,3515,81559,116.54,33
2026-01-05 16:40:56,0,0,3515,81559,116.52,33
2026-01-05 16:41:06,0,0,3515,81559,116.47,33
2026-01-05 16:41:16,0,0,3515,81559,117.35,33
2026-01-05 16:41:26,0,0,3515,81559,116.50,33
2026-01-05 16:41:36,0,0,3515,81559,117.25,33
2026-01-05 16:41:46,0,0,3515,81559,130.14,33
2026-01-05 16:41:56,0,0,3515,81559,150.09,33
2026-01-05 16:42:06,0,0,3515,81559,116.61,33
2026-01-05 16:42:16,0,0,3515,81559,116.74,33
2026-01-05 16:42:26,0,0,3515,81559,116.50,33
2026-01-05 16:42:36,0,0,3515,81559,128.11,33
2026-01-05 16:42:46,0,0,3515,81559,149.90,33
2026-01-05 16:42:56,0,0,3515,81559,115.92,33
2026-01-05 16:43:06,0,0,3515,81559,116.46,33
2026-01-05 16:43:16,0,0,3515,81559,116.61,33
2026-01-05 16:43:26,26,9,3515,81559,128.44,35
2026-01-05 16:43:36,0,0,3515,81559,150.32,34
2026-01-05 16:43:46,0,0,3515,81559,117.38,33
2026-01-05 16:43:56,0,0,3515,81559,116.66,33
2026-01-05 16:44:07,0,0,3515,81559,116.69,33
2026-01-05 16:44:17,0,0,3515,81559,127.60,33
2026-01-05 16:44:27,0,0,3515,81559,117.53,33
2026-01-05 16:44:37,0,0,3515,81559,115.92,33
2026-01-05 16:44:47,0,0,3515,81559,116.58,33
2026-01-05 16:44:57,0,0,3515,81559,116.41,33
2026-01-05 16:45:07,0,0,3515,81559,128.38,37
2026-01-05 16:45:17,0,0,3515,81559,116.98,33
2026-01-05 16:45:27,0,0,3515,81559,116.72,33
2026-01-05 16:45:37,0,0,3515,81559,116.65,33
2026-01-05 16:45:47,0,0,3515,81559,116.54,33
2026-01-05 16:45:57,30,10,3515,81559,126.44,35
2026-01-05 16:46:07,0,0,3515,81559,117.39,33
2026-01-05 16:46:17,0,0,3515,81559,117.44,33
2026-01-05 16:46:27,0,0,3515,81559,117.37,33
2026-01-05 16:46:37,0,0,3515,81559,116.43,33
2026-01-05 16:46:47,0,0,3515,81559,116.50,33
2026-01-05 16:46:57,0,0,3515,81559,116.74,33
2026-01-05 16:47:07,0,0,3515,81559,116.55,33
2026-01-05 16:47:17,0,0,3515,81559,116.77,33
2026-01-05 16:47:27,0,0,3515,81559,115.88,33
2026-01-05 16:47:37,0,0,3515,81559,116.57,33
2026-01-05 16:47:47,0,0,3515,81559,117.89,33
2026-01-05 16:47:58,0,0,3515,81559,117.30,33
2026-01-05 16:48:08,0,0,3515,81559,117.27,33
2026-01-05 16:48:18,0,0,3515,81559,116.62,33
2026-01-05 16:48:28,0,0,3515,81559,116.62,33
2026-01-05 16:48:38,0,0,3515,81559,162.27,34
2026-01-05 16:48:48,0,0,3515,81559,116.51,33
2026-01-05 16:48:58,0,0,3515,81559,117.26,33
2026-01-05 16:49:08,0,0,3515,81559,116.56,33
2026-01-05 16:49:18,0,0,3515,81559,116.43,33
2026-01-05 16:49:28,0,0,3515,81559,116.86,33
2026-01-05 16:49:38,0,0,3515,81559,117.37,33
2026-01-05 16:49:48,0,0,3515,81559,117.35,33
2026-01-05 16:49:58,0,0,3515,81559,116.51,33
2026-01-05 16:50:08,0,0,3515,81559,117.40,33
2026-01-05 16:50:18,0,0,3515,81559,154.29,33
2026-01-05 16:50:28,0,0,3515,81559,116.61,33
2026-01-05 16:50:38,0,0,3515,81559,117.25,33
2026-01-05 16:50:48,0,0,3515,81559,117.33,33
2026-01-05 16:50:58,0,0,3515,81559,117.32,33
2026-01-05 16:51:08,0,0,3515,81559,116.64,33
2026-01-05 16:51:18,0,0,3515,81559,116.09,33
2026-01-05 16:51:28,0,0,3515,81559,117.40,33
2026-01-05 16:51:38,0,0,3515,81559,116.72,33
2026-01-05 16:51:48,0,0,3515,81559,135.70,34
2026-01-05 16:51:59,0,0,3515,81559,117.48,33
2026-01-05 16:52:09,0,0,3515,81559,116.60,33
2026-01-05 16:52:19,0,0,3515,81559,117.41,33
2026-01-05 16:52:29,0,0,3515,81559,120.23,33
2026-01-05 16:52:39,0,0,3515,81559,117.29,33
2026-01-05 16:52:49,0,0,3515,81559,116.79,33
2026-01-05 16:52:59,0,0,3515,81559,116.63,33
2026-01-05 16:53:09,0,0,3515,81559,117.38,33
2026-01-05 16:53:19,0,0,3515,81559,133.14,33
2026-01-05 16:53:29,0,0,3515,81559,117.41,33
2026-01-05 16:53:39,0,0,3515,81559,115.85,33
2026-01-05 16:53:49,0,0,3515,81559,117.42,33
2026-01-05 16:53:59,0,0,3515,81559,116.57,33
2026-01-05 16:54:09,0,0,3515,81559,116.79,33
2026-01-05 16:54:19,0,0,3515,81559,116.68,33
2026-01-05 16:54:29,0,0,3515,81559,116.69,33
2026-01-05 16:54:39,0,0,3515,81559,116.55,33
2026-01-05 16:54:49,0,0,3515,81559,116.63,33
2026-01-05 16:54:59,0,0,3515,81559,117.10,33
2026-01-05 16:55:09,0,0,3515,81559,116.64,33
2026-01-05 16:55:19,0,0,3515,81559,117.38,33
2026-01-05 16:55:29,0,0,3515,81559,116.59,33
2026-01-05 16:55:39,0,0,3515,81559,160.91,34
2026-01-05 16:55:49,0,0,3515,81559,116.59,33
2026-01-05 16:56:00,0,0,3515,81559,116.68,33
2026-01-05 16:56:10,0,0,3515,81559,117.31,33
2026-01-05 16:56:20,0,0,3515,81559,117.56,33
2026-01-05 16:56:30,0,0,3515,81559,116.64,33
2026-01-05 16:56:40,0,0,3515,81559,115.97,33
2026-01-05 16:56:50,0,0,3515,81559,116.74,33
2026-01-05 16:57:00,0,0,3515,81559,117.35,33
2026-01-05 16:57:10,0,0,3515,81559,161.78,34
2026-01-05 16:57:20,0,0,3515,81559,117.47,33
2026-01-05 16:57:30,0,0,3515,81559,117.34,33
2026-01-05 16:57:40,0,0,3515,81559,117.33,33
2026-01-05 16:57:50,0,0,3515,81559,116.66,33
2026-01-05 16:58:00,0,0,3515,81559,116.53,33
2026-01-05 16:58:10,0,0,3515,81559,116.59,33
2026-01-05 16:58:20,0,0,3515,81559,116.70,33
2026-01-05 16:58:30,0,0,3515,81559,116.53,33
2026-01-05 16:58:40,0,0,3515,81559,132.07,33
2026-01-05 16:58:50,0,0,3515,81559,117.31,33
2026-01-05 16:59:00,0,0,3515,81559,117.28,33
2026-01-05 16:59:10,0,0,3515,81559,116.59,33
2026-01-05 16:59:20,0,0,3515,81559,116.45,33
2026-01-05 16:59:30,0,0,3515,81559,162.46,33
2026-01-05 16:59:40,0,0,3515,81559,117.42,33
2026-01-05 16:59:50,0,0,3515,81559,116.51,33
2026-01-05 17:00:00,0,0,3515,81559,116.47,33
2026-01-05 17:00:11,0,0,3515,81559,116.58,33
2026-01-05 17:00:21,0,0,3515,81559,116.70,33
2026-01-05 17:00:31,0,0,3515,81559,116.69,33
2026-01-05 17:00:41,0,0,3515,81559,116.51,33
2026-01-05 17:00:51,0,0,3515,81559,116.65,33
2026-01-05 17:01:01,0,0,3515,81559,163.78,33
2026-01-05 17:01:11,0,0,3515,81559,115.98,33
2026-01-05 17:01:21,0,0,3515,81559,116.51,33
2026-01-05 17:01:31,0,0,3515,81559,116.54,33
2026-01-05 17:01:41,0,0,3515,81559,116.47,33
2026-01-05 17:01:51,0,0,3515,81559,116.07,33
2026-01-05 17:02:01,0,0,3515,81559,116.57,33
2026-01-05 17:02:11,0,0,3515,81559,116.47,33
2026-01-05 17:02:21,0,0,3515,81559,116.39,33
2026-01-05 17:02:31,0,0,3515,81559,161.70,34
2026-01-05 17:02:41,0,0,3515,81559,116.57,33
2026-01-05 17:02:51,0,0,3515,81559,115.93,33
2026-01-05 17:03:01,0,0,3515,81559,117.33,33
2026-01-05 17:03:11,0,0,3515,81559,116.52,33
2026-01-05 17:03:21,0,0,3515,81559,116.56,33
2026-01-05 17:03:31,0,0,3515,81559,117.25,33
2026-01-05 17:03:41,0,0,3515,81559,116.40,33
2026-01-05 17:03:51,0,0,3515,81559,116.54,33
2026-01-05 17:04:01,0,0,3515,81559,158.47,34
2026-01-05 17:04:11,0,0,3515,81559,116.62,33
2026-01-05 17:04:22,0,0,3515,81559,117.20,33
2026-01-05 17:04:32,0,0,3515,81559,116.43,33
2026-01-05 17:04:42,0,0,3515,81559,116.61,33
2026-01-05 17:04:52,0,0,3515,81559,162.26,33
2026-01-05 17:05:02,0,0,3515,81559,116.62,33
2026-01-05 17:05:12,0,0,3515,81559,117.35,33
2026-01-05 17:05:22,0,0,3515,81559,117.29,33
2026-01-05 17:05:32,0,0,3515,81559,116.53,33
2026-01-05 17:05:42,0,0,3515,81559,117.55,33
2026-01-05 17:05:52,0,0,3515,81559,117.28,33
2026-01-05 17:06:02,0,0,3515,81559,117.38,33
2026-01-05 17:06:12,0,0,3515,81559,117.19,33
2026-01-05 17:06:22,92,30,3515,81559,160.97,39
2026-01-05 17:06:32,0,0,3515,81559,117.42,33
2026-01-05 17:06:42,0,0,3515,81559,117.35,33
2026-01-05 17:06:52,0,0,3515,81559,117.38,33
2026-01-05 17:07:02,0,0,3515,81559,117.36,33
2026-01-05 17:07:12,0,0,3515,81559,160.12,34
2026-01-05 17:07:22,0,0,3515,81559,117.24,33
2026-01-05 17:07:32,0,0,3515,81559,117.48,33
2026-01-05 17:07:42,0,0,3515,81559,116.74,33
2026-01-05 17:07:52,0,0,3515,81559,116.63,33
2026-01-05 17:08:02,0,0,3515,81559,160.62,33
2026-01-05 17:08:12,0,0,3515,81559,116.61,33
2026-01-05 17:08:22,0,0,3515,81559,117.36,33
2026-01-05 17:08:33,0,0,3515,81559,116.56,33
2026-01-05 17:08:43,0,0,3515,81559,116.51,33
2026-01-05 17:08:53,0,0,3515,81559,160.58,34
2026-01-05 17:09:03,0,0,3515,81559,117.31,33
2026-01-05 17:09:13,0,0,3515,81559,117.24,33
2026-01-05 17:09:23,0,0,3515,81559,116.75,33
2026-01-05 17:09:33,0,0,3515,81559,116.76,33
2026-01-05 17:09:43,0,0,3515,81559,161.87,34
2026-01-05 17:09:53,0,0,3515,81559,117.42,33
2026-01-05 17:10:03,0,0,3515,81559,117.35,33
2026-01-05 17:10:13,0,0,3515,81559,116.71,33
2026-01-05 17:10:23,0,0,3515,81559,116.74,33
2026-01-05 17:10:33,0,0,3515,81559,162.49,34
2026-01-05 17:10:43,0,0,3515,81559,116.04,33
2026-01-05 17:10:53,0,0,3515,81559,117.44,33
2026-01-05 17:11:03,0,0,3515,81559,116.58,33
2026-01-05 17:11:13,0,0,3515,81559,116.60,33
2026-01-05 17:11:23,0,0,3515,81559,163.19,34
2026-01-05 17:11:33,0,0,3515,81559,116.58,33
2026-01-05 17:11:43,0,0,3515,81559,116.64,33
2026-01-05 17:11:53,0,0,3515,81559,116.65,33
2026-01-05 17:12:03,0,0,3515,81559,116.59,33
2026-01-05 17:12:13,0,0,3515,81559,162.02,34
2026-01-05 17:12:23,0,0,3515,81559,116.68,33
2026-01-05 17:12:33,0,0,3515,81559,116.56,33
2026-01-05 17:12:44,0,0,3515,81559,116.68,33
2026-01-05 17:12:54,0,0,3515,81559,117.30,33
2026-01-05 17:13:04,0,0,3515,81559,159.85,34
2026-01-05 17:13:14,0,0,3515,81559,117.32,33
2026-01-05 17:13:24,0,0,3515,81559,116.78,33
2026-01-05 17:13:34,0,0,3515,81559,116.58,33
2026-01-05 17:13:44,0,0,3515,81559,116.07,33
2026-01-05 17:13:54,0,0,3515,81559,162.31,34
2026-01-05 17:14:04,0,0,3515,81559,117.33,33
2026-01-05 17:14:14,0,0,3515,81559,117.43,33
2026-01-05 17:14:24,0,0,3515,81559,117.35,33
2026-01-05 17:14:34,0,0,3515,81559,116.60,33
2026-01-05 17:14:44,0,0,3515,81559,160.51,35
2026-01-05 17:14:54,0,0,3515,81559,116.82,33
2026-01-05 17:15:04,0,0,3515,81559,116.48,33
2026-01-05 17:15:14,0,0,3515,81559,116.59,33
2026-01-05 17:15:24,0,0,3515,81559,117.36,33
2026-01-05 17:15:34,0,0,3515,81559,117.30,33
2026-01-05 17:15:44,0,0,3515,81559,117.57,33
2026-01-05 17:15:54,0,0,3515,81559,116.65,33
2026-01-05 17:16:04,0,0,3515,81559,116.72,33
2026-01-05 17:16:14,0,0,3515,81559,116.57,33
2026-01-05 17:16:24,0,0,3515,81559,116.53,33
2026-01-05 17:16:34,0,0,3515,81559,117.59,33
2026-01-05 17:16:44,0,0,3515,81559,117.46,33
2026-01-05 17:16:55,0,0,3515,81559,116.59,33
2026-01-05 17:17:05,0,0,3515,81559,116.83,33
2026-01-05 17:17:15,0,0,3515,81559,116.73,33
2026-01-05 17:17:25,0,0,3515,81559,116.51,33
2026-01-05 17:17:35,0,0,3515,81559,160.13,33
2026-01-05 17:17:45,0,0,3515,81559,117.32,33
2026-01-05 17:17:55,0,0,3515,81559,117.29,33
2026-01-05 17:18:05,0,0,3515,81559,116.75,33
2026-01-05 17:18:15,0,0,3515,81559,116.63,33
2026-01-05 17:18:25,0,0,3515,81559,117.19,33
2026-01-05 17:18:35,0,0,3515,81559,161.46,33
2026-01-05 17:18:45,0,0,3515,81559,116.58,33
2026-01-05 17:18:55,0,0,3515,81559,117.35,33
2026-01-05 17:19:05,0,0,3515,81559,117.35,33
2026-01-05 17:19:15,0,0,3515,81559,117.28,33
2026-01-05 17:19:25,0,0,3515,81559,117.35,33
2026-01-05 17:19:35,0,0,3515,81559,119.60,33
2026-01-05 17:19:45,0,0,3515,81559,117.47,33
2026-01-05 17:19:55,0,0,3515,81559,116.81,33
2026-01-05 17:20:05,0,0,3515,81559,115.86,33
2026-01-05 17:20:15,0,0,3515,81559,117.25,33
2026-01-05 17:20:25,0,0,3515,81559,117.56,33
2026-01-05 17:20:35,0,0,3515,81559,116.02,33
2026-01-05 17:20:45,0,0,3515,81559,116.52,33
2026-01-05 17:20:56,0,0,3515,81559,116.53,33
2026-01-05 17:21:06,0,0,3515,81559,116.50,33
2026-01-05 17:21:16,0,0,3515,81559,116.60,33
2026-01-05 17:21:26,0,0,3515,81559,163.25,34
2026-01-05 17:21:36,0,0,3515,81559,116.64,33
2026-01-05 17:21:46,0,0,3515,81559,116.82,33
2026-01-05 17:21:56,0,0,3515,81559,116.76,33
2026-01-05 17:22:06,0,0,3515,81559,116.55,33
2026-01-05 17:22:16,0,0,3515,81559,116.64,33
2026-01-05 17:22:26,0,0,3515,81559,162.08,34
2026-01-05 17:22:36,0,0,3515,81559,116.62,33
2026-01-05 17:22:46,0,0,3515,81559,116.60,33
2026-01-05 17:22:56,0,0,3515,81559,117.40,33
2026-01-05 17:23:06,0,0,3515,81559,117.27,33
2026-01-05 17:23:16,0,0,3515,81559,116.75,33
2026-01-05 17:23:26,0,0,3515,81559,116.56,33
2026-01-05 17:23:36,0,0,3515,81559,116.86,33
2026-01-05 17:23:46,0,0,3515,81559,116.53,33
2026-01-05 17:23:56,0,0,3515,81559,117.32,33
2026-01-05 17:24:06,0,0,3515,81559,117.37,33
2026-01-05 17:24:16,0,0,3515,81559,116.53,33
2026-01-05 17:24:26,0,0,3515,81559,116.54,33
2026-01-05 17:24:36,0,0,3515,81559,161.55,33
2026-01-05 17:24:46,0,0,3515,81559,117.32,33
2026-01-05 17:24:57,0,0,3515,81559,116.73,33
2026-01-05 17:25:07,0,0,3515,81559,116.62,33
2026-01-05 17:25:17,0,0,3515,81559,117.33,33
2026-01-05 17:25:27,0,0,3515,81559,117.29,33
2026-01-05 17:25:37,49,17,3515,81559,160.72,41
2026-01-05 17:25:47,0,0,3515,81559,116.92,33
2026-01-05 17:25:57,0,0,3515,81559,116.65,33
2026-01-05 17:26:07,0,0,3515,81559,116.75,33
2026-01-05 17:26:17,0,0,3515,81559,116.73,33
2026-01-05 17:26:27,0,0,3515,81559,116.61,33
2026-01-05 17:26:37,0,0,3515,81559,162.87,34
2026-01-05 17:26:47,0,0,3515,81559,116.75,33
2026-01-05 17:26:57,0,0,3515,81559,117.31,33
2026-01-05 17:27:07,0,0,3515,81559,116.58,33
2026-01-05 17:27:17,0,0,3515,81559,116.83,33
2026-01-05 17:27:27,0,0,3515,81559,116.49,33
2026-01-05 17:27:37,0,0,3515,81559,161.48,34
2026-01-05 17:27:47,0,0,3515,81559,117.78,33
2026-01-05 17:27:57,0,0,3515,81559,116.58,33
2026-01-05 17:28:07,0,0,3515,81559,116.34,33
2026-01-05 17:28:17,0,0,3515,81559,116.74,33
2026-01-05 17:28:27,0,0,3515,81559,116.65,33
2026-01-05 17:28:37,0,0,3515,81559,160.96,34
2026-01-05 17:28:48,0,0,3515,81559,116.75,33
2026-01-05 17:28:58,0,0,3515,81559,117.46,33
2026-01-05 17:29:08,0,0,3515,81559,116.66,33
2026-01-05 17:29:18,0,0,3515,81559,116.71,33
2026-01-05 17:29:28,0,0,3515,81559,116.59,33
2026-01-05 17:29:38,78,27,3515,81559,161.48,36
2026-01-05 17:29:48,0,0,3515,81559,117.44,33
2026-01-05 17:29:58,0,0,3515,81559,116.52,33
2026-01-05 17:30:08,0,0,3515,81559,116.70,33
2026-01-05 17:30:18,0,0,3515,81559,116.48,33
2026-01-05 17:30:28,0,0,3515,81559,117.29,33
2026-01-05 17:30:38,0,0,3515,81559,117.70,34
2026-01-05 17:30:48,0,0,3515,81559,117.50,33
2026-01-05 17:30:58,0,0,3515,81559,116.58,33
2026-01-05 17:31:08,0,0,3515,81559,117.42,33
2026-01-05 17:31:18,0,0,3515,81559,117.36,33
2026-01-05 17:31:28,0,0,3515,81559,117.34,33
2026-01-05 17:31:38,0,0,3515,81559,117.72,34
2026-01-05 17:31:48,0,0,3515,81559,117.46,33
2026-01-05 17:31:58,0,0,3515,81559,116.72,33
2026-01-05 17:32:08,0,0,3515,81559,116.59,33
2026-01-05 17:32:18,0,0,3515,81559,116.46,33
2026-01-05 17:32:28,0,0,3515,81559,117.42,33
2026-01-05 17:32:39,0,0,3515,81559,162.02,34
2026-01-05 17:32:49,0,0,3515,81559,117.37,33
2026-01-05 17:32:59,0,0,3515,81559,117.39,33
2026-01-05 17:33:09,0,0,3515,81559,117.23,33
2026-01-05 17:33:19,0,0,3515,81559,116.55,33
2026-01-05 17:33:29,0,0,3515,81559,116.61,33
2026-01-05 17:33:39,0,0,3515,81559,161.72,34
2026-01-05 17:33:49,0,0,3515,81559,116.63,33
2026-01-05 17:33:59,0,0,3515,81559,116.65,33
2026-01-05 17:34:09,0,0,3515,81559,117.37,33
2026-01-05 17:34:19,0,0,3515,81559,116.67,33
2026-01-05 17:34:29,63,21,3515,81559,161.80,41
2026-01-05 17:34:39,0,0,3515,81559,117.47,33
2026-01-05 17:34:49,0,0,3515,81559,116.09,33
2026-01-05 17:34:59,0,0,3515,81559,116.67,33
2026-01-05 17:35:09,0,0,3515,81559,116.77,33
2026-01-05 17:35:19,0,0,3515,81559,161.10,34
2026-01-05 17:35:29,0,0,3515,81559,117.42,33
2026-01-05 17:35:39,0,0,3515,81559,117.09,33
2026-01-05 17:35:49,0,0,3515,81559,116.63,33
2026-01-05 17:35:59,0,0,3515,81559,116.14,33
2026-01-05 17:36:09,0,0,3515,81559,163.19,33
2026-01-05 17:36:19,0,0,3515,81559,116.58,33
2026-01-05 17:36:30,0,0,3515,81559,116.53,33
2026-01-05 17:36:40,0,0,3515,81559,116.48,33
2026-01-05 17:36:50,0,0,3515,81559,117.33,33
2026-01-05 17:37:00,4,1,3515,81559,142.19,38
2026-01-05 17:37:10,0,0,3515,81559,117.43,33
2026-01-05 17:37:20,0,0,3515,81559,117.31,33
2026-01-05 17:37:30,0,0,3515,81559,116.07,33
2026-01-05 17:37:40,0,0,3515,81559,117.39,33
2026-01-05 17:37:50,0,0,3515,81559,117.30,33
2026-01-05 17:38:00,0,0,3515,81559,161.68,33
2026-01-05 17:38:10,0,0,3515,81559,116.66,33
2026-01-05 17:38:20,0,0,3515,81559,116.49,33
2026-01-05 17:38:30,0,0,3515,81559,116.42,33
2026-01-05 17:38:40,0,0,3515,81559,116.53,33
2026-01-05 17:38:50,0,0,3515,81559,116.44,33
2026-01-05 17:39:00,0,0,3515,81559,116.56,33
2026-01-05 17:39:10,0,0,3515,81559,117.19,33
2026-01-05 17:39:20,0,0,3515,81559,117.29,33
2026-01-05 17:39:30,0,0,3515,81559,116.53,33
2026-01-05 17:39:40,0,0,3515,81559,116.47,33
2026-01-05 17:39:50,0,0,3515,81559,117.38,33
2026-01-05 17:40:00,0,0,3515,81559,117.28,33
2026-01-05 17:40:10,92,31,3515,81559,161.36,37
2026-01-05 17:40:20,64,21,3515,81559,162.04,40
2026-01-05 17:40:31,0,0,3515,81559,116.51,33
2026-01-05 17:40:41,0,0,3515,81559,115.95,33
2026-01-05 17:40:51,0,0,3515,81559,116.73,33
2026-01-05 17:41:01,0,0,3515,81559,116.70,33
2026-01-05 17:41:11,0,0,3515,81559,134.23,33
2026-01-05 17:41:21,0,0,3515,81559,116.65,33
2026-01-05 17:41:31,0,0,3515,81559,117.28,33
2026-01-05 17:41:41,0,0,3515,81559,116.48,33
2026-01-05 17:41:51,0,0,3515,81559,116.50,33
2026-01-05 17:42:01,0,0,3515,81559,116.57,33
2026-01-05 17:42:11,0,0,3515,81559,116.54,33
2026-01-05 17:42:21,0,0,3515,81559,116.54,33
2026-01-05 17:42:31,0,0,3515,81559,116.43,33
2026-01-05 17:42:41,0,0,3515,81559,116.53,33
2026-01-05 17:42:51,0,0,3515,81559,116.54,33
2026-01-05 17:43:01,0,0,3515,81559,116.47,33
2026-01-05 17:43:11,0,0,3515,81559,117.29,33
2026-01-05 17:43:21,0,0,3515,81559,117.35,33
2026-01-05 17:43:31,0,0,3515,81559,117.29,33
2026-01-05 17:43:41,0,0,3515,81559,117.32,33
2026-01-05 17:43:51,0,0,3515,81559,116.67,33
2026-01-05 17:44:01,0,0,3515,81559,117.24,33
2026-01-05 17:44:11,0,0,3515,81559,161.65,34
2026-01-05 17:44:21,0,0,3515,81559,116.52,33
2026-01-05 17:44:32,0,0,3515,81559,116.62,33
2026-01-05 17:44:42,0,0,3515,81559,160.71,33
2026-01-05 17:44:52,0,0,3515,81559,116.75,33
2026-01-05 17:45:02,0,0,3515,81559,116.75,33
2026-01-05 17:45:12,0,0,3515,81559,139.85,33
2026-01-05 17:45:22,0,0,3515,81559,116.74,33
2026-01-05 17:45:32,0,0,3515,81559,116.68,33
2026-01-05 17:45:42,0,0,3515,81559,116.67,33
2026-01-05 17:45:52,0,0,3515,81559,117.28,33
2026-01-05 17:46:02,0,0,3515,81559,116.65,33
2026-01-05 17:46:12,0,0,3515,81559,116.68,33
2026-01-05 17:46:22,0,0,3515,81559,117.27,33
2026-01-05 17:46:32,0,0,3515,81559,116.51,33
2026-01-05 17:46:42,0,0,3515,81559,116.55,33
2026-01-05 17:46:52,0,0,3515,81559,115.79,33
2026-01-05 17:47:02,0,0,3515,81559,117.21,33
2026-01-05 17:47:12,0,0,3515,81559,116.64,33
2026-01-05 17:47:22,0,0,3515,81559,115.90,33
2026-01-05 17:47:32,0,0,3515,81559,115.83,33
2026-01-05 17:47:42,0,0,3515,81559,116.44,33
2026-01-05 17:47:52,0,0,3515,81559,117.11,33
2026-01-05 17:48:02,0,0,3515,81559,117.13,33
2026-01-05 17:48:12,0,0,3515,81559,117.14,33
2026-01-05 17:48:22,0,0,3515,81559,116.27,33
2026-01-05 17:48:32,0,0,3515,81559,117.22,33
2026-01-05 17:48:43,0,0,3515,81559,116.36,33
2026-01-05 17:48:53,0,0,3515,81559,116.36,33
2026-01-05 17:49:03,51,17,3515,81559,143.72,40
2026-01-05 17:49:13,0,0,3515,81559,116.42,33
2026-01-05 17:49:23,0,0,3515,81559,116.36,33
2026-01-05 17:49:33,0,0,3515,81559,162.12,33
2026-01-05 17:49:43,0,0,3515,81559,116.48,33
2026-01-05 17:49:53,0,0,3515,81559,116.49,33
2026-01-05 17:50:03,0,0,3515,81559,161.00,33
2026-01-05 17:50:13,0,0,3515,81559,116.39,33
2026-01-05 17:50:23,0,0,3515,81559,117.15,33
2026-01-05 17:50:33,0,0,3515,81559,116.63,33
2026-01-05 17:50:43,0,0,3515,81559,117.16,33
2026-01-05 17:50:53,0,0,3515,81559,117.17,33
2026-01-05 17:51:03,0,0,3515,81559,117.39,33
2026-01-05 17:51:13,0,0,3515,81559,117.27,33
2026-01-05 17:51:23,0,0,3515,81559,117.15,33
2026-01-05 17:51:33,0,0,3515,81559,116.52,33
2026-01-05 17:51:43,0,0,3515,81559,116.63,33
2026-01-05 17:51:53,0,0,3515,81559,116.60,33
2026-01-05 17:52:03,0,0,3515,81559,116.48,33
2026-01-05 17:52:13,0,0,3515,81559,116.50,33
2026-01-05 17:52:23,0,0,3515,81559,116.46,33
2026-01-05 17:52:34,0,0,3515,81559,117.36,33
2026-01-05 17:52:44,0,0,3515,81559,116.48,33
2026-01-05 17:52:54,52,17,3515,81559,144.78,33
2026-01-05 17:53:04,0,0,3515,81559,117.31,33
2026-01-05 17:53:14,0,0,3515,81559,117.25,33
2026-01-05 17:53:24,53,18,3515,81559,161.57,35
2026-01-05 17:53:34,0,0,3515,81559,117.31,33
2026-01-05 17:53:44,0,0,3515,81559,117.28,33
2026-01-05 17:53:54,0,0,3515,81559,161.27,33
2026-01-05 17:54:04,0,0,3515,81559,116.58,33
2026-01-05 17:54:14,0,0,3515,81559,116.57,33
2026-01-05 17:54:24,0,0,3515,81559,117.19,33
2026-01-05 17:54:34,0,0,3515,81559,116.59,33
2026-01-05 17:54:44,0,0,3515,81559,116.61,33
2026-01-05 17:54:54,0,0,3515,81559,115.96,33
2026-01-05 17:55:04,0,0,3515,81559,116.59,33
2026-01-05 17:55:14,0,0,3515,81559,117.43,33
2026-01-05 17:55:24,0,0,3515,81559,117.47,33
2026-01-05 17:55:34,0,0,3515,81559,117.36,33
2026-01-05 17:55:44,0,0,3515,81559,161.77,34
2026-01-05 17:55:54,0,0,3515,81559,116.63,33
2026-01-05 17:56:04,0,0,3515,81559,117.37,33
2026-01-05 17:56:14,0,0,3515,81559,161.70,34
2026-01-05 17:56:24,0,0,3515,81559,116.67,33
2026-01-05 17:56:35,0,0,3515,81559,116.58,33
2026-01-05 17:56:45,0,0,3515,81559,161.81,34
2026-01-05 17:56:55,0,0,3515,81559,116.69,33
2026-01-05 17:57:05,0,0,3515,81559,116.68,33
2026-01-05 17:57:15,0,0,3515,81559,149.82,34
2026-01-05 17:57:25,0,0,3515,81559,117.42,33
2026-01-05 17:57:35,0,0,3515,81559,116.56,33
2026-01-05 17:57:45,0,0,3515,81559,117.63,33
2026-01-05 17:57:55,0,0,3515,81559,116.62,33
2026-01-05 17:58:05,0,0,3515,81559,117.43,33
2026-01-05 17:58:15,0,0,3515,81559,116.74,33
2026-01-05 17:58:25,0,0,3515,81559,117.42,33
2026-01-05 17:58:35,0,0,3515,81559,117.33,33
2026-01-05 17:58:45,0,0,3515,81559,116.84,33
2026-01-05 17:58:55,0,0,3515,81559,116.58,33
2026-01-05 17:59:05,0,0,3515,81559,116.47,33
2026-01-05 17:59:15,0,0,3515,81559,117.39,33
2026-01-05 17:59:25,0,0,3515,81559,117.31,33
2026-01-05 17:59:35,0,0,3515,81559,117.41,33
2026-01-05 17:59:45,0,0,3515,81559,116.61,33
2026-01-05 17:59:55,0,0,3515,81559,116.59,33
2026-01-05 18:00:05,25,8,3515,81559,161.92,35
2026-01-05 18:00:15,0,0,3515,81559,116.53,33
2026-01-05 18:00:26,0,0,3515,81559,116.49,33
2026-01-05 18:00:36,0,0,3515,81559,162.39,34
2026-01-05 18:00:46,0,0,3515,81559,117.30,33
2026-01-05 18:00:56,0,0,3515,81559,116.46,33
2026-01-05 18:01:06,0,0,3515,81559,161.77,34
2026-01-05 18:01:16,0,0,3515,81559,117.36,33
2026-01-05 18:01:26,0,0,3515,81559,116.64,33
2026-01-05 18:01:36,0,0,3515,81559,161.86,33
2026-01-05 18:01:46,0,0,3515,81559,116.56,33
2026-01-05 18:01:56,0,0,3515,81559,117.23,33
2026-01-05 18:02:06,0,0,3515,81559,117.60,33
2026-01-05 18:02:16,0,0,3515,81559,116.03,33
2026-01-05 18:02:26,0,0,3515,81559,115.99,33
2026-01-05 18:02:36,0,0,3515,81559,116.84,33
2026-01-05 18:02:46,0,0,3515,81559,116.57,33
2026-01-05 18:02:56,0,0,3515,81559,117.28,33
2026-01-05 18:03:06,0,0,3515,81559,117.43,33
2026-01-05 18:03:16,0,0,3515,81559,117.28,33
2026-01-05 18:03:26,0,0,3515,81559,117.30,33
2026-01-05 18:03:36,0,0,3515,81559,116.55,33
2026-01-05 18:03:46,0,0,3515,81559,116.55,33
2026-01-05 18:03:57,0,0,3515,81559,116.47,33
2026-01-05 18:04:07,0,0,3515,81559,116.65,33
2026-01-05 18:04:17,0,0,3515,81559,116.52,33
2026-01-05 18:04:27,0,0,3515,81559,116.56,33
2026-01-05 18:04:37,0,0,3515,81559,117.43,33
2026-01-05 18:04:47,0,0,3515,81559,117.32,33
2026-01-05 18:04:57,79,27,3515,81559,160.37,40
2026-01-05 18:05:07,0,0,3515,81559,117.36,33
2026-01-05 18:05:17,0,0,3515,81559,116.81,33
2026-01-05 18:05:27,0,0,3515,81559,161.16,33
2026-01-05 18:05:37,0,0,3515,81559,116.54,33
2026-01-05 18:05:47,0,0,3515,81559,116.77,33
2026-01-05 18:05:57,0,0,3515,81559,116.86,33
2026-01-05 18:06:07,0,0,3515,81559,117.33,33
2026-01-05 18:06:17,0,0,3515,81559,117.37,33
2026-01-05 18:06:27,0,0,3515,81559,116.55,33
2026-01-05 18:06:37,0,0,3515,81559,117.33,33
2026-01-05 18:06:47,0,0,3515,81559,116.48,33
2026-01-05 18:06:57,0,0,3515,81559,116.69,33
2026-01-05 18:07:07,0,0,3515,81559,117.35,33
2026-01-05 18:07:17,0,0,3515,81559,116.62,33
2026-01-05 18:07:27,0,0,3515,81559,117.43,33
2026-01-05 18:07:37,0,0,3515,81559,117.38,33
2026-01-05 18:07:48,0,0,3515,81559,116.46,33
2026-01-05 18:07:58,0,0,3515,81559,116.65,33
2026-01-05 18:08:08,0,0,3515,81559,117.25,33
2026-01-05 18:08:18,0,0,3515,81559,117.34,33
2026-01-05 18:08:28,0,0,3515,81559,117.28,33
2026-01-05 18:08:38,0,0,3515,81559,116.61,33
2026-01-05 18:08:48,86,29,3515,81559,162.35,36
2026-01-05 18:08:58,0,0,3515,81559,117.46,33
2026-01-05 18:09:08,0,0,3515,81559,116.68,33
2026-01-05 18:09:18,0,0,3515,81559,161.69,33
2026-01-05 18:09:28,0,0,3515,81559,116.59,33
2026-01-05 18:09:38,0,0,3515,81559,117.35,33
2026-01-05 18:09:48,0,0,3515,81559,139.68,33
2026-01-05 18:09:58,0,0,3515,81559,117.38,33
2026-01-05 18:10:08,0,0,3515,81559,117.16,33
2026-01-05 18:10:18,0,0,3515,81559,117.47,33
2026-01-05 18:10:28,0,0,3515,81559,116.57,33
2026-01-05 18:10:38,0,0,3515,81559,116.58,33
2026-01-05 18:10:48,0,0,3515,81559,116.60,33
2026-01-05 18:10:58,0,0,3515,81559,116.69,33
2026-01-05 18:11:08,0,0,3515,81559,117.38,33
2026-01-05 18:11:18,0,0,3515,81559,116.56,33
2026-01-05 18:11:29,0,0,3515,81559,117.31,33
2026-01-05 18:11:39,86,29,3515,81559,161.99,41
2026-01-05 18:11:49,0,0,3515,81559,116.60,33
2026-01-05 18:11:59,0,0,3515,81559,116.70,33
2026-01-05 18:12:09,0,0,3515,81559,160.75,34
2026-01-05 18:12:19,0,0,3515,81559,116.00,33
2026-01-05 18:12:29,0,0,3515,81559,116.47,33
2026-01-05 18:12:39,0,0,3515,81559,160.98,33
2026-01-05 18:12:49,0,0,3515,81559,116.62,33
2026-01-05 18:12:59,0,0,3515,81559,117.29,33
2026-01-05 18:13:09,0,0,3515,81559,161.67,33
2026-01-05 18:13:19,0,0,3515,81559,116.54,33
2026-01-05 18:13:29,0,0,3515,81559,115.93,33
2026-01-05 18:13:39,0,0,3515,81559,117.38,33
2026-01-05 18:13:49,0,0,3515,81559,116.55,33
2026-01-05 18:13:59,0,0,3515,81559,117.25,33
2026-01-05 18:14:09,0,0,3515,81559,116.60,33
2026-01-05 18:14:19,0,0,3515,81559,116.75,33
2026-01-05 18:14:29,0,0,3515,81559,116.50,33
2026-01-05 18:14:39,0,0,3515,81559,116.47,33
2026-01-05 18:14:49,0,0,3515,81559,117.24,33
2026-01-05 18:14:59,0,0,3515,81559,117.25,33
2026-01-05 18:15:10,0,0,3515,81559,115.29,33
2026-01-05 18:15:20,0,0,3515,81559,116.55,33
2026-01-05 18:15:30,0,0,3515,81559,116.69,33
2026-01-05 18:15:40,0,0,3515,81559,116.64,33
2026-01-05 18:15:50,0,0,3515,81559,115.97,33
2026-01-05 18:16:00,22,7,3515,81559,133.87,33
2026-01-05 18:16:10,0,0,3515,81559,117.25,33
2026-01-05 18:16:20,0,0,3515,81559,115.92,33
2026-01-05 18:16:30,0,0,3515,81559,161.11,33
2026-01-05 18:16:40,0,0,3515,81559,116.56,33
2026-01-05 18:16:50,0,0,3515,81559,117.34,33
2026-01-05 18:17:00,0,0,3515,81559,117.40,33
2026-01-05 18:17:10,0,0,3515,81559,116.50,33
2026-01-05 18:17:20,0,0,3515,81559,117.32,33
2026-01-05 18:17:30,0,0,3515,81559,117.27,33
2026-01-05 18:17:40,0,0,3515,81559,117.31,33
2026-01-05 18:17:50,0,0,3515,81559,116.70,33
2026-01-05 18:18:00,0,0,3515,81559,117.44,33
2026-01-05 18:18:10,0,0,3515,81559,116.59,33
2026-01-05 18:18:20,0,0,3515,81559,117.45,33
2026-01-05 18:18:30,0,0,3515,81559,116.55,33
2026-01-05 18:18:40,0,0,3515,81559,117.35,33
2026-01-05 18:18:50,0,0,3515,81559,117.28,33
2026-01-05 18:19:01,0,0,3515,81559,116.03,33
2026-01-05 18:19:11,0,0,3515,81559,116.14,33
2026-01-05 18:19:21,0,0,3515,81559,153.16,37
2026-01-05 18:19:31,0,0,3515,81559,117.51,33
2026-01-05 18:19:41,0,0,3515,81559,117.42,33
2026-01-05 18:19:51,0,0,3515,81559,161.31,34
2026-01-05 18:20:01,0,0,3515,81559,116.54,33
2026-01-05 18:20:11,0,0,3515,81559,116.60,33
2026-01-05 18:20:21,0,0,3515,81559,117.73,33
2026-01-05 18:20:31,0,0,3515,81559,116.57,33
2026-01-05 18:20:41,0,0,3515,81559,115.98,33
2026-01-05 18:20:51,0,0,3515,81559,116.67,33
2026-01-05 18:21:01,0,0,3515,81559,117.31,33
2026-01-05 18:21:11,0,0,3515,81559,116.59,33
2026-01-05 18:21:21,0,0,3515,81559,116.06,33
2026-01-05 18:21:31,0,0,3515,81559,116.66,33
2026-01-05 18:21:41,0,0,3515,81559,116.79,33
2026-01-05 18:21:51,0,0,3515,81559,117.44,33
2026-01-05 18:22:01,0,0,3515,81559,117.37,33
2026-01-05 18:22:11,0,0,3515,81559,116.60,33
2026-01-05 18:22:21,0,0,3515,81559,116.65,33
2026-01-05 18:22:31,0,0,3515,81559,117.31,33
2026-01-05 18:22:41,0,0,3515,81559,116.70,33
2026-01-05 18:22:51,0,0,3515,81559,117.44,33
2026-01-05 18:23:02,0,0,3515,81559,117.39,33
2026-01-05 18:23:12,0,0,3515,81559,144.69,37
2026-01-05 18:23:22,0,0,3515,81559,117.34,33
2026-01-05 18:23:32,0,0,3515,81559,117.40,33
2026-01-05 18:23:42,0,0,3515,81559,160.63,34
2026-01-05 18:23:52,0,0,3515,81559,116.54,33
2026-01-05 18:24:02,0,0,3515,81559,116.09,33
2026-01-05 18:24:12,0,0,3515,81559,162.35,33
2026-01-05 18:24:22,0,0,3515,81559,117.32,33
2026-01-05 18:24:32,0,0,3515,81559,117.35,33
2026-01-05 18:24:42,0,0,3515,81559,120.54,33
2026-01-05 18:24:52,0,0,3515,81559,116.56,33
2026-01-05 18:25:02,0,0,3515,81559,116.58,33
2026-01-05 18:25:12,0,0,3515,81559,116.67,33
2026-01-05 18:25:22,0,0,3515,81559,116.80,33
2026-01-05 18:25:32,0,0,3515,81559,116.61,33
2026-01-05 18:25:42,0,0,3515,81559,117.46,33
2026-01-05 18:25:52,0,0,3515,81559,116.52,33
2026-01-05 18:26:02,0,0,3515,81559,116.57,33
2026-01-05 18:26:12,0,0,3515,81559,116.58,33
2026-01-05 18:26:22,0,0,3515,81559,117.30,33
2026-01-05 18:26:33,0,0,3515,81559,116.57,33
2026-01-05 18:26:43,0,0,3515,81559,116.67,33
2026-01-05 18:26:53,0,0,3515,81559,116.74,33
2026-01-05 18:27:03,0,0,3515,81559,116.73,33
2026-01-05 18:27:13,0,0,3515,81559,116.66,33
2026-01-05 18:27:23,0,0,3515,81559,116.60,33
2026-01-05 18:27:33,64,21,3515,81559,161.26,40
2026-01-05 18:27:43,0,0,3515,81559,116.63,33
2026-01-05 18:27:53,0,0,3515,81559,116.79,33
2026-01-05 18:28:03,0,0,3515,81559,161.87,34
2026-01-05 18:28:13,0,0,3515,81559,117.31,33
2026-01-05 18:28:23,0,0,3515,81559,116.69,33
2026-01-05 18:28:33,0,0,3515,81559,160.03,34
2026-01-05 18:28:43,0,0,3515,81559,116.60,33
2026-01-05 18:28:53,0,0,3515,81559,116.51,33
2026-01-05 18:29:03,0,0,3515,81559,162.29,34
2026-01-05 18:29:13,0,0,3515,81559,117.08,33
2026-01-05 18:29:23,0,0,3515,81559,116.56,33
2026-01-05 18:29:33,0,0,3515,81559,117.48,33
2026-01-05 18:29:43,0,0,3515,81559,117.35,33
2026-01-05 18:29:53,0,0,3515,81559,117.44,33
2026-01-05 18:30:03,0,0,3515,81559,117.50,33
2026-01-05 18:30:13,0,0,3515,81559,117.35,33
2026-01-05 18:30:24,0,0,3515,81559,117.43,33
2026-01-05 18:30:34,0,0,3515,81559,117.48,33
2026-01-05 18:30:44,0,0,3515,81559,117.37,33
2026-01-05 18:30:54,0,0,3515,81559,117.30,33
2026-01-05 18:31:04,0,0,3515,81559,117.44,33
2026-01-05 18:31:14,0,0,3515,81559,117.28,33
2026-01-05 18:31:24,0,0,3515,81559,116.54,33
2026-01-05 18:31:34,0,0,3515,81559,116.52,33
2026-01-05 18:31:44,0,0,3515,81559,116.56,33
2026-01-05 18:31:54,0,0,3515,81559,117.31,33
2026-01-05 18:32:04,0,0,3515,81559,116.53,33
2026-01-05 18:32:14,0,0,3515,81559,117.33,33
2026-01-05 18:32:24,0,0,3515,81559,115.98,33
2026-01-05 18:32:34,0,0,3515,81559,117.23,33
2026-01-05 18:32:44,0,0,3515,81559,117.35,33
2026-01-05 18:32:54,100,33,3515,81559,159.45,37
2026-01-05 18:33:04,0,0,3515,81559,117.33,33
2026-01-05 18:33:14,0,0,3515,81559,117.36,33
2026-01-05 18:33:24,0,0,3515,81559,161.68,33
2026-01-05 18:33:34,0,0,3515,81559,116.54,33
2026-01-05 18:33:44,0,0,3515,81559,116.58,33
2026-01-05 18:33:54,0,0,3515,81559,116.85,33
2026-01-05 18:34:04,0,0,3515,81559,116.54,33
2026-01-05 18:34:15,0,0,3515,81559,116.02,33
2026-01-05 18:34:25,0,0,3515,81559,116.85,33
2026-01-05 18:34:35,0,0,3515,81559,116.73,33
2026-01-05 18:34:45,0,0,3515,81559,116.56,33
2026-01-05 18:34:55,0,0,3515,81559,116.84,33
2026-01-05 18:35:05,0,0,3515,81559,116.69,33
2026-01-05 18:35:15,0,0,3515,81559,116.54,33
2026-01-05 18:35:25,0,0,3515,81559,116.49,33
2026-01-05 18:35:35,0,0,3515,81559,116.46,33
2026-01-05 18:35:45,0,0,3515,81559,116.48,33
2026-01-05 18:35:55,0,0,3515,81559,117.32,33
2026-01-05 18:36:05,0,0,3515,81559,117.37,33
2026-01-05 18:36:15,55,18,3515,81559,144.80,33
2026-01-05 18:36:25,0,0,3515,81559,117.17,33
2026-01-05 18:36:35,0,0,3515,81559,117.28,33
2026-01-05 18:36:45,38,13,3515,81559,161.38,35
2026-01-05 18:36:55,0,0,3515,81559,116.58,33
2026-01-05 18:37:05,0,0,3515,81559,116.57,33
2026-01-05 18:37:15,0,0,3515,81559,161.94,34
2026-01-05 18:37:25,0,0,3515,81559,117.28,33
2026-01-05 18:37:35,0,0,3515,81559,116.77,33
2026-01-05 18:37:45,0,0,3515,81559,161.45,33
2026-01-05 18:37:55,0,0,3515,81559,116.54,33
2026-01-05 18:38:05,0,0,3515,81559,116.56,33
2026-01-05 18:38:16,0,0,3515,81559,116.82,33
2026-01-05 18:38:26,0,0,3515,81559,116.52,33
2026-01-05 18:38:36,0,0,3515,81559,116.51,33
2026-01-05 18:38:46,0,0,3515,81559,117.39,33
2026-01-05 18:38:56,0,0,3515,81559,116.67,33
2026-01-05 18:39:06,0,0,3515,81559,116.72,33
2026-01-05 18:39:16,0,0,3515,81559,116.63,33
2026-01-05 18:39:26,0,0,3515,81559,117.37,33
2026-01-05 18:39:36,0,0,3515,81559,116.62,33
2026-01-05 18:39:46,0,0,3515,81559,117.42,33
2026-01-05 18:39:56,0,0,3515,81559,117.37,33
2026-01-05 18:40:06,0,0,3515,81559,117.35,33
2026-01-05 18:40:16,0,0,3515,81559,117.44,33
2026-01-05 18:40:26,0,0,3515,81559,115.84,33
2026-01-05 18:40:36,66,22,3515,81559,162.84,40
2026-01-05 18:40:46,0,0,3515,81559,117.34,33
2026-01-05 18:40:56,0,0,3515,81559,116.55,33
2026-01-05 18:41:06,0,0,3515,81559,161.71,34
2026-01-05 18:41:16,0,0,3515,81559,116.63,33
2026-01-05 18:41:26,0,0,3515,81559,116.61,33
2026-01-05 18:41:36,0,0,3515,81559,160.40,33
2026-01-05 18:41:46,0,0,3515,81559,117.32,33
2026-01-05 18:41:56,0,0,3515,81559,117.29,33
2026-01-05 18:42:06,0,0,3515,81559,161.98,33
2026-01-05 18:42:17,0,0,3515,81559,117.41,33
2026-01-05 18:42:27,0,0,3515,81559,116.54,33
2026-01-05 18:42:37,0,0,3515,81559,116.79,33
2026-01-05 18:42:47,0,0,3515,81559,116.56,33
2026-01-05 18:42:57,0,0,3515,81559,116.59,33
2026-01-05 18:43:07,0,0,3515,81559,116.75,33
2026-01-05 18:43:17,0,0,3515,81559,116.54,33
2026-01-05 18:43:27,0,0,3515,81559,117.34,33
2026-01-05 18:43:37,0,0,3515,81559,116.03,33
2026-01-05 18:43:47,0,0,3515,81559,117.36,33
2026-01-05 18:43:57,0,0,3515,81559,117.42,33
2026-01-05 18:44:07,0,0,3515,81559,117.35,33
2026-01-05 18:44:17,0,0,3515,81559,116.79,33
2026-01-05 18:44:27,0,0,3515,81559,116.74,33
2026-01-05 18:44:37,0,0,3515,81559,116.65,33
2026-01-05 18:44:47,0,0,3515,81559,116.47,33
2026-01-05 18:44:57,0,0,3515,81559,162.49,33
2026-01-05 18:45:07,0,0,3515,81559,116.80,33
2026-01-05 18:45:17,0,0,3515,81559,117.22,33
2026-01-05 18:45:27,0,0,3515,81559,143.21,33
2026-01-05 18:45:37,0,0,3515,81559,116.72,33
2026-01-05 18:45:47,0,0,3515,81559,116.69,33
2026-01-05 18:45:57,0,0,3515,81559,117.36,33
2026-01-05 18:46:07,0,0,3515,81559,116.52,33
2026-01-05 18:46:18,0,0,3515,81559,117.22,33
2026-01-05 18:46:28,0,0,3515,81559,117.44,33
2026-01-05 18:46:38,0,0,3515,81559,117.36,33
2026-01-05 18:46:48,0,0,3515,81559,116.66,33
2026-01-05 18:46:58,0,0,3515,81559,116.51,33
2026-01-05 18:47:08,0,0,3515,81559,116.53,33
2026-01-05 18:47:18,88,29,3515,81559,162.25,36
2026-01-05 18:47:28,0,0,3515,81559,116.45,33
2026-01-05 18:47:38,0,0,3515,81559,116.62,33
2026-01-05 18:47:48,0,0,3515,81559,162.10,34
2026-01-05 18:47:58,0,0,3515,81559,117.31,33
2026-01-05 18:48:08,0,0,3515,81559,116.43,33
2026-01-05 18:48:18,0,0,3515,81559,145.03,33
2026-01-05 18:48:28,0,0,3515,81559,116.57,33
2026-01-05 18:48:38,0,0,3515,81559,117.24,33
2026-01-05 18:48:48,0,0,3515,81559,144.19,33
2026-01-05 18:48:58,0,0,3515,81559,117.34,33
2026-01-05 18:49:08,0,0,3515,81559,117.28,33
2026-01-05 18:49:18,0,0,3515,81559,116.75,33
2026-01-05 18:49:28,0,0,3515,81559,117.34,33
2026-01-05 18:49:38,0,0,3515,81559,117.26,33
2026-01-05 18:49:48,0,0,3515,81559,116.62,33
2026-01-05 18:49:58,0,0,3515,81559,117.40,33
2026-01-05 18:50:08,0,0,3515,81559,117.31,33
2026-01-05 18:50:19,0,0,3515,81559,116.79,33
2026-01-05 18:50:29,0,0,3515,81559,117.31,33
2026-01-05 18:50:39,0,0,3515,81559,116.50,33
2026-01-05 18:50:49,0,0,3515,81559,116.02,33
2026-01-05 18:50:59,0,0,3515,81559,117.29,33
2026-01-05 18:51:09,0,0,3515,81559,116.50,33
2026-01-05 18:51:19,0,0,3515,81559,116.55,33
2026-01-05 18:51:29,0,0,3515,81559,116.56,33
2026-01-05 18:51:39,0,0,3515,81559,117.31,33
2026-01-05 18:51:49,0,0,3515,81559,117.36,33
2026-01-05 18:51:59,0,0,3515,81559,116.55,33
2026-01-05 18:52:09,5,1,3515,81559,156.91,38
2026-01-05 18:52:19,0,0,3515,81559,117.39,33
2026-01-05 18:52:29,0,0,3515,81559,116.76,33
2026-01-05 18:52:39,0,0,3515,81559,159.05,34
2026-01-05 18:52:49,0,0,3515,81559,117.34,33
2026-01-05 18:52:59,0,0,3515,81559,116.56,33
2026-01-05 18:53:09,0,0,3515,81559,161.11,33
2026-01-05 18:53:19,0,0,3515,81559,116.61,33
2026-01-05 18:53:29,0,0,3515,81559,116.57,33
2026-01-05 18:53:39,0,0,3515,81559,116.71,33
2026-01-05 18:53:49,0,0,3515,81559,116.55,33
2026-01-05 18:53:59,0,0,3515,81559,116.49,33
2026-01-05 18:54:09,0,0,3515,81559,116.56,33
2026-01-05 18:54:20,0,0,3515,81559,116.57,33
2026-01-05 18:54:30,0,0,3515,81559,116.50,33
2026-01-05 18:54:40,0,0,3515,81559,117.49,33
2026-01-05 18:54:50,0,0,3515,81559,117.39,33
2026-01-05 18:55:00,0,0,3515,81559,117.42,33
2026-01-05 18:55:10,0,0,3515,81559,117.47,33
2026-01-05 18:55:20,0,0,3515,81559,117.40,33
2026-01-05 18:55:30,0,0,3515,81559,163.69,34
2026-01-05 18:55:40,0,0,3515,81559,117.42,33
2026-01-05 18:55:50,0,0,3515,81559,117.32,33
2026-01-05 18:56:00,0,0,3515,81559,117.56,33
2026-01-05 18:56:10,0,0,3515,81559,117.42,33
2026-01-05 18:56:20,0,0,3515,81559,116.51,33
2026-01-05 18:56:30,0,0,3515,81559,116.68,33
2026-01-05 18:56:40,0,0,3515,81559,117.35,33
2026-01-05 18:56:50,0,0,3515,81559,117.42,33
2026-01-05 18:57:00,0,0,3515,81559,117.48,33
2026-01-05 18:57:10,0,0,3515,81559,117.41,33
2026-01-05 18:57:20,0,0,3515,81559,117.40,33
2026-01-05 18:57:30,0,0,3515,81559,116.64,33
2026-01-05 18:57:40,0,0,3515,81559,117.42,33
2026-01-05 18:57:50,0,0,3515,81559,116.61,33
2026-01-05 18:58:01,0,0,3515,81559,116.69,33
2026-01-05 18:58:11,0,0,3515,81559,116.89,33
2026-01-05 18:58:21,0,0,3515,81559,117.39,33
2026-01-05 18:58:31,0,0,3515,81559,116.63,33
2026-01-05 18:58:41,0,0,3515,81559,116.52,33
2026-01-05 18:58:51,0,0,3515,81559,161.75,35
2026-01-05 18:59:01,0,0,3515,81559,116.77,33
2026-01-05 18:59:11,0,0,3515,81559,116.56,33
2026-01-05 18:59:21,0,0,3515,81559,160.80,34
2026-01-05 18:59:31,0,0,3515,81559,117.53,33
2026-01-05 18:59:41,0,0,3515,81559,116.53,33
2026-01-05 18:59:51,0,0,3515,81559,120.35,33
2026-01-05 19:00:01,0,0,3515,81559,117.46,33
2026-01-05 19:00:11,0,0,3515,81559,116.56,33
2026-01-05 19:00:21,0,0,3515,81559,116.59,33
2026-01-05 19:00:31,0,0,3515,81559,117.43,33
2026-01-05 19:00:41,0,0,3515,81559,117.36,33
2026-01-05 19:00:51,0,0,3515,81559,116.53,33
2026-01-05 19:01:01,0,0,3515,81559,117.38,33
2026-01-05 19:01:11,0,0,3515,81559,117.33,33
2026-01-05 19:01:21,0,0,3515,81559,116.59,33
2026-01-05 19:01:31,0,0,3515,81559,116.79,33
2026-01-05 19:01:41,0,0,3515,81559,116.74,33
2026-01-05 19:01:51,0,0,3515,81559,116.70,33
2026-01-05 19:02:02,0,0,3515,81559,117.41,33
2026-01-05 19:02:12,12,4,3515,81559,159.74,35
2026-01-05 19:02:22,0,0,3515,81559,117.43,33
2026-01-05 19:02:32,0,0,3515,81559,116.55,33
2026-01-05 19:02:42,0,0,3515,81559,161.91,34
2026-01-05 19:02:52,0,0,3515,81559,116.55,33
2026-01-05 19:03:02,0,0,3515,81559,116.60,33
2026-01-05 19:03:12,0,0,3515,81559,161.43,33
2026-01-05 19:03:22,0,0,3515,81559,117.31,33
2026-01-05 19:03:32,0,0,3515,81559,116.51,33
2026-01-05 19:03:42,0,0,3515,81559,117.45,33
2026-01-05 19:03:52,0,0,3515,81559,117.36,33
2026-01-05 19:04:02,0,0,3515,81559,117.34,33
2026-01-05 19:04:12,0,0,3515,81559,116.73,33
2026-01-05 19:04:22,0,0,3515,81559,116.53,33
2026-01-05 19:04:32,0,0,3515,81559,117.27,33
2026-01-05 19:04:42,0,0,3515,81559,117.35,33
2026-01-05 19:04:52,0,0,3515,81559,116.59,33
2026-01-05 19:05:02,0,0,3515,81559,117.30,33
2026-01-05 19:05:12,0,0,3515,81559,116.52,33
2026-01-05 19:05:22,0,0,3515,81559,116.52,33
2026-01-05 19:05:32,3,1,3515,81559,120.33,33
2026-01-05 19:05:42,0,0,3515,81559,116.50,33
2026-01-05 19:05:52,0,0,3515,81559,117.36,33
2026-01-05 19:06:03,0,0,3515,81559,160.70,34
2026-01-05 19:06:13,0,0,3515,81559,116.61,33
2026-01-05 19:06:23,0,0,3515,81559,117.36,33
2026-01-05 19:06:33,0,0,3515,81559,162.17,34
2026-01-05 19:06:43,0,0,3515,81559,117.39,33
2026-01-05 19:06:53,0,0,3515,81559,117.44,33
2026-01-05 19:07:03,0,0,3515,81559,116.86,33
2026-01-05 19:07:13,0,0,3515,81559,116.56,33
2026-01-05 19:07:23,0,0,3515,81559,116.67,33
2026-01-05 19:07:33,0,0,3515,81559,117.51,33
2026-01-05 19:07:43,0,0,3515,81559,117.35,33
2026-01-05 19:07:53,0,0,3515,81559,116.53,33
2026-01-05 19:08:03,0,0,3515,81559,117.34,33
2026-01-05 19:08:13,0,0,3515,81559,117.42,33
2026-01-05 19:08:23,0,0,3515,81559,117.26,33
2026-01-05 19:08:33,0,0,3515,81559,116.80,33
2026-01-05 19:08:43,0,0,3515,81559,116.61,33
2026-01-05 19:08:53,0,0,3515,81559,116.56,33
2026-01-05 19:09:03,0,0,3515,81559,117.41,33
2026-01-05 19:09:13,0,0,3515,81559,116.78,33
2026-01-05 19:09:23,0,0,3515,81559,116.70,33
2026-01-05 19:09:33,0,0,3515,81559,116.57,33
2026-01-05 19:09:43,0,0,3515,81559,116.77,33
2026-01-05 19:09:53,43,15,3515,81559,161.06,35
2026-01-05 19:10:04,0,0,3515,81559,116.64,33
2026-01-05 19:10:14,0,0,3515,81559,117.33,33
2026-01-05 19:10:24,0,0,3515,81559,160.80,34
2026-01-05 19:10:34,0,0,3515,81559,117.34,33
2026-01-05 19:10:44,0,0,3515,81559,117.35,33
2026-01-05 19:10:54,0,0,3515,81559,162.05,33
2026-01-05 19:11:04,0,0,3515,81559,116.79,33
2026-01-05 19:11:14,0,0,3515,81559,116.59,33
2026-01-05 19:11:24,0,0,3515,81559,161.99,33
2026-01-05 19:11:34,0,0,3515,81559,117.50,33
2026-01-05 19:11:44,0,0,3515,81559,116.59,33
2026-01-05 19:11:54,0,0,3515,81559,128.03,33
2026-01-05 19:12:04,0,0,3515,81559,116.75,33
2026-01-05 19:12:14,0,0,3515,81559,116.77,33
2026-01-05 19:12:24,0,0,3515,81559,117.35,33
2026-01-05 19:12:34,0,0,3515,81559,117.38,33
2026-01-05 19:12:44,0,0,3515,81559,116.55,33
2026-01-05 19:12:54,0,0,3515,81559,116.58,33
2026-01-05 19:13:04,0,0,3515,81559,117.33,33
2026-01-05 19:13:14,18,6,3515,81559,132.18,39
2026-01-05 19:13:24,0,0,3515,81559,117.28,33
2026-01-05 19:13:34,0,0,3515,81559,116.62,33
2026-01-05 19:13:44,0,0,3515,81559,160.65,33
2026-01-05 19:13:54,0,0,3515,81559,117.27,33
2026-01-05 19:14:05,0,0,3515,81559,117.27,33
2026-01-05 19:14:15,0,0,3515,81559,160.90,33
2026-01-05 19:14:25,0,0,3515,81559,117.27,33
2026-01-05 19:14:35,0,0,3515,81559,117.41,33
2026-01-05 19:14:45,0,0,3515,81559,117.45,33
2026-01-05 19:14:55,0,0,3515,81559,116.51,33
2026-01-05 19:15:05,0,0,3515,81559,116.49,33
2026-01-05 19:15:15,0,0,3515,81559,117.24,33
2026-01-05 19:15:25,0,0,3515,81559,116.40,33
2026-01-05 19:15:35,0,0,3515,81559,116.42,33
2026-01-05 19:15:45,0,0,3515,81559,116.53,33
2026-01-05 19:15:55,0,0,3515,81559,116.43,33
2026-01-05 19:16:05,0,0,3515,81559,162.55,35
2026-01-05 19:16:15,0,0,3515,81559,117.37,33
2026-01-05 19:16:25,0,0,3515,81559,116.46,33
2026-01-05 19:16:35,0,0,3515,81559,162.48,34
2026-01-05 19:16:45,0,0,3515,81559,116.48,33
2026-01-05 19:16:55,0,0,3515,81559,116.35,33
2026-01-05 19:17:05,0,0,3515,81559,160.80,33
2026-01-05 19:17:15,0,0,3515,81559,117.29,33
2026-01-05 19:17:25,0,0,3515,81559,117.32,33
2026-01-05 19:17:35,0,0,3515,81559,117.33,33
2026-01-05 19:17:45,0,0,3515,81559,117.16,33
2026-01-05 19:17:56,0,0,3515,81559,116.46,33
2026-01-05 19:18:06,0,0,3515,81559,117.35,33
2026-01-05 19:18:16,0,0,3515,81559,117.33,33
2026-01-05 19:18:26,0,0,3515,81559,117.28,33
2026-01-05 19:18:36,0,0,3515,81559,117.28,33
2026-01-05 19:18:46,0,0,3515,81559,117.20,33
2026-01-05 19:18:56,0,0,3515,81559,135.29,33
2026-01-05 19:19:06,0,0,3515,81559,116.53,33
2026-01-05 19:19:16,0,0,3515,81559,117.36,33
2026-01-05 19:19:26,0,0,3515,81559,162.86,34
2026-01-05 19:19:36,0,0,3515,81559,116.54,33
2026-01-05 19:19:46,0,0,3515,81559,117.29,33
2026-01-05 19:19:56,0,0,3515,81559,161.13,33
2026-01-05 19:20:06,0,0,3515,81559,117.26,33
2026-01-05 19:20:16,0,0,3515,81559,117.33,33
2026-01-05 19:20:26,0,0,3515,81559,116.68,33
2026-01-05 19:20:36,0,0,3515,81559,116.57,33
2026-01-05 19:20:46,0,0,3515,81559,117.32,33
2026-01-05 19:20:56,0,0,3515,81559,117.39,33
2026-01-05 19:21:06,0,0,3515,81559,116.66,33
2026-01-05 19:21:16,0,0,3515,81559,116.58,33
2026-01-05 19:21:26,0,0,3515,81559,116.59,33
2026-01-05 19:21:36,0,0,3515,81559,117.34,33
2026-01-05 19:21:46,9,3,3515,81559,121.58,33
2026-01-05 19:21:57,0,0,3515,81559,116.53,33
2026-01-05 19:22:07,0,0,3515,81559,116.49,33
2026-01-05 19:22:17,0,0,3515,81559,162.13,33
2026-01-05 19:22:27,0,0,3515,81559,116.58,33
2026-01-05 19:22:37,0,0,3515,81559,116.41,33
2026-01-05 19:22:47,0,0,3515,81559,117.39,33
2026-01-05 19:22:57,0,0,3515,81559,117.38,33
2026-01-05 19:23:07,0,0,3515,81559,116.61,33
2026-01-05 19:23:17,0,0,3515,81559,116.71,33
2026-01-05 19:23:27,0,0,3515,81559,116.65,33
2026-01-05 19:23:37,0,0,3515,81559,117.37,33
2026-01-05 19:23:47,0,0,3515,81559,116.13,33
2026-01-05 19:23:57,0,0,3515,81559,116.74,33
2026-01-05 19:24:07,76,25,3515,81559,159.90,41
2026-01-05 19:24:17,0,0,3515,81559,116.53,33
2026-01-05 19:24:27,0,0,3515,81559,116.68,33
2026-01-05 19:24:37,0,0,3515,81559,162.57,34
2026-01-05 19:24:47,0,0,3515,81559,117.27,33
2026-01-05 19:24:57,0,0,3515,81559,116.48,33
2026-01-05 19:25:07,0,0,3515,81559,162.14,34
2026-01-05 19:25:17,0,0,3515,81559,116.65,33
2026-01-05 19:25:27,0,0,3515,81559,116.53,33
2026-01-05 19:25:37,0,0,3515,81559,162.07,33
2026-01-05 19:25:47,0,0,3515,81559,117.36,33
2026-01-05 19:25:58,0,0,3515,81559,117.25,33
2026-01-05 19:26:08,0,0,3515,81559,162.60,33
2026-01-05 19:26:18,0,0,3515,81559,117.25,33
