timestamp,util_gpu,util_mem,mem_used_mb,mem_total_mb,power_w,temp_c
2026-01-05 08:44:31,0,0,0,81559,70.61,30
2026-01-05 08:44:41,0,0,4,81559,70.47,30
2026-01-05 08:44:51,0,0,669,81559,117.12,32
2026-01-05 08:45:01,1,0,3491,81559,121.75,33
2026-01-05 08:45:11,0,0,3515,81559,119.22,32
2026-01-05 08:45:21,0,0,3515,81559,118.57,32
2026-01-05 08:45:31,0,0,3515,81559,166.40,32
2026-01-05 08:45:41,0,0,3515,81559,118.54,32
2026-01-05 08:45:51,0,0,3515,81559,118.43,32
2026-01-05 08:46:01,0,0,3515,81559,166.41,32
2026-01-05 08:46:11,0,0,3515,81559,118.83,32
2026-01-05 08:46:21,0,0,3515,81559,119.10,32
2026-01-05 08:46:31,0,0,3515,81559,166.85,33
2026-01-05 08:46:41,0,0,3515,81559,119.90,32
2026-01-05 08:46:51,0,0,3515,81559,119.17,32
2026-01-05 08:47:01,0,0,3515,81559,161.98,33
2026-01-05 08:47:11,0,0,3515,81559,118.66,32
2026-01-05 08:47:21,0,0,3515,81559,118.67,32
2026-01-05 08:47:31,0,0,3515,81559,167.30,33
2026-01-05 08:47:41,0,0,3515,81559,119.18,32
2026-01-05 08:47:51,0,0,3515,81559,120.52,32
2026-01-05 08:48:02,0,0,3515,81559,165.95,33
2026-01-05 08:48:12,0,0,3515,81559,119.07,32
2026-01-05 08:48:22,0,0,3515,81559,117.98,32
2026-01-05 08:48:32,0,0,3515,81559,165.99,33
2026-01-05 08:48:42,0,0,3515,81559,120.07,32
2026-01-05 08:48:52,0,0,3515,81559,118.64,32
2026-01-05 08:49:02,0,0,3515,81559,166.54,33
2026-01-05 08:49:12,0,0,3515,81559,118.00,32
2026-01-05 08:49:22,0,0,3515,81559,120.08,32
2026-01-05 08:49:32,0,0,3515,81559,169.30,33
2026-01-05 08:49:42,0,0,3515,81559,120.01,32
2026-01-05 08:49:52,0,0,3515,81559,120.07,32
2026-01-05 08:50:02,0,0,3515,81559,166.78,33
2026-01-05 08:50:12,0,0,3515,81559,119.99,32
2026-01-05 08:50:22,0,0,3515,81559,119.91,32
2026-01-05 08:50:32,0,0,3515,81559,164.54,33
2026-01-05 08:50:42,0,0,3515,81559,120.08,33
2026-01-05 08:50:52,0,0,3515,81559,120.02,33
2026-01-05 08:51:02,0,0,3515,81559,166.38,33
2026-01-05 08:51:12,0,0,3515,81559,119.54,33
2026-01-05 08:51:22,0,0,3515,81559,119.37,33
2026-01-05 08:51:32,0,0,3515,81559,136.63,33
2026-01-05 08:51:42,0,0,3515,81559,119.45,33
2026-01-05 08:51:52,0,0,3515,81559,119.46,33
2026-01-05 08:52:02,0,0,3515,81559,165.42,33
2026-01-05 08:52:12,0,0,3515,81559,120.16,33
2026-01-05 08:52:23,0,0,3515,81559,118.90,33
2026-01-05 08:52:33,0,0,3515,81559,164.35,33
2026-01-05 08:52:43,0,0,3515,81559,118.13,32
2026-01-05 08:52:53,0,0,3515,81559,118.87,32
2026-01-05 08:53:03,0,0,3515,81559,167.72,33
2026-01-05 08:53:13,0,0,3515,81559,119.37,33
2026-01-05 08:53:23,0,0,3515,81559,120.08,33
2026-01-05 08:53:33,0,0,3515,81559,166.87,33
2026-01-05 08:53:43,0,0,3515,81559,119.38,32
2026-01-05 08:53:53,0,0,3515,81559,119.97,32
2026-01-05 08:54:03,0,0,3515,81559,166.37,33
2026-01-05 08:54:13,0,0,3515,81559,119.06,32
2026-01-05 08:54:23,0,0,3515,81559,118.98,32
2026-01-05 08:54:33,0,0,3515,81559,167.81,33
2026-01-05 08:54:43,0,0,3515,81559,119.28,32
2026-01-05 08:54:53,0,0,3515,81559,120.15,32
2026-01-05 08:55:03,0,0,3515,81559,167.64,34
2026-01-05 08:55:13,0,0,3515,81559,123.35,33
2026-01-05 08:55:23,0,0,3515,81559,119.26,32
2026-01-05 08:55:33,0,0,3515,81559,119.31,32
2026-01-05 08:55:43,0,0,3515,81559,119.31,32
2026-01-05 08:55:53,0,0,3515,81559,118.01,32
2026-01-05 08:56:03,0,0,3515,81559,117.99,32
2026-01-05 08:56:13,0,0,3515,81559,119.33,32
2026-01-05 08:56:23,0,0,3515,81559,120.04,32
2026-01-05 08:56:33,0,0,3515,81559,130.16,35
2026-01-05 08:56:43,0,0,3515,81559,119.06,32
2026-01-05 08:56:53,0,0,3515,81559,119.97,32
2026-01-05 08:57:04,0,0,3515,81559,119.00,32
2026-01-05 08:57:14,0,0,3515,81559,119.09,32
2026-01-05 08:57:24,0,0,3515,81559,117.89,32
2026-01-05 08:57:34,0,0,3515,81559,119.82,32
2026-01-05 08:57:44,0,0,3515,81559,119.19,32
2026-01-05 08:57:54,0,0,3515,81559,119.21,32
2026-01-05 08:58:04,0,0,3515,81559,117.82,32
2026-01-05 08:58:14,0,0,3515,81559,119.03,32
2026-01-05 08:58:24,0,0,3515,81559,118.88,32
2026-01-05 08:58:34,0,0,3515,81559,119.13,32
2026-01-05 08:58:44,0,0,3515,81559,119.46,32
2026-01-05 08:58:54,0,0,3515,81559,119.18,32
2026-01-05 08:59:04,0,0,3515,81559,119.09,32
2026-01-05 08:59:14,0,0,3515,81559,120.06,32
2026-01-05 08:59:24,0,0,3515,81559,119.92,32
2026-01-05 08:59:34,0,0,3515,81559,117.82,32
2026-01-05 08:59:44,0,0,3515,81559,119.11,32
2026-01-05 08:59:54,0,0,3515,81559,119.30,32
2026-01-05 09:00:04,0,0,3515,81559,117.87,32
2026-01-05 09:00:14,0,0,3515,81559,117.89,32
2026-01-05 09:00:24,0,0,3515,81559,118.97,32
2026-01-05 09:00:34,0,0,3515,81559,119.86,32
2026-01-05 09:00:44,0,0,3515,81559,119.01,32
2026-01-05 09:00:54,0,0,3515,81559,119.06,32
2026-01-05 09:01:04,0,0,3515,81559,119.24,32
2026-01-05 09:01:14,0,0,3515,81559,118.01,32
2026-01-05 09:01:24,0,0,3515,81559,119.98,32
2026-01-05 09:01:34,0,0,3515,81559,118.71,32
2026-01-05 09:01:44,0,0,3515,81559,120.15,33
2026-01-05 09:01:55,0,0,3515,81559,119.10,32
2026-01-05 09:02:05,0,0,3515,81559,119.10,32
2026-01-05 09:02:15,0,0,3515,81559,123.23,33
2026-01-05 09:02:25,0,0,3515,81559,119.07,32
2026-01-05 09:02:35,0,0,3515,81559,118.85,32
2026-01-05 09:02:45,0,0,3515,81559,118.86,32
2026-01-05 09:02:55,0,0,3515,81559,118.90,32
2026-01-05 09:03:05,0,0,3515,81559,118.88,32
2026-01-05 09:03:15,0,0,3515,81559,118.74,32
2026-01-05 09:03:25,0,0,3515,81559,118.01,32
2026-01-05 09:03:35,0,0,3515,81559,118.66,32
2026-01-05 09:03:45,0,0,3515,81559,118.03,32
2026-01-05 09:03:55,0,0,3515,81559,118.75,32
2026-01-05 09:04:05,0,0,3515,81559,119.94,32
2026-01-05 09:04:15,0,0,3515,81559,118.78,32
2026-01-05 09:04:25,0,0,3515,81559,117.96,32
2026-01-05 09:04:35,0,0,3515,81559,119.00,32
2026-01-05 09:04:45,0,0,3515,81559,118.46,32
2026-01-05 09:04:55,0,0,3515,81559,118.57,32
2026-01-05 09:05:05,0,0,3515,81559,118.57,32
2026-01-05 09:05:15,0,0,3515,81559,119.91,32
2026-01-05 09:05:25,0,0,3515,81559,119.99,32
2026-01-05 09:05:35,0,0,3515,81559,119.99,32
2026-01-05 09:05:45,0,0,3515,81559,120.03,32
2026-01-05 09:05:55,0,0,3515,81559,119.02,32
2026-01-05 09:06:05,0,0,3515,81559,119.25,32
2026-01-05 09:06:15,0,0,3515,81559,117.38,32
2026-01-05 09:06:25,0,0,3515,81559,119.19,32
2026-01-05 09:06:35,0,0,3515,81559,118.53,32
2026-01-05 09:06:45,0,0,3515,81559,118.13,32
2026-01-05 09:06:56,0,0,3515,81559,118.05,32
2026-01-05 09:07:06,0,0,3515,81559,163.79,33
2026-01-05 09:07:16,0,0,3515,81559,118.76,32
2026-01-05 09:07:26,0,0,3515,81559,120.08,32
2026-01-05 09:07:36,0,0,3515,81559,165.48,33
2026-01-05 09:07:46,0,0,3515,81559,117.96,32
2026-01-05 09:07:56,0,0,3515,81559,118.85,32
2026-01-05 09:08:06,0,0,3515,81559,164.26,33
2026-01-05 09:08:16,0,0,3515,81559,118.96,32
2026-01-05 09:08:26,0,0,3515,81559,117.90,32
2026-01-05 09:08:36,0,0,3515,81559,166.18,33
2026-01-05 09:08:46,0,0,3515,81559,118.50,32
2026-01-05 09:08:56,0,0,3515,81559,119.05,32
2026-01-05 09:09:06,0,0,3515,81559,164.85,33
2026-01-05 09:09:16,0,0,3515,81559,118.90,32
2026-01-05 09:09:26,0,0,3515,81559,119.39,32
2026-01-05 09:09:36,0,0,3515,81559,120.72,32
2026-01-05 09:09:46,0,0,3515,81559,119.27,32
2026-01-05 09:09:56,0,0,3515,81559,119.19,32
2026-01-05 09:10:06,0,0,3515,81559,120.15,32
2026-01-05 09:10:16,0,0,3515,81559,119.98,32
2026-01-05 09:10:26,0,0,3515,81559,119.99,32
2026-01-05 09:10:36,0,0,3515,81559,118.94,32
2026-01-05 09:10:46,0,0,3515,81559,119.96,32
2026-01-05 09:10:56,0,0,3515,81559,119.97,32
2026-01-05 09:11:07,0,0,3515,81559,118.70,32
2026-01-05 09:11:17,0,0,3515,81559,119.19,32
2026-01-05 09:11:27,0,0,3515,81559,117.82,32
2026-01-05 09:11:37,0,0,3515,81559,119.28,32
2026-01-05 09:11:47,0,0,3515,81559,119.24,32
2026-01-05 09:11:57,0,0,3515,81559,119.02,32
2026-01-05 09:12:07,0,0,3515,81559,118.95,32
2026-01-05 09:12:17,0,0,3515,81559,117.69,32
2026-01-05 09:12:27,0,0,3515,81559,118.99,32
2026-01-05 09:12:37,0,0,3515,81559,118.96,32
2026-01-05 09:12:47,0,0,3515,81559,119.02,32
2026-01-05 09:12:57,0,0,3515,81559,117.78,32
2026-01-05 09:13:07,0,0,3515,81559,118.55,32
2026-01-05 09:13:17,0,0,3515,81559,119.01,32
2026-01-05 09:13:27,0,0,3515,81559,119.15,32
2026-01-05 09:13:37,0,0,3515,81559,119.22,32
2026-01-05 09:13:47,0,0,3515,81559,119.22,32
2026-01-05 09:13:57,0,0,3515,81559,118.83,32
2026-01-05 09:14:07,0,0,3515,81559,119.08,32
2026-01-05 09:14:17,0,0,3515,81559,117.97,32
2026-01-05 09:14:27,0,0,3515,81559,118.87,32
2026-01-05 09:14:37,0,0,3515,81559,117.97,32
2026-01-05 09:14:47,0,0,3515,81559,117.83,32
2026-01-05 09:14:57,0,0,3515,81559,117.83,32
2026-01-05 09:15:07,0,0,3515,81559,117.87,32
2026-01-05 09:15:18,0,0,3515,81559,117.72,32
2026-01-05 09:15:28,0,0,3515,81559,117.68,32
2026-01-05 09:15:38,0,0,3515,81559,117.88,32
2026-01-05 09:15:48,0,0,3515,81559,118.00,32
2026-01-05 09:15:58,0,0,3515,81559,117.89,32
2026-01-05 09:16:08,0,0,3515,81559,120.26,32
2026-01-05 09:16:18,0,0,3515,81559,119.29,32
2026-01-05 09:16:28,0,0,3515,81559,117.86,32
2026-01-05 09:16:38,0,0,3515,81559,119.05,32
2026-01-05 09:16:48,0,0,3515,81559,119.18,32
2026-01-05 09:16:58,0,0,3515,81559,122.84,32
2026-01-05 09:17:08,0,0,3515,81559,119.99,32
2026-01-05 09:17:18,0,0,3515,81559,117.95,32
2026-01-05 09:17:28,0,0,3515,81559,119.09,32
2026-01-05 09:17:38,0,0,3515,81559,119.22,32
2026-01-05 09:17:48,0,0,3515,81559,119.16,32
2026-01-05 09:17:58,0,0,3515,81559,119.31,32
2026-01-05 09:18:08,0,0,3515,81559,118.89,32
2026-01-05 09:18:18,0,0,3515,81559,119.95,32
2026-01-05 09:18:28,0,0,3515,81559,119.52,32
2026-01-05 09:18:38,0,0,3515,81559,119.16,32
2026-01-05 09:18:48,0,0,3515,81559,118.58,32
2026-01-05 09:18:58,0,0,3515,81559,119.07,32
2026-01-05 09:19:08,0,0,3515,81559,119.91,32
2026-01-05 09:19:18,0,0,3515,81559,119.90,32
2026-01-05 09:19:28,0,0,3515,81559,118.44,32
2026-01-05 09:19:38,0,0,3515,81559,118.64,32
2026-01-05 09:19:48,0,0,3515,81559,118.55,32
2026-01-05 09:19:59,0,0,3515,81559,119.97,32
2026-01-05 09:20:09,0,0,3515,81559,119.62,32
2026-01-05 09:20:19,0,0,3515,81559,120.05,32
2026-01-05 09:20:29,0,0,3515,81559,119.00,32
2026-01-05 09:20:39,0,0,3515,81559,118.67,32
2026-01-05 09:20:49,0,0,3515,81559,120.03,32
2026-01-05 09:20:59,0,0,3515,81559,118.02,32
2026-01-05 09:21:09,0,0,3515,81559,118.83,32
2026-01-05 09:21:19,0,0,3515,81559,118.97,32
2026-01-05 09:21:29,100,33,3515,81559,162.30,37
2026-01-05 09:21:39,0,0,3515,81559,118.65,32
2026-01-05 09:21:49,0,0,3515,81559,118.42,32
2026-01-05 09:21:59,0,0,3515,81559,166.12,33
2026-01-05 09:22:09,0,0,3515,81559,118.41,32
2026-01-05 09:22:19,0,0,3515,81559,118.69,32
2026-01-05 09:22:29,0,0,3515,81559,163.75,33
2026-01-05 09:22:39,0,0,3515,81559,119.88,32
2026-01-05 09:22:49,0,0,3515,81559,119.94,32
2026-01-05 09:22:59,0,0,3515,81559,159.98,33
2026-01-05 09:23:09,0,0,3515,81559,117.87,32
2026-01-05 09:23:19,0,0,3515,81559,117.87,32
2026-01-05 09:23:29,0,0,3515,81559,120.06,32
2026-01-05 09:23:39,0,0,3515,81559,118.91,32
2026-01-05 09:23:49,0,0,3515,81559,120.03,32
2026-01-05 09:23:59,0,0,3515,81559,118.89,32
2026-01-05 09:24:09,0,0,3515,81559,118.60,32
2026-01-05 09:24:20,0,0,3515,81559,119.95,32
2026-01-05 09:24:30,0,0,3515,81559,118.71,32
2026-01-05 09:24:40,0,0,3515,81559,118.54,32
2026-01-05 09:24:50,0,0,3515,81559,117.97,32
2026-01-05 09:25:00,0,0,3515,81559,118.01,32
2026-01-05 09:25:10,0,0,3515,81559,119.94,32
2026-01-05 09:25:20,0,0,3515,81559,117.85,32
2026-01-05 09:25:30,0,0,3515,81559,120.05,32
2026-01-05 09:25:40,0,0,3515,81559,118.52,32
2026-01-05 09:25:50,0,0,3515,81559,118.45,32
2026-01-05 09:26:00,0,0,3515,81559,119.95,32
2026-01-05 09:26:10,0,0,3515,81559,118.55,32
2026-01-05 09:26:20,0,0,3515,81559,118.45,32
2026-01-05 09:26:30,0,0,3515,81559,118.68,32
2026-01-05 09:26:40,0,0,3515,81559,118.48,32
2026-01-05 09:26:50,0,0,3515,81559,118.31,32
2026-01-05 09:27:00,0,0,3515,81559,119.67,32
2026-01-05 09:27:10,0,0,3515,81559,118.12,32
2026-01-05 09:27:20,0,0,3515,81559,118.40,32
2026-01-05 09:27:30,0,0,3515,81559,119.76,32
2026-01-05 09:27:40,0,0,3515,81559,118.84,32
2026-01-05 09:27:50,0,0,3515,81559,118.36,32
2026-01-05 09:28:00,0,0,3515,81559,117.69,32
2026-01-05 09:28:10,0,0,3515,81559,118.36,32
2026-01-05 09:28:20,0,0,3515,81559,117.68,32
2026-01-05 09:28:30,0,0,3515,81559,119.77,32
2026-01-05 09:28:41,0,0,3515,81559,118.39,32
2026-01-05 09:28:51,0,0,3515,81559,165.34,33
2026-01-05 09:29:01,0,0,3515,81559,119.81,32
2026-01-05 09:29:11,0,0,3515,81559,117.88,32
2026-01-05 09:29:21,0,0,3515,81559,165.83,32
2026-01-05 09:29:31,0,0,3515,81559,118.43,32
2026-01-05 09:29:41,0,0,3515,81559,118.37,32
2026-01-05 09:29:51,0,0,3515,81559,118.96,32
2026-01-05 09:30:01,0,0,3515,81559,118.90,32
2026-01-05 09:30:11,0,0,3515,81559,118.69,32
2026-01-05 09:30:21,0,0,3515,81559,135.15,32
2026-01-05 09:30:31,0,0,3515,81559,118.32,32
2026-01-05 09:30:41,0,0,3515,81559,119.64,32
2026-01-05 09:30:51,0,0,3515,81559,119.89,32
2026-01-05 09:31:01,0,0,3515,81559,119.03,32
2026-01-05 09:31:11,0,0,3515,81559,119.47,32
2026-01-05 09:31:21,0,0,3515,81559,118.83,32
2026-01-05 09:31:31,0,0,3515,81559,118.53,32
2026-01-05 09:31:41,0,0,3515,81559,117.90,32
2026-01-05 09:31:51,0,0,3515,81559,118.51,32
2026-01-05 09:32:01,0,0,3515,81559,117.76,32
2026-01-05 09:32:11,0,0,3515,81559,118.92,32
2026-01-05 09:32:21,0,0,3515,81559,117.84,32
2026-01-05 09:32:31,0,0,3515,81559,119.86,32
2026-01-05 09:32:41,0,0,3515,81559,118.30,32
2026-01-05 09:32:51,0,0,3515,81559,118.58,32
2026-01-05 09:33:01,0,0,3515,81559,119.17,32
2026-01-05 09:33:11,0,0,3515,81559,117.83,32
2026-01-05 09:33:21,0,0,3515,81559,118.81,32
2026-01-05 09:33:31,0,0,3515,81559,117.86,32
2026-01-05 09:33:42,0,0,3515,81559,118.63,32
2026-01-05 09:33:52,0,0,3515,81559,118.38,32
2026-01-05 09:34:02,0,0,3515,81559,118.36,32
2026-01-05 09:34:12,0,0,3515,81559,118.85,32
2026-01-05 09:34:22,0,0,3515,81559,118.50,32
2026-01-05 09:34:32,0,0,3515,81559,118.54,32
2026-01-05 09:34:42,0,0,3515,81559,119.86,32
2026-01-05 09:34:52,0,0,3515,81559,119.17,32
2026-01-05 09:35:02,0,0,3515,81559,118.51,32
2026-01-05 09:35:12,0,0,3515,81559,119.87,32
2026-01-05 09:35:22,0,0,3515,81559,118.73,32
2026-01-05 09:35:32,0,0,3515,81559,117.85,32
2026-01-05 09:35:42,0,0,3515,81559,119.98,32
2026-01-05 09:35:52,0,0,3515,81559,117.90,32
2026-01-05 09:36:02,0,0,3515,81559,118.56,32
2026-01-05 09:36:12,0,0,3515,81559,118.55,32
2026-01-05 09:36:22,0,0,3515,81559,118.58,32
2026-01-05 09:36:32,0,0,3515,81559,119.90,32
2026-01-05 09:36:42,0,0,3515,81559,117.91,32
2026-01-05 09:36:52,0,0,3515,81559,118.50,32
2026-01-05 09:37:02,0,0,3515,81559,118.42,32
2026-01-05 09:37:12,0,0,3515,81559,119.90,32
2026-01-05 09:37:22,0,0,3515,81559,118.55,32
2026-01-05 09:37:32,0,0,3515,81559,119.78,32
2026-01-05 09:37:42,0,0,3515,81559,118.34,32
2026-01-05 09:37:52,0,0,3515,81559,119.77,32
2026-01-05 09:38:03,0,0,3515,81559,119.79,32
2026-01-05 09:38:13,0,0,3515,81559,118.39,32
2026-01-05 09:38:23,0,0,3515,81559,119.90,32
2026-01-05 09:38:33,0,0,3515,81559,118.54,32
2026-01-05 09:38:43,0,0,3515,81559,119.90,32
2026-01-05 09:38:53,0,0,3515,81559,118.46,32
2026-01-05 09:39:03,0,0,3515,81559,117.75,32
2026-01-05 09:39:13,0,0,3515,81559,122.18,32
2026-01-05 09:39:23,0,0,3515,81559,119.90,32
2026-01-05 09:39:33,0,0,3515,81559,118.96,32
2026-01-05 09:39:43,0,0,3515,81559,164.13,33
2026-01-05 09:39:53,0,0,3515,81559,118.46,32
2026-01-05 09:40:03,0,0,3515,81559,119.19,32
2026-01-05 09:40:13,31,10,3515,81559,148.18,39
2026-01-05 09:40:23,0,0,3515,81559,119.94,32
2026-01-05 09:40:33,0,0,3515,81559,117.79,32
2026-01-05 09:40:43,65,21,3515,81559,166.83,35
2026-01-05 09:40:53,0,0,3515,81559,117.82,32
2026-01-05 09:41:03,0,0,3515,81559,118.60,32
2026-01-05 09:41:13,0,0,3515,81559,166.19,33
2026-01-05 09:41:23,0,0,3515,81559,118.44,32
2026-01-05 09:41:33,0,0,3515,81559,118.38,32
2026-01-05 09:41:43,0,0,3515,81559,163.14,32
2026-01-05 09:41:53,0,0,3515,81559,118.90,32
2026-01-05 09:42:03,0,0,3515,81559,119.77,32
2026-01-05 09:42:14,0,0,3515,81559,131.89,32
2026-01-05 09:42:24,0,0,3515,81559,118.53,32
2026-01-05 09:42:34,0,0,3515,81559,118.44,32
2026-01-05 09:42:44,0,0,3515,81559,139.66,32
2026-01-05 09:42:54,0,0,3515,81559,118.39,32
2026-01-05 09:43:04,0,0,3515,81559,118.99,32
2026-01-05 09:43:14,0,0,3515,81559,151.40,32
2026-01-05 09:43:24,0,0,3515,81559,119.75,32
2026-01-05 09:43:34,0,0,3515,81559,118.53,32
2026-01-05 09:43:44,0,0,3515,81559,141.91,32
2026-01-05 09:43:54,0,0,3515,81559,118.79,32
2026-01-05 09:44:04,0,0,3515,81559,118.79,32
2026-01-05 09:44:14,0,0,3515,81559,163.20,32
2026-01-05 09:44:24,0,0,3515,81559,118.96,32
2026-01-05 09:44:34,0,0,3515,81559,118.98,32
2026-01-05 09:44:44,0,0,3515,81559,133.26,32
2026-01-05 09:44:54,0,0,3515,81559,118.42,32
2026-01-05 09:45:04,0,0,3515,81559,118.22,32
2026-01-05 09:45:14,0,0,3515,81559,164.20,32
2026-01-05 09:45:24,0,0,3515,81559,118.82,32
2026-01-05 09:45:34,0,0,3515,81559,119.73,32
2026-01-05 09:45:44,0,0,3515,81559,131.02,32
2026-01-05 09:45:54,0,0,3515,81559,118.89,32
2026-01-05 09:46:04,0,0,3515,81559,119.74,32
2026-01-05 09:46:14,0,0,3515,81559,119.80,32
2026-01-05 09:46:24,0,0,3515,81559,119.71,32
2026-01-05 09:46:34,0,0,3515,81559,124.21,32
2026-01-05 09:46:44,0,0,3515,81559,117.87,32
2026-01-05 09:46:55,0,0,3515,81559,119.82,32
2026-01-05 09:47:05,0,0,3515,81559,119.76,32
2026-01-05 09:47:15,0,0,3515,81559,118.54,32
2026-01-05 09:47:25,0,0,3515,81559,117.88,32
2026-01-05 09:47:35,0,0,3515,81559,117.73,32
2026-01-05 09:47:45,0,0,3515,81559,118.47,32
2026-01-05 09:47:55,0,0,3515,81559,118.75,32
2026-01-05 09:48:05,0,0,3515,81559,119.79,32
2026-01-05 09:48:15,0,0,3515,81559,118.40,32
2026-01-05 09:48:25,0,0,3515,81559,118.54,32
2026-01-05 09:48:35,0,0,3515,81559,118.46,32
2026-01-05 09:48:45,0,0,3515,81559,117.75,32
2026-01-05 09:48:55,0,0,3515,81559,117.68,32
2026-01-05 09:49:05,0,0,3515,81559,118.49,32
2026-01-05 09:49:15,0,0,3515,81559,118.93,32
2026-01-05 09:49:25,0,0,3515,81559,117.61,32
2026-01-05 09:49:35,27,9,3515,81559,164.99,33
2026-01-05 09:49:45,0,0,3515,81559,118.60,32
2026-01-05 09:49:55,0,0,3515,81559,119.68,32
2026-01-05 09:50:05,0,0,3515,81559,164.41,32
2026-01-05 09:50:15,0,0,3515,81559,118.25,32
2026-01-05 09:50:25,0,0,3515,81559,117.08,31
2026-01-05 09:50:35,0,0,3515,81559,165.58,32
2026-01-05 09:50:45,0,0,3515,81559,118.34,31
2026-01-05 09:50:55,0,0,3515,81559,118.19,31
2026-01-05 09:51:05,0,0,3515,81559,163.36,32
2026-01-05 09:51:15,0,0,3515,81559,118.37,31
2026-01-05 09:51:25,0,0,3515,81559,117.53,31
2026-01-05 09:51:36,1,0,3515,81559,164.50,32
2026-01-05 09:51:46,0,0,3515,81559,119.60,32
2026-01-05 09:51:56,0,0,3515,81559,117.62,31
2026-01-05 09:52:06,0,0,3515,81559,162.93,32
2026-01-05 09:52:16,0,0,3515,81559,118.60,32
2026-01-05 09:52:26,0,0,3515,81559,117.81,32
2026-01-05 09:52:36,0,0,3515,81559,163.16,33
2026-01-05 09:52:46,0,0,3515,81559,119.06,32
2026-01-05 09:52:56,0,0,3515,81559,118.48,32
2026-01-05 09:53:06,0,0,3515,81559,164.13,32
2026-01-05 09:53:16,0,0,3515,81559,118.35,32
2026-01-05 09:53:26,0,0,3515,81559,118.31,32
2026-01-05 09:53:36,0,0,3515,81559,164.50,32
2026-01-05 09:53:46,0,0,3515,81559,118.35,32
2026-01-05 09:53:56,0,0,3515,81559,118.29,32
2026-01-05 09:54:07,0,0,3515,81559,118.39,32
2026-01-05 09:54:17,0,0,3515,81559,118.43,32
2026-01-05 09:54:27,0,0,3515,81559,117.84,32
2026-01-05 09:54:37,0,0,3515,81559,117.80,32
2026-01-05 09:54:47,0,0,3515,81559,118.39,32
2026-01-05 09:54:57,0,0,3515,81559,118.43,32
2026-01-05 09:55:07,0,0,3515,81559,119.28,32
2026-01-05 09:55:17,0,0,3515,81559,118.77,32
2026-01-05 09:55:27,0,0,3515,81559,118.41,32
2026-01-05 09:55:37,0,0,3515,81559,119.97,32
2026-01-05 09:55:47,0,0,3515,81559,119.83,32
2026-01-05 09:55:58,0,0,3515,81559,117.76,32
2026-01-05 09:56:08,0,0,3515,81559,118.51,32
2026-01-05 09:56:18,0,0,3515,81559,119.69,32
2026-01-05 09:56:28,0,0,3515,81559,119.71,32
2026-01-05 09:56:38,0,0,3515,81559,119.79,32
2026-01-05 09:56:48,0,0,3515,81559,119.87,32
2026-01-05 09:56:58,0,0,3515,81559,118.95,32
2026-01-05 09:57:08,0,0,3515,81559,118.49,32
2026-01-05 09:57:18,0,0,3515,81559,117.79,32
2026-01-05 09:57:28,0,0,3515,81559,118.46,32
2026-01-05 09:57:38,0,0,3515,81559,118.53,32
2026-01-05 09:57:48,0,0,3515,81559,117.90,32
2026-01-05 09:57:58,0,0,3515,81559,118.80,32
2026-01-05 09:58:08,0,0,3515,81559,117.97,32
2026-01-05 09:58:18,0,0,3515,81559,119.91,32
2026-01-05 09:58:28,0,0,3515,81559,118.64,32
2026-01-05 09:58:38,0,0,3515,81559,119.45,32
2026-01-05 09:58:48,0,0,3515,81559,118.52,32
2026-01-05 09:58:58,0,0,3515,81559,119.88,32
2026-01-05 09:59:08,0,0,3515,81559,118.51,32
2026-01-05 09:59:18,0,0,3515,81559,119.90,32
2026-01-05 09:59:28,0,0,3515,81559,119.79,32
2026-01-05 09:59:38,0,0,3515,81559,118.91,32
2026-01-05 09:59:49,0,0,3515,81559,118.33,32
2026-01-05 09:59:59,0,0,3515,81559,118.41,32
2026-01-05 10:00:09,0,0,3515,81559,118.44,32
2026-01-05 10:00:19,0,0,3515,81559,119.87,32
2026-01-05 10:00:29,0,0,3515,81559,118.50,32
2026-01-05 10:00:39,0,0,3515,81559,118.59,32
2026-01-05 10:00:49,0,0,3515,81559,117.84,32
2026-01-05 10:00:59,0,0,3515,81559,118.41,32
2026-01-05 10:01:09,0,0,3515,81559,117.96,32
2026-01-05 10:01:19,0,0,3515,81559,118.43,32
2026-01-05 10:01:29,0,0,3515,81559,118.38,32
2026-01-05 10:01:39,0,0,3515,81559,119.24,32
2026-01-05 10:01:49,0,0,3515,81559,117.83,32
2026-01-05 10:01:59,0,0,3515,81559,118.37,32
2026-01-05 10:02:09,0,0,3515,81559,118.44,32
2026-01-05 10:02:19,0,0,3515,81559,117.71,32
2026-01-05 10:02:29,0,0,3515,81559,117.96,32
2026-01-05 10:02:39,0,0,3515,81559,117.98,32
2026-01-05 10:02:49,0,0,3515,81559,119.78,32
2026-01-05 10:02:59,0,0,3515,81559,118.48,32
2026-01-05 10:03:09,0,0,3515,81559,118.05,32
2026-01-05 10:03:19,0,0,3515,81559,118.31,32
2026-01-05 10:03:29,0,0,3515,81559,118.16,32
2026-01-05 10:03:39,0,0,3515,81559,118.02,32
2026-01-05 10:03:49,0,0,3515,81559,118.40,32
2026-01-05 10:03:59,0,0,3515,81559,119.72,32
2026-01-05 10:04:10,0,0,3515,81559,119.29,32
2026-01-05 10:04:20,0,0,3515,81559,119.24,32
2026-01-05 10:04:30,0,0,3515,81559,118.52,32
2026-01-05 10:04:40,0,0,3515,81559,118.92,32
2026-01-05 10:04:50,0,0,3515,81559,119.86,32
2026-01-05 10:05:00,0,0,3515,81559,119.78,32
2026-01-05 10:05:10,0,0,3515,81559,118.86,32
2026-01-05 10:05:20,0,0,3515,81559,118.86,32
2026-01-05 10:05:30,0,0,3515,81559,118.41,32
2026-01-05 10:05:40,0,0,3515,81559,119.08,32
2026-01-05 10:05:50,0,0,3515,81559,118.54,32
2026-01-05 10:06:00,0,0,3515,81559,119.05,32
2026-01-05 10:06:10,0,0,3515,81559,119.09,32
2026-01-05 10:06:20,0,0,3515,81559,118.79,32
2026-01-05 10:06:30,0,0,3515,81559,118.96,32
2026-01-05 10:06:40,0,0,3515,81559,118.51,32
2026-01-05 10:06:50,0,0,3515,81559,118.50,32
2026-01-05 10:07:00,0,0,3515,81559,118.67,32
2026-01-05 10:07:10,0,0,3515,81559,118.62,32
2026-01-05 10:07:20,0,0,3515,81559,118.33,32
2026-01-05 10:07:30,12,4,3515,81559,124.64,38
2026-01-05 10:07:40,0,0,3515,81559,117.77,32
2026-01-05 10:07:50,0,0,3515,81559,118.62,32
2026-01-05 10:08:00,0,0,3515,81559,119.11,32
2026-01-05 10:08:10,0,0,3515,81559,118.79,32
2026-01-05 10:08:20,0,0,3515,81559,118.53,32
2026-01-05 10:08:30,0,0,3515,81559,119.94,32
2026-01-05 10:08:40,0,0,3515,81559,118.04,32
2026-01-05 10:08:50,0,0,3515,81559,118.86,32
2026-01-05 10:09:01,0,0,3515,81559,119.09,34
2026-01-05 10:09:11,0,0,3515,81559,118.74,32
2026-01-05 10:09:21,0,0,3515,81559,118.00,32
2026-01-05 10:09:31,0,0,3515,81559,164.52,34
2026-01-05 10:09:41,0,0,3515,81559,119.92,32
2026-01-05 10:09:51,0,0,3515,81559,119.96,32
2026-01-05 10:10:01,0,0,3515,81559,165.52,33
2026-01-05 10:10:11,0,0,3515,81559,119.89,32
2026-01-05 10:10:21,0,0,3515,81559,118.61,32
2026-01-05 10:10:31,0,0,3515,81559,163.61,33
2026-01-05 10:10:41,0,0,3515,81559,117.79,32
2026-01-05 10:10:51,0,0,3515,81559,119.01,32
2026-01-05 10:11:01,0,0,3515,81559,164.59,33
2026-01-05 10:11:11,0,0,3515,81559,118.83,32
2026-01-05 10:11:21,0,0,3515,81559,118.41,32
2026-01-05 10:11:31,0,0,3515,81559,164.57,32
2026-01-05 10:11:41,0,0,3515,81559,119.89,32
2026-01-05 10:11:51,0,0,3515,81559,118.48,32
2026-01-05 10:12:01,0,0,3515,81559,145.53,32
2026-01-05 10:12:11,0,0,3515,81559,119.89,32
2026-01-05 10:12:21,0,0,3515,81559,118.56,32
2026-01-05 10:12:31,0,0,3515,81559,142.11,32
2026-01-05 10:12:41,0,0,3515,81559,118.52,32
2026-01-05 10:12:51,0,0,3515,81559,119.06,32
2026-01-05 10:13:01,0,0,3515,81559,120.39,32
2026-01-05 10:13:11,0,0,3515,81559,119.33,32
2026-01-05 10:13:22,0,0,3515,81559,119.27,32
2026-01-05 10:13:32,0,0,3515,81559,119.13,32
2026-01-05 10:13:42,0,0,3515,81559,118.50,32
2026-01-05 10:13:52,0,0,3515,81559,118.51,32
2026-01-05 10:14:02,0,0,3515,81559,119.95,32
2026-01-05 10:14:12,0,0,3515,81559,118.99,32
2026-01-05 10:14:22,0,0,3515,81559,119.14,32
2026-01-05 10:14:32,0,0,3515,81559,118.65,32
2026-01-05 10:14:42,0,0,3515,81559,119.08,32
2026-01-05 10:14:52,0,0,3515,81559,119.84,32
2026-01-05 10:15:02,0,0,3515,81559,119.93,32
2026-01-05 10:15:12,0,0,3515,81559,120.00,32
2026-01-05 10:15:22,0,0,3515,81559,119.95,32
2026-01-05 10:15:32,0,0,3515,81559,118.63,32
2026-01-05 10:15:42,0,0,3515,81559,117.92,32
2026-01-05 10:15:52,0,0,3515,81559,118.49,37
2026-01-05 10:16:02,0,0,3515,81559,117.92,32
2026-01-05 10:16:12,0,0,3515,81559,118.94,32
2026-01-05 10:16:22,22,7,3515,81559,164.94,34
2026-01-05 10:16:32,0,0,3515,81559,117.84,32
2026-01-05 10:16:42,0,0,3515,81559,117.85,32
2026-01-05 10:16:52,0,0,3515,81559,166.69,32
2026-01-05 10:17:02,0,0,3515,81559,119.08,32
2026-01-05 10:17:12,0,0,3515,81559,118.86,32
2026-01-05 10:17:22,0,0,3515,81559,164.95,32
2026-01-05 10:17:32,0,0,3515,81559,118.67,32
2026-01-05 10:17:43,0,0,3515,81559,118.97,32
2026-01-05 10:17:53,0,0,3515,81559,163.66,32
2026-01-05 10:18:03,0,0,3515,81559,119.02,32
2026-01-05 10:18:13,0,0,3515,81559,118.75,32
2026-01-05 10:18:23,0,0,3515,81559,165.54,32
2026-01-05 10:18:33,0,0,3515,81559,118.90,32
2026-01-05 10:18:43,0,0,3515,81559,117.76,32
2026-01-05 10:18:53,0,0,3515,81559,165.47,32
2026-01-05 10:19:03,0,0,3515,81559,118.97,32
2026-01-05 10:19:13,0,0,3515,81559,118.96,32
2026-01-05 10:19:23,0,0,3515,81559,166.13,32
2026-01-05 10:19:33,0,0,3515,81559,119.03,32
2026-01-05 10:19:43,0,0,3515,81559,118.36,32
2026-01-05 10:19:53,0,0,3515,81559,149.74,32
2026-01-05 10:20:03,0,0,3515,81559,119.89,32
2026-01-05 10:20:13,0,0,3515,81559,118.35,32
2026-01-05 10:20:23,0,0,3515,81559,118.95,32
2026-01-05 10:20:33,0,0,3515,81559,118.50,32
2026-01-05 10:20:43,0,0,3515,81559,119.87,32
2026-01-05 10:20:53,0,0,3515,81559,118.80,32
2026-01-05 10:21:03,0,0,3515,81559,118.48,32
2026-01-05 10:21:13,0,0,3515,81559,117.72,32
2026-01-05 10:21:23,0,0,3515,81559,118.70,32
2026-01-05 10:21:33,0,0,3515,81559,118.34,32
2026-01-05 10:21:44,0,0,3515,81559,118.41,32
2026-01-05 10:21:54,0,0,3515,81559,118.65,32
2026-01-05 10:22:04,0,0,3515,81559,117.82,32
2026-01-05 10:22:14,0,0,3515,81559,118.33,32
2026-01-05 10:22:24,0,0,3515,81559,118.92,32
2026-01-05 10:22:34,0,0,3515,81559,118.68,32
2026-01-05 10:22:44,0,0,3515,81559,118.63,32
2026-01-05 10:22:54,0,0,3515,81559,119.01,32
2026-01-05 10:23:04,0,0,3515,81559,119.18,32
2026-01-05 10:23:14,0,0,3515,81559,122.76,32
2026-01-05 10:23:24,0,0,3515,81559,118.43,32
2026-01-05 10:23:34,0,0,3515,81559,118.92,32
2026-01-05 10:23:44,0,0,3515,81559,119.79,32
2026-01-05 10:23:54,0,0,3515,81559,118.73,32
2026-01-05 10:24:04,0,0,3515,81559,118.31,32
2026-01-05 10:24:14,0,0,3515,81559,119.86,32
2026-01-05 10:24:24,0,0,3515,81559,119.83,32
2026-01-05 10:24:34,0,0,3515,81559,119.02,32
2026-01-05 10:24:44,0,0,3515,81559,117.71,32
2026-01-05 10:24:54,0,0,3515,81559,118.62,32
2026-01-05 10:25:04,0,0,3515,81559,118.62,32
2026-01-05 10:25:14,0,0,3515,81559,118.49,32
2026-01-05 10:25:24,0,0,3515,81559,118.52,32
2026-01-05 10:25:34,0,0,3515,81559,117.74,32
2026-01-05 10:25:44,0,0,3515,81559,129.20,32
2026-01-05 10:25:54,0,0,3515,81559,117.89,32
2026-01-05 10:26:04,0,0,3515,81559,118.58,32
2026-01-05 10:26:14,0,0,3515,81559,164.12,34
2026-01-05 10:26:24,0,0,3515,81559,117.78,32
2026-01-05 10:26:35,0,0,3515,81559,118.75,32
2026-01-05 10:26:45,33,11,3515,81559,164.13,33
2026-01-05 10:26:55,0,0,3515,81559,118.48,32
2026-01-05 10:27:05,0,0,3515,81559,119.80,32
2026-01-05 10:27:15,0,0,3515,81559,167.28,33
2026-01-05 10:27:25,0,0,3515,81559,119.96,32
2026-01-05 10:27:35,0,0,3515,81559,118.46,32
2026-01-05 10:27:45,0,0,3515,81559,163.98,32
2026-01-05 10:27:55,0,0,3515,81559,118.41,32
2026-01-05 10:28:05,0,0,3515,81559,119.05,32
2026-01-05 10:28:15,0,0,3515,81559,164.30,32
2026-01-05 10:28:25,0,0,3515,81559,118.81,32
2026-01-05 10:28:35,0,0,3515,81559,118.41,32
2026-01-05 10:28:45,0,0,3515,81559,164.84,32
2026-01-05 10:28:55,0,0,3515,81559,118.28,32
2026-01-05 10:29:05,0,0,3515,81559,118.39,32
2026-01-05 10:29:15,0,0,3515,81559,164.51,32
2026-01-05 10:29:25,0,0,3515,81559,118.53,32
2026-01-05 10:29:35,0,0,3515,81559,118.79,32
2026-01-05 10:29:45,0,0,3515,81559,165.99,32
2026-01-05 10:29:55,0,0,3515,81559,119.76,32
2026-01-05 10:30:05,0,0,3515,81559,119.74,32
2026-01-05 10:30:15,0,0,3515,81559,165.06,32
2026-01-05 10:30:25,0,0,3515,81559,118.35,32
2026-01-05 10:30:35,0,0,3515,81559,119.04,32
2026-01-05 10:30:45,0,0,3515,81559,119.91,32
2026-01-05 10:30:56,0,0,3515,81559,118.83,32
2026-01-05 10:31:06,0,0,3515,81559,118.44,32
2026-01-05 10:31:16,0,0,3515,81559,118.56,32
2026-01-05 10:31:26,0,0,3515,81559,117.70,32
2026-01-05 10:31:36,0,0,3515,81559,119.71,32
2026-01-05 10:31:46,0,0,3515,81559,118.67,32
2026-01-05 10:31:56,0,0,3515,81559,117.79,32
2026-01-05 10:32:06,0,0,3515,81559,119.72,32
2026-01-05 10:32:16,0,0,3515,81559,118.91,32
2026-01-05 10:32:26,0,0,3515,81559,118.51,32
2026-01-05 10:32:36,0,0,3515,81559,119.75,32
2026-01-05 10:32:46,0,0,3515,81559,117.75,32
2026-01-05 10:32:56,0,0,3515,81559,118.42,32
2026-01-05 10:33:06,0,0,3515,81559,121.06,32
2026-01-05 10:33:16,0,0,3515,81559,117.07,32
2026-01-05 10:33:26,0,0,3515,81559,117.15,32
2026-01-05 10:33:36,0,0,3515,81559,119.83,32
2026-01-05 10:33:46,0,0,3515,81559,117.74,32
2026-01-05 10:33:56,0,0,3515,81559,119.77,32
2026-01-05 10:34:06,0,0,3515,81559,117.78,32
2026-01-05 10:34:16,0,0,3515,81559,118.68,32
2026-01-05 10:34:26,0,0,3515,81559,117.74,32
2026-01-05 10:34:36,72,24,3515,81559,167.07,33
2026-01-05 10:34:46,0,0,3515,81559,117.81,32
2026-01-05 10:34:56,0,0,3515,81559,119.82,32
2026-01-05 10:35:06,0,0,3515,81559,162.53,32
2026-01-05 10:35:16,0,0,3515,81559,119.75,32
2026-01-05 10:35:26,0,0,3515,81559,118.38,32
2026-01-05 10:35:36,0,0,3515,81559,163.91,32
2026-01-05 10:35:47,0,0,3515,81559,117.90,32
2026-01-05 10:35:57,0,0,3515,81559,117.80,32
2026-01-05 10:36:07,0,0,3515,81559,163.97,32
2026-01-05 10:36:17,0,0,3515,81559,118.35,32
2026-01-05 10:36:27,0,0,3515,81559,119.11,32
2026-01-05 10:36:37,0,0,3515,81559,164.73,32
2026-01-05 10:36:47,0,0,3515,81559,118.67,32
2026-01-05 10:36:57,0,0,3515,81559,118.62,32
2026-01-05 10:37:07,0,0,3515,81559,118.48,32
2026-01-05 10:37:17,0,0,3515,81559,118.63,32
2026-01-05 10:37:27,0,0,3515,81559,122.83,32
2026-01-05 10:37:37,0,0,3515,81559,118.54,32
2026-01-05 10:37:47,0,0,3515,81559,117.81,32
2026-01-05 10:37:57,0,0,3515,81559,118.73,32
2026-01-05 10:38:07,0,0,3515,81559,118.51,32
2026-01-05 10:38:17,0,0,3515,81559,119.87,32
2026-01-05 10:38:27,0,0,3515,81559,117.73,32
2026-01-05 10:38:37,0,0,3515,81559,117.34,32
2026-01-05 10:38:47,0,0,3515,81559,117.25,32
2026-01-05 10:38:57,0,0,3515,81559,118.54,32
2026-01-05 10:39:07,0,0,3515,81559,118.83,32
2026-01-05 10:39:17,0,0,3515,81559,118.32,32
2026-01-05 10:39:27,0,0,3515,81559,118.32,32
2026-01-05 10:39:37,0,0,3515,81559,119.67,32
2026-01-05 10:39:47,0,0,3515,81559,119.77,32
2026-01-05 10:39:57,0,0,3515,81559,119.73,32
2026-01-05 10:40:07,0,0,3515,81559,118.65,32
2026-01-05 10:40:18,0,0,3515,81559,118.19,32
2026-01-05 10:40:28,0,0,3515,81559,117.67,32
2026-01-05 10:40:38,0,0,3515,81559,118.32,32
2026-01-05 10:40:48,0,0,3515,81559,118.45,32
2026-01-05 10:40:58,3,1,3515,81559,162.01,37
2026-01-05 10:41:08,0,0,3515,81559,118.64,32
2026-01-05 10:41:18,0,0,3515,81559,117.76,32
2026-01-05 10:41:28,0,0,3515,81559,163.88,32
2026-01-05 10:41:38,0,0,3515,81559,118.50,32
2026-01-05 10:41:48,0,0,3515,81559,118.74,32
2026-01-05 10:41:58,0,0,3515,81559,163.63,32
2026-01-05 10:42:08,0,0,3515,81559,117.73,32
2026-01-05 10:42:18,0,0,3515,81559,119.81,32
2026-01-05 10:42:28,0,0,3515,81559,164.81,32
2026-01-05 10:42:38,0,0,3515,81559,118.33,32
2026-01-05 10:42:48,0,0,3515,81559,117.61,32
2026-01-05 10:42:58,0,0,3515,81559,163.62,32
2026-01-05 10:43:08,0,0,3515,81559,118.77,32
2026-01-05 10:43:18,0,0,3515,81559,118.51,32
2026-01-05 10:43:28,0,0,3515,81559,164.94,32
2026-01-05 10:43:38,0,0,3515,81559,118.83,32
2026-01-05 10:43:48,0,0,3515,81559,118.41,32
2026-01-05 10:43:58,0,0,3515,81559,166.20,33
2026-01-05 10:44:08,0,0,3515,81559,117.82,32
2026-01-05 10:44:18,0,0,3515,81559,117.90,32
2026-01-05 10:44:29,0,0,3515,81559,163.66,32
2026-01-05 10:44:39,0,0,3515,81559,118.53,32
2026-01-05 10:44:49,0,0,3515,81559,118.73,32
2026-01-05 10:44:59,0,0,3515,81559,166.37,32
2026-01-05 10:45:09,0,0,3515,81559,119.75,32
2026-01-05 10:45:19,0,0,3515,81559,119.75,32
2026-01-05 10:45:29,0,0,3515,81559,118.80,32
2026-01-05 10:45:39,0,0,3515,81559,119.69,32
2026-01-05 10:45:49,0,0,3515,81559,119.68,32
2026-01-05 10:45:59,0,0,3515,81559,118.98,32
2026-01-05 10:46:09,0,0,3515,81559,119.00,32
2026-01-05 10:46:19,0,0,3515,81559,118.56,32
2026-01-05 10:46:29,0,0,3515,81559,118.63,32
2026-01-05 10:46:39,0,0,3515,81559,117.67,32
2026-01-05 10:46:49,0,0,3515,81559,118.39,32
2026-01-05 10:46:59,0,0,3515,81559,118.59,32
2026-01-05 10:47:09,0,0,3515,81559,119.68,32
2026-01-05 10:47:19,0,0,3515,81559,119.72,32
2026-01-05 10:47:29,0,0,3515,81559,119.60,32
2026-01-05 10:47:39,0,0,3515,81559,119.67,32
2026-01-05 10:47:49,0,0,3515,81559,118.23,32
2026-01-05 10:47:59,0,0,3515,81559,119.07,32
2026-01-05 10:48:09,0,0,3515,81559,119.65,32
2026-01-05 10:48:19,0,0,3515,81559,124.13,38
2026-01-05 10:48:29,0,0,3515,81559,118.97,32
2026-01-05 10:48:39,0,0,3515,81559,118.90,32
2026-01-05 10:48:49,0,0,3515,81559,119.65,32
2026-01-05 10:48:59,0,0,3515,81559,118.49,32
2026-01-05 10:49:09,0,0,3515,81559,118.83,32
2026-01-05 10:49:20,0,0,3515,81559,118.95,32
2026-01-05 10:49:30,0,0,3515,81559,117.63,32
2026-01-05 10:49:40,0,0,3515,81559,118.66,32
2026-01-05 10:49:50,0,0,3515,81559,163.29,32
2026-01-05 10:50:00,0,0,3515,81559,117.78,32
2026-01-05 10:50:10,0,0,3515,81559,118.80,32
2026-01-05 10:50:20,0,0,3515,81559,164.75,32
2026-01-05 10:50:30,0,0,3515,81559,117.60,32
2026-01-05 10:50:40,0,0,3515,81559,118.25,32
2026-01-05 10:50:50,0,0,3515,81559,117.96,32
2026-01-05 10:51:00,0,0,3515,81559,117.87,32
2026-01-05 10:51:10,0,0,3515,81559,118.47,32
2026-01-05 10:51:20,0,0,3515,81559,118.47,32
2026-01-05 10:51:30,0,0,3515,81559,117.65,32
2026-01-05 10:51:40,0,0,3515,81559,118.30,32
2026-01-05 10:51:50,0,0,3515,81559,118.62,32
2026-01-05 10:52:00,0,0,3515,81559,117.59,32
2026-01-05 10:52:10,0,0,3515,81559,117.63,32
2026-01-05 10:52:20,0,0,3515,81559,118.35,32
2026-01-05 10:52:30,0,0,3515,81559,119.08,32
2026-01-05 10:52:40,0,0,3515,81559,117.62,32
2026-01-05 10:52:50,0,0,3515,81559,117.73,32
2026-01-05 10:53:00,0,0,3515,81559,119.02,32
2026-01-05 10:53:10,0,0,3515,81559,119.64,32
2026-01-05 10:53:20,0,0,3515,81559,119.66,32
2026-01-05 10:53:30,0,0,3515,81559,118.96,32
2026-01-05 10:53:40,0,0,3515,81559,119.68,32
2026-01-05 10:53:50,0,0,3515,81559,119.74,32
2026-01-05 10:54:00,0,0,3515,81559,119.61,32
2026-01-05 10:54:10,0,0,3515,81559,117.71,32
2026-01-05 10:54:21,0,0,3515,81559,118.53,32
2026-01-05 10:54:31,0,0,3515,81559,119.70,32
2026-01-05 10:54:41,0,0,3515,81559,118.21,32
2026-01-05 10:54:51,0,0,3515,81559,117.77,32
2026-01-05 10:55:01,0,0,3515,81559,118.95,32
2026-01-05 10:55:11,0,0,3515,81559,118.52,32
2026-01-05 10:55:21,0,0,3515,81559,118.63,32
2026-01-05 10:55:31,0,0,3515,81559,118.51,32
2026-01-05 10:55:41,0,0,3515,81559,118.62,32
2026-01-05 10:55:51,0,0,3515,81559,118.41,32
2026-01-05 10:56:01,0,0,3515,81559,118.34,32
2026-01-05 10:56:11,0,0,3515,81559,118.51,32
2026-01-05 10:56:21,0,0,3515,81559,119.68,32
2026-01-05 10:56:31,0,0,3515,81559,117.64,32
2026-01-05 10:56:41,0,0,3515,81559,117.73,32
2026-01-05 10:56:51,0,0,3515,81559,118.38,32
2026-01-05 10:57:01,0,0,3515,81559,118.43,32
2026-01-05 10:57:11,0,0,3515,81559,118.90,32
2026-01-05 10:57:21,0,0,3515,81559,118.51,32
2026-01-05 10:57:31,0,0,3515,81559,118.62,32
2026-01-05 10:57:41,0,0,3515,81559,117.62,32
2026-01-05 10:57:51,0,0,3515,81559,118.54,32
2026-01-05 10:58:01,0,0,3515,81559,117.69,32
2026-01-05 10:58:11,0,0,3515,81559,118.80,32
2026-01-05 10:58:21,0,0,3515,81559,119.72,32
2026-01-05 10:58:31,0,0,3515,81559,118.89,32
2026-01-05 10:58:41,0,0,3515,81559,118.25,32
2026-01-05 10:58:51,0,0,3515,81559,117.64,32
2026-01-05 10:59:02,0,0,3515,81559,117.64,32
2026-01-05 10:59:12,0,0,3515,81559,117.63,32
2026-01-05 10:59:22,0,0,3515,81559,119.72,32
2026-01-05 10:59:32,0,0,3515,81559,118.37,32
2026-01-05 10:59:42,0,0,3515,81559,118.43,32
2026-01-05 10:59:52,0,0,3515,81559,118.35,32
2026-01-05 11:00:02,0,0,3515,81559,118.34,32
2026-01-05 11:00:12,0,0,3515,81559,118.19,32
2026-01-05 11:00:22,0,0,3515,81559,118.38,32
2026-01-05 11:00:32,0,0,3515,81559,117.66,32
2026-01-05 11:00:42,0,0,3515,81559,118.72,32
2026-01-05 11:00:52,0,0,3515,81559,118.25,32
2026-01-05 11:01:02,0,0,3515,81559,118.36,32
2026-01-05 11:01:12,0,0,3515,81559,118.33,32
2026-01-05 11:01:22,0,0,3515,81559,118.28,32
2026-01-05 11:01:32,0,0,3515,81559,117.82,32
2026-01-05 11:01:42,80,26,3515,81559,150.12,40
2026-01-05 11:01:52,0,0,3515,81559,117.67,32
2026-01-05 11:02:02,0,0,3515,81559,118.28,32
2026-01-05 11:02:12,24,8,3515,81559,166.41,33
2026-01-05 11:02:22,0,0,3515,81559,117.69,32
2026-01-05 11:02:32,0,0,3515,81559,118.21,32
2026-01-05 11:02:42,0,0,3515,81559,163.65,33
2026-01-05 11:02:52,0,0,3515,81559,119.67,32
2026-01-05 11:03:02,0,0,3515,81559,118.20,31
2026-01-05 11:03:12,0,0,3515,81559,164.32,32
2026-01-05 11:03:22,0,0,3515,81559,118.17,31
2026-01-05 11:03:33,0,0,3515,81559,118.25,31
2026-01-05 11:03:43,0,0,3515,81559,164.76,32
2026-01-05 11:03:53,0,0,3515,81559,117.59,31
2026-01-05 11:04:03,0,0,3515,81559,117.66,31
2026-01-05 11:04:13,0,0,3515,81559,163.35,32
2026-01-05 11:04:23,0,0,3515,81559,118.22,31
2026-01-05 11:04:33,0,0,3515,81559,118.74,32
2026-01-05 11:04:43,0,0,3515,81559,163.12,32
2026-01-05 11:04:53,0,0,3515,81559,117.62,32
2026-01-05 11:05:03,0,0,3515,81559,119.61,32
2026-01-05 11:05:13,0,0,3515,81559,118.31,32
2026-01-05 11:05:23,0,0,3515,81559,118.25,32
2026-01-05 11:05:33,0,0,3515,81559,118.64,32
2026-01-05 11:05:43,0,0,3515,81559,142.29,32
2026-01-05 11:05:53,0,0,3515,81559,118.84,32
2026-01-05 11:06:03,0,0,3515,81559,118.75,32
2026-01-05 11:06:13,0,0,3515,81559,119.92,32
2026-01-05 11:06:23,0,0,3515,81559,119.68,32
2026-01-05 11:06:33,0,0,3515,81559,118.88,32
2026-01-05 11:06:43,0,0,3515,81559,118.62,32
2026-01-05 11:06:53,0,0,3515,81559,118.57,32
2026-01-05 11:07:03,0,0,3515,81559,118.36,32
2026-01-05 11:07:13,0,0,3515,81559,119.07,32
2026-01-05 11:07:23,0,0,3515,81559,119.70,32
2026-01-05 11:07:33,0,0,3515,81559,117.64,32
2026-01-05 11:07:43,0,0,3515,81559,118.34,32
2026-01-05 11:07:53,0,0,3515,81559,118.91,32
2026-01-05 11:08:04,0,0,3515,81559,118.51,32
2026-01-05 11:08:14,0,0,3515,81559,119.74,32
2026-01-05 11:08:24,0,0,3515,81559,119.64,32
2026-01-05 11:08:34,0,0,3515,81559,119.72,32
2026-01-05 11:08:44,0,0,3515,81559,119.65,32
2026-01-05 11:08:54,0,0,3515,81559,118.81,32
2026-01-05 11:09:04,0,0,3515,81559,118.33,32
2026-01-05 11:09:14,0,0,3515,81559,117.67,32
2026-01-05 11:09:24,0,0,3515,81559,119.69,32
2026-01-05 11:09:34,0,0,3515,81559,119.64,36
2026-01-05 11:09:44,0,0,3515,81559,118.70,32
2026-01-05 11:09:54,0,0,3515,81559,118.29,32
2026-01-05 11:10:04,28,9,3515,81559,160.78,36
2026-01-05 11:10:14,0,0,3515,81559,118.42,32
2026-01-05 11:10:24,0,0,3515,81559,118.34,32
2026-01-05 11:10:34,0,0,3515,81559,122.48,38
2026-01-05 11:10:44,0,0,3515,81559,119.76,32
2026-01-05 11:10:54,0,0,3515,81559,118.32,32
2026-01-05 11:11:04,89,29,3515,81559,154.03,40
2026-01-05 11:11:14,0,0,3515,81559,118.34,32
2026-01-05 11:11:24,0,0,3515,81559,118.33,32
2026-01-05 11:11:34,0,0,3515,81559,145.59,40
2026-01-05 11:11:44,0,0,3515,81559,119.86,32
2026-01-05 11:11:54,0,0,3515,81559,119.75,32
2026-01-05 11:12:04,23,8,3515,81559,162.87,34
2026-01-05 11:12:14,0,0,3515,81559,118.62,32
2026-01-05 11:12:24,0,0,3515,81559,117.74,32
2026-01-05 11:12:35,0,0,3515,81559,165.39,32
2026-01-05 11:12:45,0,0,3515,81559,118.28,32
2026-01-05 11:12:55,0,0,3515,81559,119.75,32
2026-01-05 11:13:05,0,0,3515,81559,165.90,32
2026-01-05 11:13:15,0,0,3515,81559,118.27,32
2026-01-05 11:13:25,0,0,3515,81559,119.64,32
2026-01-05 11:13:35,0,0,3515,81559,148.79,32
2026-01-05 11:13:45,0,0,3515,81559,119.69,32
2026-01-05 11:13:55,0,0,3515,81559,118.23,32
2026-01-05 11:14:05,0,0,3515,81559,118.61,32
2026-01-05 11:14:15,0,0,3515,81559,118.87,32
2026-01-05 11:14:25,0,0,3515,81559,118.24,31
2026-01-05 11:14:35,0,0,3515,81559,119.53,32
2026-01-05 11:14:45,0,0,3515,81559,119.72,32
2026-01-05 11:14:55,0,0,3515,81559,119.67,32
2026-01-05 11:15:05,0,0,3515,81559,118.28,32
2026-01-05 11:15:15,0,0,3515,81559,118.18,32
2026-01-05 11:15:25,0,0,3515,81559,118.37,31
2026-01-05 11:15:35,0,0,3515,81559,118.66,32
2026-01-05 11:15:45,0,0,3515,81559,117.58,31
2026-01-05 11:15:55,0,0,3515,81559,118.19,31
2026-01-05 11:16:05,0,0,3515,81559,119.76,32
2026-01-05 11:16:15,0,0,3515,81559,119.67,32
2026-01-05 11:16:25,0,0,3515,81559,118.68,32
2026-01-05 11:16:35,0,0,3515,81559,118.52,32
2026-01-05 11:16:45,0,0,3515,81559,118.96,32
2026-01-05 11:16:55,0,0,3515,81559,117.63,32
2026-01-05 11:17:06,0,0,3515,81559,117.74,32
2026-01-05 11:17:16,0,0,3515,81559,118.75,32
2026-01-05 11:17:26,0,0,3515,81559,118.72,32
2026-01-05 11:17:36,0,0,3515,81559,119.77,32
2026-01-05 11:17:46,0,0,3515,81559,119.67,32
2026-01-05 11:17:56,0,0,3515,81559,118.34,32
2026-01-05 11:18:06,0,0,3515,81559,118.34,32
2026-01-05 11:18:16,0,0,3515,81559,117.88,32
2026-01-05 11:18:26,0,0,3515,81559,117.62,32
2026-01-05 11:18:36,0,0,3515,81559,118.72,32
2026-01-05 11:18:46,0,0,3515,81559,117.69,32
2026-01-05 11:18:56,0,0,3515,81559,118.51,32
2026-01-05 11:19:06,0,0,3515,81559,118.38,32
2026-01-05 11:19:16,0,0,3515,81559,118.45,32
2026-01-05 11:19:26,0,0,3515,81559,118.45,32
2026-01-05 11:19:36,0,0,3515,81559,117.77,32
2026-01-05 11:19:46,0,0,3515,81559,118.49,32
2026-01-05 11:19:56,0,0,3515,81559,117.78,32
2026-01-05 11:20:06,0,0,3515,81559,117.82,32
2026-01-05 11:20:16,0,0,3515,81559,117.82,32
2026-01-05 11:20:26,0,0,3515,81559,118.44,32
2026-01-05 11:20:36,0,0,3515,81559,118.44,32
2026-01-05 11:20:46,0,0,3515,81559,118.43,32
2026-01-05 11:20:56,0,0,3515,81559,118.38,32
2026-01-05 11:21:06,0,0,3515,81559,118.46,32
2026-01-05 11:21:17,0,0,3515,81559,119.78,32
2026-01-05 11:21:27,0,0,3515,81559,118.29,32
2026-01-05 11:21:37,0,0,3515,81559,119.92,32
2026-01-05 11:21:47,0,0,3515,81559,117.84,32
2026-01-05 11:21:57,0,0,3515,81559,119.84,34
2026-01-05 11:22:07,0,0,3515,81559,119.73,32
2026-01-05 11:22:17,0,0,3515,81559,118.39,32
2026-01-05 11:22:27,0,0,3515,81559,164.45,32
2026-01-05 11:22:37,0,0,3515,81559,118.49,32
2026-01-05 11:22:47,0,0,3515,81559,119.77,32
2026-01-05 11:22:57,0,0,3515,81559,165.78,32
2026-01-05 11:23:07,0,0,3515,81559,119.79,32
2026-01-05 11:23:17,0,0,3515,81559,118.36,32
2026-01-05 11:23:27,0,0,3515,81559,164.03,32
2026-01-05 11:23:37,0,0,3515,81559,119.96,32
2026-01-05 11:23:47,0,0,3515,81559,119.00,32
2026-01-05 11:23:57,0,0,3515,81559,164.95,32
2026-01-05 11:24:07,0,0,3515,81559,119.90,32
2026-01-05 11:24:17,0,0,3515,81559,118.53,32
2026-01-05 11:24:27,0,0,3515,81559,164.19,32
2026-01-05 11:24:37,0,0,3515,81559,119.88,32
2026-01-05 11:24:47,0,0,3515,81559,119.20,32
2026-01-05 11:24:57,0,0,3515,81559,119.05,32
2026-01-05 11:25:07,0,0,3515,81559,119.12,32
2026-01-05 11:25:17,0,0,3515,81559,119.99,32
2026-01-05 11:25:27,0,0,3515,81559,118.92,32
2026-01-05 11:25:38,0,0,3515,81559,119.29,32
2026-01-05 11:25:48,0,0,3515,81559,118.72,32
2026-01-05 11:25:58,0,0,3515,81559,119.52,33
2026-01-05 11:26:08,0,0,3515,81559,120.06,32
2026-01-05 11:26:18,0,0,3515,81559,120.03,32
2026-01-05 11:26:28,0,0,3515,81559,119.32,33
2026-01-05 11:26:38,0,0,3515,81559,118.85,32
2026-01-05 11:26:48,0,0,3515,81559,118.09,32
2026-01-05 11:26:58,0,0,3515,81559,118.83,33
2026-01-05 11:27:08,0,0,3515,81559,119.14,32
2026-01-05 11:27:18,0,0,3515,81559,120.17,32
2026-01-05 11:27:28,0,0,3515,81559,118.75,33
2026-01-05 11:27:38,0,0,3515,81559,120.00,32
2026-01-05 11:27:48,0,0,3515,81559,118.63,32
2026-01-05 11:27:58,0,0,3515,81559,120.15,33
2026-01-05 11:28:08,0,0,3515,81559,119.03,32
2026-01-05 11:28:18,0,0,3515,81559,120.01,32
2026-01-05 11:28:28,0,0,3515,81559,119.39,33
2026-01-05 11:28:38,0,0,3515,81559,117.97,32
2026-01-05 11:28:48,0,0,3515,81559,118.95,32
2026-01-05 11:28:58,0,0,3515,81559,118.04,33
2026-01-05 11:29:08,0,0,3515,81559,118.05,33
2026-01-05 11:29:18,0,0,3515,81559,119.47,33
2026-01-05 11:29:28,0,0,3515,81559,118.16,33
2026-01-05 11:29:38,0,0,3515,81559,119.03,33
2026-01-05 11:29:48,0,0,3515,81559,120.25,33
2026-01-05 11:29:58,0,0,3515,81559,119.06,33
2026-01-05 11:30:09,0,0,3515,81559,118.93,33
2026-01-05 11:30:19,0,0,3515,81559,118.16,33
2026-01-05 11:30:29,0,0,3515,81559,118.79,33
2026-01-05 11:30:39,0,0,3515,81559,118.67,33
2026-01-05 11:30:49,0,0,3515,81559,118.72,33
2026-01-05 11:30:59,0,0,3515,81559,120.10,33
2026-01-05 11:31:09,0,0,3515,81559,118.91,33
2026-01-05 11:31:19,0,0,3515,81559,119.07,33
2026-01-05 11:31:29,0,0,3515,81559,118.92,33
2026-01-05 11:31:39,0,0,3515,81559,118.79,33
2026-01-05 11:31:49,0,0,3515,81559,119.47,33
2026-01-05 11:31:59,0,0,3515,81559,120.15,33
2026-01-05 11:32:09,0,0,3515,81559,119.31,33
2026-01-05 11:32:19,0,0,3515,81559,120.14,36
2026-01-05 11:32:29,0,0,3515,81559,118.89,33
2026-01-05 11:32:39,0,0,3515,81559,118.72,33
2026-01-05 11:32:49,0,0,3515,81559,147.99,34
2026-01-05 11:32:59,0,0,3515,81559,119.38,33
2026-01-05 11:33:09,0,0,3515,81559,118.99,33
2026-01-05 11:33:19,0,0,3515,81559,164.63,35
2026-01-05 11:33:29,0,0,3515,81559,120.17,33
2026-01-05 11:33:39,0,0,3515,81559,118.66,32
2026-01-05 11:33:49,0,0,3515,81559,164.48,34
2026-01-05 11:33:59,0,0,3515,81559,119.43,33
2026-01-05 11:34:10,0,0,3515,81559,119.39,32
2026-01-05 11:34:20,0,0,3515,81559,164.76,33
2026-01-05 11:34:30,0,0,3515,81559,120.05,33
2026-01-05 11:34:40,0,0,3515,81559,119.42,32
2026-01-05 11:34:50,0,0,3515,81559,166.98,34
2026-01-05 11:35:00,0,0,3515,81559,118.52,32
2026-01-05 11:35:10,0,0,3515,81559,118.63,32
2026-01-05 11:35:20,0,0,3515,81559,164.32,33
2026-01-05 11:35:30,0,0,3515,81559,118.05,32
2026-01-05 11:35:40,0,0,3515,81559,119.95,32
2026-01-05 11:35:50,0,0,3515,81559,166.08,33
2026-01-05 11:36:00,0,0,3515,81559,118.57,32
2026-01-05 11:36:10,0,0,3515,81559,118.60,32
2026-01-05 11:36:20,0,0,3515,81559,165.16,33
2026-01-05 11:36:30,0,0,3515,81559,120.14,32
2026-01-05 11:36:40,0,0,3515,81559,119.97,32
2026-01-05 11:36:50,0,0,3515,81559,164.66,33
2026-01-05 11:37:00,0,0,3515,81559,118.77,32
2026-01-05 11:37:10,0,0,3515,81559,117.95,32
2026-01-05 11:37:20,0,0,3515,81559,118.90,32
2026-01-05 11:37:30,0,0,3515,81559,118.00,32
2026-01-05 11:37:40,0,0,3515,81559,118.61,32
2026-01-05 11:37:50,0,0,3515,81559,118.70,32
2026-01-05 11:38:00,0,0,3515,81559,118.90,32
2026-01-05 11:38:10,0,0,3515,81559,118.11,32
2026-01-05 11:38:20,0,0,3515,81559,119.21,32
2026-01-05 11:38:30,0,0,3515,81559,118.78,32
2026-01-05 11:38:40,0,0,3515,81559,119.32,32
2026-01-05 11:38:50,0,0,3515,81559,118.86,32
2026-01-05 11:39:01,0,0,3515,81559,120.08,32
2026-01-05 11:39:11,0,0,3515,81559,119.97,32
2026-01-05 11:39:21,0,0,3515,81559,120.09,32
2026-01-05 11:39:31,0,0,3515,81559,118.75,32
2026-01-05 11:39:41,0,0,3515,81559,117.99,32
2026-01-05 11:39:51,0,0,3515,81559,118.79,32
2026-01-05 11:40:01,0,0,3515,81559,120.03,32
2026-01-05 11:40:11,0,0,3515,81559,118.06,32
2026-01-05 11:40:21,0,0,3515,81559,118.88,32
2026-01-05 11:40:31,0,0,3515,81559,119.93,32
2026-01-05 11:40:41,83,28,3515,81559,164.15,34
2026-01-05 11:40:51,0,0,3515,81559,118.06,32
2026-01-05 11:41:01,0,0,3515,81559,120.07,32
2026-01-05 11:41:11,0,0,3515,81559,165.96,33
2026-01-05 11:41:21,0,0,3515,81559,118.69,32
2026-01-05 11:41:31,0,0,3515,81559,119.15,32
2026-01-05 11:41:41,0,0,3515,81559,139.31,33
2026-01-05 11:41:51,0,0,3515,81559,118.61,32
2026-01-05 11:42:01,0,0,3515,81559,118.55,32
2026-01-05 11:42:11,0,0,3515,81559,120.08,32
2026-01-05 11:42:21,0,0,3515,81559,119.91,32
2026-01-05 11:42:31,0,0,3515,81559,118.40,32
2026-01-05 11:42:41,0,0,3515,81559,119.96,32
2026-01-05 11:42:51,0,0,3515,81559,118.50,32
2026-01-05 11:43:01,0,0,3515,81559,118.57,32
2026-01-05 11:43:11,0,0,3515,81559,118.54,32
2026-01-05 11:43:21,0,0,3515,81559,118.65,32
2026-01-05 11:43:31,0,0,3515,81559,118.44,32
2026-01-05 11:43:42,0,0,3515,81559,118.36,32
2026-01-05 11:43:52,0,0,3515,81559,118.45,32
2026-01-05 11:44:02,0,0,3515,81559,119.81,32
2026-01-05 11:44:12,0,0,3515,81559,119.05,32
2026-01-05 11:44:22,0,0,3515,81559,119.83,32
2026-01-05 11:44:32,0,0,3515,81559,119.08,32
2026-01-05 11:44:42,0,0,3515,81559,119.94,32
2026-01-05 11:44:52,0,0,3515,81559,119.04,32
2026-01-05 11:45:02,53,18,3515,81559,168.34,35
2026-01-05 11:45:12,0,0,3515,81559,119.88,32
2026-01-05 11:45:22,0,0,3515,81559,117.91,32
2026-01-05 11:45:32,28,9,3515,81559,163.68,34
2026-01-05 11:45:42,0,0,3515,81559,119.89,32
2026-01-05 11:45:52,0,0,3515,81559,118.07,32
2026-01-05 11:46:02,0,0,3515,81559,119.87,34
2026-01-05 11:46:12,0,0,3515,81559,120.00,32
2026-01-05 11:46:22,0,0,3515,81559,118.77,32
2026-01-05 11:46:32,0,0,3515,81559,118.64,32
2026-01-05 11:46:42,0,0,3515,81559,118.97,32
2026-01-05 11:46:52,0,0,3515,81559,118.60,32
2026-01-05 11:47:02,0,0,3515,81559,118.56,32
2026-01-05 11:47:12,0,0,3515,81559,119.07,32
2026-01-05 11:47:22,0,0,3515,81559,120.10,32
2026-01-05 11:47:32,0,0,3515,81559,118.59,32
2026-01-05 11:47:42,0,0,3515,81559,119.04,32
2026-01-05 11:47:52,0,0,3515,81559,119.08,32
2026-01-05 11:48:02,65,21,3515,81559,163.47,33
2026-01-05 11:48:12,0,0,3515,81559,118.89,32
2026-01-05 11:48:23,0,0,3515,81559,119.76,32
2026-01-05 11:48:33,0,0,3515,81559,168.57,32
2026-01-05 11:48:43,0,0,3515,81559,118.76,32
2026-01-05 11:48:53,0,0,3515,81559,118.39,32
2026-01-05 11:49:03,0,0,3515,81559,164.69,32
2026-01-05 11:49:13,0,0,3515,81559,119.75,32
2026-01-05 11:49:23,0,0,3515,81559,119.75,32
2026-01-05 11:49:33,0,0,3515,81559,119.95,32
2026-01-05 11:49:43,0,0,3515,81559,118.78,32
2026-01-05 11:49:53,0,0,3515,81559,119.76,32
2026-01-05 11:50:03,0,0,3515,81559,119.75,32
2026-01-05 11:50:13,0,0,3515,81559,117.91,32
2026-01-05 11:50:23,0,0,3515,81559,119.86,32
2026-01-05 11:50:33,0,0,3515,81559,119.41,32
2026-01-05 11:50:43,0,0,3515,81559,119.88,32
2026-01-05 11:50:53,0,0,3515,81559,118.49,32
2026-01-05 11:51:03,0,0,3515,81559,117.96,32
2026-01-05 11:51:13,0,0,3515,81559,117.94,32
2026-01-05 11:51:23,0,0,3515,81559,118.44,32
2026-01-05 11:51:33,0,0,3515,81559,118.61,32
2026-01-05 11:51:43,0,0,3515,81559,118.79,32
2026-01-05 11:51:53,0,0,3515,81559,118.03,32
2026-01-05 11:52:03,0,0,3515,81559,118.90,32
2026-01-05 11:52:13,0,0,3515,81559,118.15,32
2026-01-05 11:52:23,0,0,3515,81559,118.13,32
2026-01-05 11:52:33,0,0,3515,81559,120.07,33
2026-01-05 11:52:43,0,0,3515,81559,119.46,33
2026-01-05 11:52:53,0,0,3515,81559,120.03,33
2026-01-05 11:53:03,0,0,3515,81559,118.06,32
2026-01-05 11:53:14,0,0,3515,81559,118.92,32
2026-01-05 11:53:24,0,0,3515,81559,117.98,32
2026-01-05 11:53:34,0,0,3515,81559,118.69,32
2026-01-05 11:53:44,0,0,3515,81559,118.75,32
2026-01-05 11:53:54,0,0,3515,81559,118.62,32
2026-01-05 11:54:04,0,0,3515,81559,119.18,32
2026-01-05 11:54:14,0,0,3515,81559,118.79,32
2026-01-05 11:54:24,0,0,3515,81559,118.59,32
2026-01-05 11:54:34,0,0,3515,81559,118.87,32
2026-01-05 11:54:44,0,0,3515,81559,118.64,32
2026-01-05 11:54:54,0,0,3515,81559,124.05,38
2026-01-05 11:55:04,0,0,3515,81559,118.67,32
2026-01-05 11:55:14,0,0,3515,81559,118.58,32
2026-01-05 11:55:24,73,25,3515,81559,164.04,36
2026-01-05 11:55:34,0,0,3515,81559,120.07,33
2026-01-05 11:55:44,0,0,3515,81559,120.16,33
2026-01-05 11:55:54,0,0,3515,81559,167.20,33
2026-01-05 11:56:04,0,0,3515,81559,118.62,32
2026-01-05 11:56:14,0,0,3515,81559,118.78,32
2026-01-05 11:56:24,0,0,3515,81559,120.19,33
2026-01-05 11:56:34,0,0,3515,81559,118.79,32
2026-01-05 11:56:44,0,0,3515,81559,118.81,32
2026-01-05 11:56:54,0,0,3515,81559,118.77,32
2026-01-05 11:57:04,0,0,3515,81559,118.81,32
2026-01-05 11:57:14,0,0,3515,81559,120.00,32
2026-01-05 11:57:24,0,0,3515,81559,118.68,32
2026-01-05 11:57:34,0,0,3515,81559,118.68,32
2026-01-05 11:57:44,0,0,3515,81559,119.89,32
2026-01-05 11:57:55,0,0,3515,81559,119.37,32
2026-01-05 11:58:05,0,0,3515,81559,119.38,32
2026-01-05 11:58:15,0,0,3515,81559,118.55,32
2026-01-05 11:58:25,0,0,3515,81559,118.68,32
2026-01-05 11:58:35,0,0,3515,81559,119.08,32
2026-01-05 11:58:45,0,0,3515,81559,141.80,38
2026-01-05 11:58:55,0,0,3515,81559,118.55,32
2026-01-05 11:59:05,0,0,3515,81559,118.60,32
2026-01-05 11:59:15,91,30,3515,81559,164.38,34
2026-01-05 11:59:25,0,0,3515,81559,118.50,32
2026-01-05 11:59:35,0,0,3515,81559,118.73,32
2026-01-05 11:59:45,0,0,3515,81559,133.60,39
2026-01-05 11:59:55,0,0,3515,81559,118.79,32
2026-01-05 12:00:05,0,0,3515,81559,119.88,32
2026-01-05 12:00:15,0,0,3515,81559,164.22,33
2026-01-05 12:00:25,0,0,3515,81559,118.51,32
2026-01-05 12:00:35,0,0,3515,81559,117.91,32
2026-01-05 12:00:45,0,0,3515,81559,164.40,33
2026-01-05 12:00:55,0,0,3515,81559,118.62,32
2026-01-05 12:01:05,0,0,3515,81559,118.58,32
2026-01-05 12:01:15,0,0,3515,81559,165.46,33
2026-01-05 12:01:25,0,0,3515,81559,119.97,32
2026-01-05 12:01:35,0,0,3515,81559,118.64,32
2026-01-05 12:01:45,0,0,3515,81559,164.84,33
2026-01-05 12:01:55,0,0,3515,81559,118.56,32
2026-01-05 12:02:05,0,0,3515,81559,118.65,32
2026-01-05 12:02:15,0,0,3515,81559,161.42,33
2026-01-05 12:02:26,0,0,3515,81559,118.80,32
2026-01-05 12:02:36,0,0,3515,81559,118.61,32
2026-01-05 12:02:46,0,0,3515,81559,122.99,33
2026-01-05 12:02:56,0,0,3515,81559,118.79,32
2026-01-05 12:03:06,0,0,3515,81559,118.85,32
2026-01-05 12:03:16,0,0,3515,81559,120.14,33
2026-01-05 12:03:26,0,0,3515,81559,119.16,32
2026-01-05 12:03:36,0,0,3515,81559,120.05,32
2026-01-05 12:03:46,0,0,3515,81559,120.01,32
2026-01-05 12:03:56,0,0,3515,81559,119.96,32
2026-01-05 12:04:06,0,0,3515,81559,118.62,32
2026-01-05 12:04:16,0,0,3515,81559,118.89,32
2026-01-05 12:04:26,0,0,3515,81559,118.51,32
2026-01-05 12:04:36,0,0,3515,81559,118.49,32
2026-01-05 12:04:46,0,0,3515,81559,118.61,32
2026-01-05 12:04:56,0,0,3515,81559,118.75,32
2026-01-05 12:05:06,0,0,3515,81559,118.62,32
2026-01-05 12:05:16,0,0,3515,81559,120.01,32
2026-01-05 12:05:26,0,0,3515,81559,118.65,32
2026-01-05 12:05:36,0,0,3515,81559,118.53,32
2026-01-05 12:05:46,0,0,3515,81559,118.64,32
2026-01-05 12:05:56,0,0,3515,81559,118.59,32
2026-01-05 12:06:06,0,0,3515,81559,118.72,32
2026-01-05 12:06:16,0,0,3515,81559,118.61,32
2026-01-05 12:06:26,0,0,3515,81559,118.57,32
2026-01-05 12:06:36,0,0,3515,81559,118.67,32
2026-01-05 12:06:46,0,0,3515,81559,120.15,33
2026-01-05 12:06:56,0,0,3515,81559,119.96,32
2026-01-05 12:07:07,0,0,3515,81559,120.04,32
2026-01-05 12:07:17,0,0,3515,81559,120.17,33
2026-01-05 12:07:27,0,0,3515,81559,118.56,32
2026-01-05 12:07:37,0,0,3515,81559,120.04,32
2026-01-05 12:07:47,0,0,3515,81559,118.64,32
2026-01-05 12:07:57,0,0,3515,81559,119.98,32
2026-01-05 12:08:07,96,32,3515,81559,164.82,39
2026-01-05 12:08:17,0,0,3515,81559,117.30,32
2026-01-05 12:08:27,0,0,3515,81559,117.38,32
2026-01-05 12:08:37,0,0,3515,81559,165.06,33
2026-01-05 12:08:47,0,0,3515,81559,118.69,32
2026-01-05 12:08:57,0,0,3515,81559,118.67,32
2026-01-05 12:09:07,0,0,3515,81559,166.07,33
2026-01-05 12:09:17,0,0,3515,81559,120.00,32
2026-01-05 12:09:27,0,0,3515,81559,119.97,32
2026-01-05 12:09:37,0,0,3515,81559,165.88,33
2026-01-05 12:09:47,0,0,3515,81559,118.63,32
2026-01-05 12:09:57,0,0,3515,81559,119.99,32
2026-01-05 12:10:07,0,0,3515,81559,163.52,33
2026-01-05 12:10:17,0,0,3515,81559,118.54,32
2026-01-05 12:10:27,0,0,3515,81559,118.60,32
2026-01-05 12:10:37,0,0,3515,81559,166.35,33
2026-01-05 12:10:47,0,0,3515,81559,119.93,32
2026-01-05 12:10:57,0,0,3515,81559,119.96,32
2026-01-05 12:11:07,0,0,3515,81559,163.94,32
2026-01-05 12:11:17,0,0,3515,81559,119.18,32
2026-01-05 12:11:27,0,0,3515,81559,118.89,32
2026-01-05 12:11:37,0,0,3515,81559,164.96,33
2026-01-05 12:11:47,0,0,3515,81559,119.97,32
2026-01-05 12:11:57,0,0,3515,81559,118.54,32
2026-01-05 12:12:08,0,0,3515,81559,165.13,33
2026-01-05 12:12:18,0,0,3515,81559,119.34,32
2026-01-05 12:12:28,0,0,3515,81559,118.52,32
2026-01-05 12:12:38,0,0,3515,81559,162.02,32
2026-01-05 12:12:48,0,0,3515,81559,118.58,32
2026-01-05 12:12:58,0,0,3515,81559,120.04,32
2026-01-05 12:13:08,0,0,3515,81559,119.65,33
2026-01-05 12:13:18,0,0,3515,81559,119.96,32
2026-01-05 12:13:28,0,0,3515,81559,118.55,32
2026-01-05 12:13:38,0,0,3515,81559,119.15,32
2026-01-05 12:13:48,0,0,3515,81559,118.67,32
2026-01-05 12:13:58,0,0,3515,81559,119.19,32
2026-01-05 12:14:08,0,0,3515,81559,119.05,32
2026-01-05 12:14:18,0,0,3515,81559,118.57,32
2026-01-05 12:14:28,0,0,3515,81559,118.61,32
2026-01-05 12:14:38,0,0,3515,81559,120.14,32
2026-01-05 12:14:48,0,0,3515,81559,118.57,32
2026-01-05 12:14:58,0,0,3515,81559,118.33,32
2026-01-05 12:15:08,0,0,3515,81559,119.92,32
2026-01-05 12:15:18,0,0,3515,81559,118.57,32
2026-01-05 12:15:28,0,0,3515,81559,118.46,32
2026-01-05 12:15:38,0,0,3515,81559,119.87,32
2026-01-05 12:15:48,0,0,3515,81559,118.78,32
2026-01-05 12:15:58,0,0,3515,81559,118.42,32
2026-01-05 12:16:08,0,0,3515,81559,119.92,32
2026-01-05 12:16:18,0,0,3515,81559,118.43,32
2026-01-05 12:16:29,0,0,3515,81559,140.95,40
2026-01-05 12:16:39,0,0,3515,81559,118.55,32
2026-01-05 12:16:49,0,0,3515,81559,118.76,32
2026-01-05 12:16:59,87,29,3515,81559,165.61,36
2026-01-05 12:17:09,0,0,3515,81559,119.91,32
2026-01-05 12:17:19,0,0,3515,81559,118.68,32
2026-01-05 12:17:29,65,22,3515,81559,164.88,34
2026-01-05 12:17:39,0,0,3515,81559,118.84,32
2026-01-05 12:17:49,0,0,3515,81559,119.06,32
2026-01-05 12:17:59,0,0,3515,81559,163.12,33
2026-01-05 12:18:09,0,0,3515,81559,118.43,32
2026-01-05 12:18:19,0,0,3515,81559,119.77,32
2026-01-05 12:18:29,55,18,3515,81559,164.57,35
2026-01-05 12:18:39,0,0,3515,81559,118.63,32
2026-01-05 12:18:49,0,0,3515,81559,118.30,32
2026-01-05 12:18:59,0,0,3515,81559,165.76,33
2026-01-05 12:19:09,0,0,3515,81559,118.47,32
2026-01-05 12:19:19,0,0,3515,81559,118.41,32
2026-01-05 12:19:29,0,0,3515,81559,165.41,33
2026-01-05 12:19:39,0,0,3515,81559,118.51,32
2026-01-05 12:19:49,0,0,3515,81559,118.40,32
2026-01-05 12:19:59,81,27,3515,81559,162.76,34
2026-01-05 12:20:09,0,0,3515,81559,117.90,32
2026-01-05 12:20:19,0,0,3515,81559,118.44,32
2026-01-05 12:20:29,0,0,3515,81559,165.06,32
2026-01-05 12:20:39,0,0,3515,81559,119.86,32
2026-01-05 12:20:49,0,0,3515,81559,117.86,32
2026-01-05 12:20:59,0,0,3515,81559,165.24,33
2026-01-05 12:21:10,0,0,3515,81559,118.66,32
2026-01-05 12:21:20,0,0,3515,81559,118.66,32
2026-01-05 12:21:30,0,0,3515,81559,137.01,32
2026-01-05 12:21:40,0,0,3515,81559,119.92,32
2026-01-05 12:21:50,0,0,3515,81559,119.82,32
2026-01-05 12:22:00,0,0,3515,81559,129.91,32
2026-01-05 12:22:10,0,0,3515,81559,118.47,32
2026-01-05 12:22:20,0,0,3515,81559,119.91,32
2026-01-05 12:22:30,0,0,3515,81559,117.91,32
2026-01-05 12:22:40,0,0,3515,81559,118.73,32
2026-01-05 12:22:50,0,0,3515,81559,122.12,32
2026-01-05 12:23:00,0,0,3515,81559,119.83,32
2026-01-05 12:23:10,0,0,3515,81559,118.57,32
2026-01-05 12:23:20,0,0,3515,81559,120.01,32
2026-01-05 12:23:30,0,0,3515,81559,118.54,32
2026-01-05 12:23:40,0,0,3515,81559,118.29,32
2026-01-05 12:23:50,0,0,3515,81559,118.44,32
2026-01-05 12:24:00,0,0,3515,81559,117.79,32
2026-01-05 12:24:10,0,0,3515,81559,119.82,32
2026-01-05 12:24:20,0,0,3515,81559,118.46,32
2026-01-05 12:24:30,0,0,3515,81559,118.53,32
2026-01-05 12:24:40,0,0,3515,81559,118.34,32
2026-01-05 12:24:50,0,0,3515,81559,118.56,32
2026-01-05 12:25:00,0,0,3515,81559,119.80,32
2026-01-05 12:25:10,0,0,3515,81559,118.77,32
2026-01-05 12:25:20,0,0,3515,81559,118.51,32
2026-01-05 12:25:30,0,0,3515,81559,118.31,32
2026-01-05 12:25:40,0,0,3515,81559,119.83,32
2026-01-05 12:25:50,0,0,3515,81559,117.76,32
2026-01-05 12:26:01,0,0,3515,81559,118.36,32
2026-01-05 12:26:11,0,0,3515,81559,118.54,32
2026-01-05 12:26:21,11,3,3515,81559,162.35,37
2026-01-05 12:26:31,0,0,3515,81559,118.65,32
2026-01-05 12:26:41,0,0,3515,81559,118.43,32
2026-01-05 12:26:51,0,0,3515,81559,118.48,32
2026-01-05 12:27:01,0,0,3515,81559,117.87,32
2026-01-05 12:27:11,0,0,3515,81559,118.42,32
2026-01-05 12:27:21,0,0,3515,81559,167.77,41
2026-01-05 12:27:31,0,0,3515,81559,118.42,32
2026-01-05 12:27:41,0,0,3515,81559,117.76,32
2026-01-05 12:27:51,0,0,3515,81559,119.82,33
2026-01-05 12:28:01,0,0,3515,81559,119.75,32
2026-01-05 12:28:11,0,0,3515,81559,118.40,32
2026-01-05 12:28:21,78,26,3515,81559,155.87,40
2026-01-05 12:28:31,0,0,3515,81559,119.21,32
2026-01-05 12:28:41,0,0,3515,81559,117.71,32
2026-01-05 12:28:51,65,21,3515,81559,162.15,35
2026-01-05 12:29:01,0,0,3515,81559,118.55,32
2026-01-05 12:29:11,0,0,3515,81559,118.52,32
2026-01-05 12:29:21,0,0,3515,81559,164.98,33
2026-01-05 12:29:31,0,0,3515,81559,118.65,32
2026-01-05 12:29:41,0,0,3515,81559,119.93,32
2026-01-05 12:29:51,0,0,3515,81559,146.14,40
2026-01-05 12:30:01,0,0,3515,81559,118.57,32
2026-01-05 12:30:11,0,0,3515,81559,119.89,32
2026-01-05 12:30:21,0,0,3515,81559,129.21,35
2026-01-05 12:30:31,0,0,3515,81559,119.88,32
2026-01-05 12:30:42,0,0,3515,81559,118.74,32
2026-01-05 12:30:52,0,0,3515,81559,166.01,33
2026-01-05 12:31:02,0,0,3515,81559,118.67,32
2026-01-05 12:31:12,0,0,3515,81559,118.68,32
2026-01-05 12:31:22,0,0,3515,81559,157.02,33
2026-01-05 12:31:32,0,0,3515,81559,118.78,32
2026-01-05 12:31:42,0,0,3515,81559,117.98,32
2026-01-05 12:31:52,0,0,3515,81559,149.00,33
2026-01-05 12:32:02,0,0,3515,81559,118.61,32
2026-01-05 12:32:12,0,0,3515,81559,120.01,33
2026-01-05 12:32:22,0,0,3515,81559,165.97,33
2026-01-05 12:32:32,0,0,3515,81559,120.08,32
2026-01-05 12:32:42,0,0,3515,81559,120.03,32
2026-01-05 12:32:52,0,0,3515,81559,118.66,32
2026-01-05 12:33:02,0,0,3515,81559,118.59,32
2026-01-05 12:33:12,0,0,3515,81559,118.56,32
2026-01-05 12:33:22,0,0,3515,81559,118.79,32
2026-01-05 12:33:32,0,0,3515,81559,118.42,32
2026-01-05 12:33:42,0,0,3515,81559,118.56,32
2026-01-05 12:33:52,0,0,3515,81559,119.30,32
2026-01-05 12:34:02,0,0,3515,81559,119.85,32
2026-01-05 12:34:12,0,0,3515,81559,118.65,32
2026-01-05 12:34:22,0,0,3515,81559,119.34,32
2026-01-05 12:34:32,0,0,3515,81559,119.92,32
2026-01-05 12:34:42,0,0,3515,81559,119.84,32
2026-01-05 12:34:52,0,0,3515,81559,119.81,32
2026-01-05 12:35:02,0,0,3515,81559,119.96,32
2026-01-05 12:35:12,0,0,3515,81559,118.46,32
2026-01-05 12:35:23,0,0,3515,81559,118.54,32
2026-01-05 12:35:33,0,0,3515,81559,118.51,32
2026-01-05 12:35:43,0,0,3515,81559,118.50,32
2026-01-05 12:35:53,0,0,3515,81559,118.36,32
2026-01-05 12:36:03,0,0,3515,81559,118.41,32
2026-01-05 12:36:13,0,0,3515,81559,119.80,32
2026-01-05 12:36:23,0,0,3515,81559,119.92,32
2026-01-05 12:36:33,0,0,3515,81559,118.40,32
2026-01-05 12:36:43,0,0,3515,81559,163.61,33
2026-01-05 12:36:53,0,0,3515,81559,118.48,32
2026-01-05 12:37:03,0,0,3515,81559,117.84,32
2026-01-05 12:37:13,0,0,3515,81559,165.19,33
2026-01-05 12:37:23,0,0,3515,81559,119.40,32
2026-01-05 12:37:33,0,0,3515,81559,118.63,32
2026-01-05 12:37:43,0,0,3515,81559,165.60,33
2026-01-05 12:37:53,0,0,3515,81559,118.57,32
2026-01-05 12:38:03,0,0,3515,81559,118.58,32
2026-01-05 12:38:13,0,0,3515,81559,163.64,33
2026-01-05 12:38:23,0,0,3515,81559,118.56,32
2026-01-05 12:38:33,0,0,3515,81559,118.61,32
2026-01-05 12:38:43,0,0,3515,81559,161.01,33
2026-01-05 12:38:53,0,0,3515,81559,118.55,32
2026-01-05 12:39:03,0,0,3515,81559,118.51,32
2026-01-05 12:39:13,57,19,3515,81559,163.23,35
2026-01-05 12:39:23,0,0,3515,81559,118.12,32
2026-01-05 12:39:33,0,0,3515,81559,118.77,32
2026-01-05 12:39:44,0,0,3515,81559,118.87,32
2026-01-05 12:39:54,0,0,3515,81559,120.12,32
2026-01-05 12:40:04,0,0,3515,81559,120.02,32
2026-01-05 12:40:14,0,0,3515,81559,131.74,38
2026-01-05 12:40:24,0,0,3515,81559,118.57,32
2026-01-05 12:40:34,0,0,3515,81559,118.53,32
2026-01-05 12:40:44,38,13,3515,81559,168.23,34
2026-01-05 12:40:54,0,0,3515,81559,119.95,32
2026-01-05 12:41:04,0,0,3515,81559,117.93,32
2026-01-05 12:41:14,0,0,3515,81559,164.78,33
2026-01-05 12:41:24,0,0,3515,81559,118.65,32
2026-01-05 12:41:34,0,0,3515,81559,118.49,32
2026-01-05 12:41:44,0,0,3515,81559,164.88,33
2026-01-05 12:41:54,0,0,3515,81559,118.53,32
2026-01-05 12:42:04,0,0,3515,81559,117.90,32
2026-01-05 12:42:14,0,0,3515,81559,162.93,33
2026-01-05 12:42:24,0,0,3515,81559,120.04,32
2026-01-05 12:42:34,0,0,3515,81559,118.56,32
2026-01-05 12:42:44,0,0,3515,81559,164.06,33
2026-01-05 12:42:54,0,0,3515,81559,118.54,32
2026-01-05 12:43:04,0,0,3515,81559,119.82,32
2026-01-05 12:43:14,0,0,3515,81559,165.98,32
2026-01-05 12:43:24,0,0,3515,81559,118.43,32
2026-01-05 12:43:34,0,0,3515,81559,118.45,32
2026-01-05 12:43:44,0,0,3515,81559,119.95,32
2026-01-05 12:43:54,0,0,3515,81559,118.40,32
2026-01-05 12:44:04,0,0,3515,81559,118.90,32
2026-01-05 12:44:14,0,0,3515,81559,145.18,32
2026-01-05 12:44:25,0,0,3515,81559,119.91,32
2026-01-05 12:44:35,0,0,3515,81559,118.57,32
2026-01-05 12:44:45,0,0,3515,81559,163.68,32
2026-01-05 12:44:55,0,0,3515,81559,118.39,32
2026-01-05 12:45:05,0,0,3515,81559,118.38,32
2026-01-05 12:45:15,0,0,3515,81559,117.99,32
2026-01-05 12:45:25,0,0,3515,81559,118.34,32
2026-01-05 12:45:35,0,0,3515,81559,118.61,32
2026-01-05 12:45:45,0,0,3515,81559,119.77,32
2026-01-05 12:45:55,0,0,3515,81559,118.37,32
2026-01-05 12:46:05,0,0,3515,81559,119.82,32
2026-01-05 12:46:15,0,0,3515,81559,118.45,32
2026-01-05 12:46:25,0,0,3515,81559,119.72,32
2026-01-05 12:46:35,0,0,3515,81559,118.23,32
2026-01-05 12:46:45,0,0,3515,81559,118.84,32
2026-01-05 12:46:55,0,0,3515,81559,118.80,32
2026-01-05 12:47:05,0,0,3515,81559,118.23,32
2026-01-05 12:47:15,0,0,3515,81559,117.81,32
2026-01-05 12:47:25,0,0,3515,81559,118.31,32
2026-01-05 12:47:35,0,0,3515,81559,118.28,32
2026-01-05 12:47:45,0,0,3515,81559,118.57,32
2026-01-05 12:47:55,0,0,3515,81559,118.31,32
2026-01-05 12:48:05,0,0,3515,81559,117.59,32
2026-01-05 12:48:15,0,0,3515,81559,118.39,32
2026-01-05 12:48:25,0,0,3515,81559,118.32,32
2026-01-05 12:48:36,0,0,3515,81559,118.28,32
2026-01-05 12:48:46,0,0,3515,81559,118.35,32
2026-01-05 12:48:56,0,0,3515,81559,118.30,32
2026-01-05 12:49:06,35,11,3515,81559,141.24,39
2026-01-05 12:49:16,0,0,3515,81559,118.39,32
2026-01-05 12:49:26,0,0,3515,81559,118.60,32
2026-01-05 12:49:36,78,26,3515,81559,165.05,35
2026-01-05 12:49:46,0,0,3515,81559,117.81,32
2026-01-05 12:49:56,0,0,3515,81559,118.41,32
2026-01-05 12:50:06,0,0,3515,81559,166.81,32
2026-01-05 12:50:16,0,0,3515,81559,117.73,32
2026-01-05 12:50:26,0,0,3515,81559,119.87,32
2026-01-05 12:50:36,0,0,3515,81559,163.13,33
2026-01-05 12:50:46,0,0,3515,81559,119.74,32
2026-01-05 12:50:56,0,0,3515,81559,117.86,32
2026-01-05 12:51:06,0,0,3515,81559,167.60,32
2026-01-05 12:51:16,0,0,3515,81559,119.89,32
2026-01-05 12:51:26,0,0,3515,81559,119.00,32
2026-01-05 12:51:36,0,0,3515,81559,141.60,32
2026-01-05 12:51:46,0,0,3515,81559,117.85,32
2026-01-05 12:51:56,0,0,3515,81559,119.01,32
2026-01-05 12:52:06,0,0,3515,81559,119.92,32
2026-01-05 12:52:16,0,0,3515,81559,119.15,32
2026-01-05 12:52:26,0,0,3515,81559,119.91,32
2026-01-05 12:52:37,0,0,3515,81559,120.00,32
2026-01-05 12:52:47,0,0,3515,81559,119.91,32
2026-01-05 12:52:57,0,0,3515,81559,118.50,32
2026-01-05 12:53:07,0,0,3515,81559,118.78,32
2026-01-05 12:53:17,0,0,3515,81559,118.75,32
2026-01-05 12:53:27,0,0,3515,81559,119.77,32
2026-01-05 12:53:37,0,0,3515,81559,119.10,32
2026-01-05 12:53:47,0,0,3515,81559,118.71,32
2026-01-05 12:53:57,0,0,3515,81559,118.50,32
2026-01-05 12:54:07,0,0,3515,81559,119.99,32
2026-01-05 12:54:17,0,0,3515,81559,118.43,32
2026-01-05 12:54:27,0,0,3515,81559,118.44,32
2026-01-05 12:54:37,0,0,3515,81559,118.97,32
2026-01-05 12:54:47,0,0,3515,81559,119.21,32
2026-01-05 12:54:57,0,0,3515,81559,118.31,32
2026-01-05 12:55:07,0,0,3515,81559,117.71,32
2026-01-05 12:55:17,0,0,3515,81559,118.46,32
2026-01-05 12:55:27,0,0,3515,81559,165.32,34
2026-01-05 12:55:37,0,0,3515,81559,119.83,32
2026-01-05 12:55:47,0,0,3515,81559,118.98,32
2026-01-05 12:55:57,100,33,3515,81559,164.45,34
2026-01-05 12:56:07,0,0,3515,81559,119.75,32
2026-01-05 12:56:17,0,0,3515,81559,118.40,32
2026-01-05 12:56:27,0,0,3515,81559,164.16,33
2026-01-05 12:56:37,0,0,3515,81559,118.42,32
2026-01-05 12:56:47,0,0,3515,81559,118.57,32
2026-01-05 12:56:57,0,0,3515,81559,165.14,33
2026-01-05 12:57:08,0,0,3515,81559,118.55,32
2026-01-05 12:57:18,0,0,3515,81559,119.86,32
2026-01-05 12:57:28,0,0,3515,81559,165.26,33
2026-01-05 12:57:38,0,0,3515,81559,119.88,32
2026-01-05 12:57:48,0,0,3515,81559,119.94,32
2026-01-05 12:57:58,0,0,3515,81559,166.69,33
2026-01-05 12:58:08,0,0,3515,81559,119.15,32
2026-01-05 12:58:18,0,0,3515,81559,117.83,32
2026-01-05 12:58:28,0,0,3515,81559,165.82,33
2026-01-05 12:58:38,0,0,3515,81559,119.02,32
2026-01-05 12:58:48,0,0,3515,81559,118.39,32
2026-01-05 12:58:58,0,0,3515,81559,165.53,32
2026-01-05 12:59:08,0,0,3515,81559,118.46,32
2026-01-05 12:59:18,0,0,3515,81559,117.86,32
2026-01-05 12:59:28,0,0,3515,81559,163.38,33
2026-01-05 12:59:38,0,0,3515,81559,119.84,32
2026-01-05 12:59:48,0,0,3515,81559,119.81,32
2026-01-05 12:59:58,0,0,3515,81559,164.29,33
2026-01-05 13:00:08,0,0,3515,81559,119.20,32
2026-01-05 13:00:18,0,0,3515,81559,119.97,32
2026-01-05 13:00:28,0,0,3515,81559,164.18,33
2026-01-05 13:00:38,0,0,3515,81559,118.45,32
2026-01-05 13:00:48,0,0,3515,81559,117.85,32
2026-01-05 13:00:58,0,0,3515,81559,164.28,32
2026-01-05 13:01:08,0,0,3515,81559,117.74,32
2026-01-05 13:01:18,0,0,3515,81559,117.88,32
2026-01-05 13:01:29,0,0,3515,81559,167.79,32
2026-01-05 13:01:39,0,0,3515,81559,118.92,32
2026-01-05 13:01:49,0,0,3515,81559,119.05,32
2026-01-05 13:01:59,0,0,3515,81559,166.10,32
2026-01-05 13:02:09,0,0,3515,81559,119.14,32
2026-01-05 13:02:19,0,0,3515,81559,119.10,32
2026-01-05 13:02:29,0,0,3515,81559,120.24,32
2026-01-05 13:02:39,0,0,3515,81559,117.88,32
2026-01-05 13:02:49,0,0,3515,81559,118.77,32
2026-01-05 13:02:59,0,0,3515,81559,118.81,32
2026-01-05 13:03:09,0,0,3515,81559,118.82,32
2026-01-05 13:03:19,0,0,3515,81559,118.60,32
2026-01-05 13:03:29,0,0,3515,81559,118.53,32
2026-01-05 13:03:39,0,0,3515,81559,117.78,32
2026-01-05 13:03:49,0,0,3515,81559,117.88,32
2026-01-05 13:03:59,0,0,3515,81559,117.35,32
2026-01-05 13:04:09,0,0,3515,81559,119.01,32
2026-01-05 13:04:19,0,0,3515,81559,117.76,32
2026-01-05 13:04:30,0,0,3515,81559,119.95,32
2026-01-05 13:04:40,0,0,3515,81559,119.92,32
2026-01-05 13:04:50,0,0,3515,81559,119.78,32
2026-01-05 13:05:00,0,0,3515,81559,119.90,32
2026-01-05 13:05:10,0,0,3515,81559,119.83,32
2026-01-05 13:05:20,0,0,3515,81559,119.01,32
2026-01-05 13:05:30,0,0,3515,81559,119.83,32
2026-01-05 13:05:40,0,0,3515,81559,118.69,32
2026-01-05 13:05:50,59,20,3515,81559,163.93,35
2026-01-05 13:06:00,0,0,3515,81559,117.78,32
2026-01-05 13:06:10,0,0,3515,81559,119.85,32
2026-01-05 13:06:20,0,0,3515,81559,166.16,33
2026-01-05 13:06:30,0,0,3515,81559,118.47,32
2026-01-05 13:06:40,0,0,3515,81559,118.35,32
2026-01-05 13:06:50,0,0,3515,81559,167.45,32
2026-01-05 13:07:00,0,0,3515,81559,119.89,32
2026-01-05 13:07:10,0,0,3515,81559,119.80,32
2026-01-05 13:07:20,0,0,3515,81559,130.36,32
2026-01-05 13:07:30,0,0,3515,81559,119.84,32
2026-01-05 13:07:40,0,0,3515,81559,119.81,32
2026-01-05 13:07:50,0,0,3515,81559,118.49,32
2026-01-05 13:08:01,0,0,3515,81559,118.58,32
2026-01-05 13:08:11,0,0,3515,81559,117.88,32
2026-01-05 13:08:21,0,0,3515,81559,118.55,32
2026-01-05 13:08:31,0,0,3515,81559,118.43,32
2026-01-05 13:08:41,0,0,3515,81559,118.43,32
2026-01-05 13:08:51,0,0,3515,81559,118.52,32
2026-01-05 13:09:01,0,0,3515,81559,118.49,32
2026-01-05 13:09:11,0,0,3515,81559,118.40,32
2026-01-05 13:09:21,0,0,3515,81559,118.51,32
2026-01-05 13:09:31,0,0,3515,81559,118.42,32
2026-01-05 13:09:41,0,0,3515,81559,118.41,32
2026-01-05 13:09:51,0,0,3515,81559,118.50,32
2026-01-05 13:10:01,0,0,3515,81559,118.47,32
2026-01-05 13:10:11,0,0,3515,81559,118.41,32
2026-01-05 13:10:21,0,0,3515,81559,118.57,32
2026-01-05 13:10:31,0,0,3515,81559,118.41,32
2026-01-05 13:10:41,0,0,3515,81559,119.91,32
2026-01-05 13:10:51,0,0,3515,81559,119.94,32
2026-01-05 13:11:01,0,0,3515,81559,119.92,32
2026-01-05 13:11:11,100,33,3515,81559,161.44,37
2026-01-05 13:11:21,0,0,3515,81559,118.05,32
2026-01-05 13:11:31,0,0,3515,81559,118.58,32
2026-01-05 13:11:41,0,0,3515,81559,166.51,33
2026-01-05 13:11:51,0,0,3515,81559,120.06,32
2026-01-05 13:12:01,0,0,3515,81559,118.79,32
2026-01-05 13:12:12,0,0,3515,81559,162.85,33
2026-01-05 13:12:22,0,0,3515,81559,119.89,32
2026-01-05 13:12:32,0,0,3515,81559,118.72,32
2026-01-05 13:12:42,0,0,3515,81559,166.44,32
2026-01-05 13:12:52,0,0,3515,81559,119.92,32
2026-01-05 13:13:02,0,0,3515,81559,119.80,32
2026-01-05 13:13:12,0,0,3515,81559,167.30,32
2026-01-05 13:13:22,0,0,3515,81559,119.96,32
2026-01-05 13:13:32,0,0,3515,81559,119.88,32
2026-01-05 13:13:42,0,0,3515,81559,119.96,32
2026-01-05 13:13:52,0,0,3515,81559,119.89,32
2026-01-05 13:14:02,0,0,3515,81559,119.81,32
2026-01-05 13:14:12,0,0,3515,81559,119.93,32
2026-01-05 13:14:22,0,0,3515,81559,119.08,32
2026-01-05 13:14:32,0,0,3515,81559,119.86,32
2026-01-05 13:14:42,0,0,3515,81559,119.18,32
2026-01-05 13:14:52,0,0,3515,81559,119.76,32
2026-01-05 13:15:02,0,0,3515,81559,119.83,32
2026-01-05 13:15:12,0,0,3515,81559,117.92,32
2026-01-05 13:15:22,0,0,3515,81559,119.15,32
2026-01-05 13:15:32,0,0,3515,81559,117.73,32
2026-01-05 13:15:42,0,0,3515,81559,119.87,32
2026-01-05 13:15:52,0,0,3515,81559,119.79,32
2026-01-05 13:16:03,45,15,3515,81559,158.78,39
2026-01-05 13:16:13,0,0,3515,81559,119.05,32
2026-01-05 13:16:23,0,0,3515,81559,118.49,32
2026-01-05 13:16:33,0,0,3515,81559,124.23,32
2026-01-05 13:16:43,0,0,3515,81559,119.07,32
2026-01-05 13:16:53,0,0,3515,81559,118.53,32
2026-01-05 13:17:03,0,0,3515,81559,164.99,33
2026-01-05 13:17:13,0,0,3515,81559,118.97,32
2026-01-05 13:17:23,0,0,3515,81559,119.87,32
2026-01-05 13:17:33,0,0,3515,81559,165.75,33
2026-01-05 13:17:43,0,0,3515,81559,119.07,32
2026-01-05 13:17:53,0,0,3515,81559,117.79,32
2026-01-05 13:18:03,0,0,3515,81559,162.89,33
2026-01-05 13:18:13,0,0,3515,81559,118.51,32
2026-01-05 13:18:23,0,0,3515,81559,117.84,32
2026-01-05 13:18:33,0,0,3515,81559,164.82,32
2026-01-05 13:18:43,0,0,3515,81559,118.45,32
2026-01-05 13:18:53,0,0,3515,81559,117.80,32
2026-01-05 13:19:03,0,0,3515,81559,118.11,32
2026-01-05 13:19:13,0,0,3515,81559,118.40,32
2026-01-05 13:19:23,0,0,3515,81559,119.26,32
2026-01-05 13:19:33,0,0,3515,81559,118.92,32
2026-01-05 13:19:43,0,0,3515,81559,119.00,32
2026-01-05 13:19:53,0,0,3515,81559,117.79,32
2026-01-05 13:20:03,0,0,3515,81559,119.30,32
2026-01-05 13:20:14,0,0,3515,81559,119.96,32
2026-01-05 13:20:24,0,0,3515,81559,119.94,32
2026-01-05 13:20:34,0,0,3515,81559,118.65,32
2026-01-05 13:20:44,0,0,3515,81559,118.55,32
2026-01-05 13:20:54,0,0,3515,81559,119.01,32
2026-01-05 13:21:04,0,0,3515,81559,117.92,32
2026-01-05 13:21:14,0,0,3515,81559,118.46,32
2026-01-05 13:21:24,0,0,3515,81559,119.86,32
2026-01-05 13:21:34,0,0,3515,81559,119.90,32
2026-01-05 13:21:44,0,0,3515,81559,120.03,32
2026-01-05 13:21:54,0,0,3515,81559,165.32,33
2026-01-05 13:22:04,0,0,3515,81559,118.56,32
2026-01-05 13:22:14,0,0,3515,81559,118.47,32
2026-01-05 13:22:24,0,0,3515,81559,167.85,33
2026-01-05 13:22:34,0,0,3515,81559,119.27,32
2026-01-05 13:22:44,0,0,3515,81559,119.13,32
2026-01-05 13:22:54,0,0,3515,81559,165.59,33
2026-01-05 13:23:04,0,0,3515,81559,118.68,32
2026-01-05 13:23:14,0,0,3515,81559,118.83,32
2026-01-05 13:23:24,0,0,3515,81559,164.92,33
2026-01-05 13:23:34,0,0,3515,81559,120.08,33
2026-01-05 13:23:44,0,0,3515,81559,118.79,32
2026-01-05 13:23:54,0,0,3515,81559,120.12,33
2026-01-05 13:24:04,0,0,3515,81559,118.62,32
2026-01-05 13:24:14,0,0,3515,81559,118.59,32
2026-01-05 13:24:24,0,0,3515,81559,118.75,33
2026-01-05 13:24:34,0,0,3515,81559,118.86,32
2026-01-05 13:24:44,0,0,3515,81559,118.62,32
2026-01-05 13:24:55,0,0,3515,81559,120.15,33
2026-01-05 13:25:05,0,0,3515,81559,119.98,32
2026-01-05 13:25:15,0,0,3515,81559,119.08,32
2026-01-05 13:25:25,0,0,3515,81559,120.03,32
2026-01-05 13:25:35,0,0,3515,81559,118.93,32
2026-01-05 13:25:45,0,0,3515,81559,118.98,32
2026-01-05 13:25:55,0,0,3515,81559,118.55,32
2026-01-05 13:26:05,0,0,3515,81559,119.15,32
2026-01-05 13:26:15,0,0,3515,81559,118.61,32
2026-01-05 13:26:25,0,0,3515,81559,118.55,32
2026-01-05 13:26:35,0,0,3515,81559,119.05,32
2026-01-05 13:26:45,71,23,3515,81559,166.73,35
2026-01-05 13:26:55,0,0,3515,81559,119.97,32
2026-01-05 13:27:05,0,0,3515,81559,118.53,32
2026-01-05 13:27:15,0,0,3515,81559,165.72,34
2026-01-05 13:27:25,0,0,3515,81559,119.16,32
2026-01-05 13:27:35,0,0,3515,81559,118.57,32
2026-01-05 13:27:45,0,0,3515,81559,166.52,33
2026-01-05 13:27:55,0,0,3515,81559,118.81,32
2026-01-05 13:28:05,0,0,3515,81559,118.98,32
2026-01-05 13:28:15,0,0,3515,81559,163.04,33
2026-01-05 13:28:25,0,0,3515,81559,120.00,32
2026-01-05 13:28:35,0,0,3515,81559,119.96,32
2026-01-05 13:28:45,0,0,3515,81559,166.02,33
2026-01-05 13:28:55,0,0,3515,81559,118.00,32
2026-01-05 13:29:05,0,0,3515,81559,119.96,32
2026-01-05 13:29:16,0,0,3515,81559,164.18,33
2026-01-05 13:29:26,0,0,3515,81559,118.62,32
2026-01-05 13:29:36,0,0,3515,81559,120.09,32
2026-01-05 13:29:46,0,0,3515,81559,155.02,33
2026-01-05 13:29:56,0,0,3515,81559,118.58,33
2026-01-05 13:30:06,0,0,3515,81559,118.63,32
2026-01-05 13:30:16,0,0,3515,81559,118.77,33
2026-01-05 13:30:26,0,0,3515,81559,118.72,33
2026-01-05 13:30:36,0,0,3515,81559,118.66,32
2026-01-05 13:30:46,0,0,3515,81559,119.64,33
2026-01-05 13:30:56,0,0,3515,81559,118.69,33
2026-01-05 13:31:06,0,0,3515,81559,118.75,33
2026-01-05 13:31:16,0,0,3515,81559,120.12,33
2026-01-05 13:31:26,0,0,3515,81559,120.06,33
2026-01-05 13:31:36,0,0,3515,81559,120.12,33
2026-01-05 13:31:46,0,0,3515,81559,120.23,33
2026-01-05 13:31:56,0,0,3515,81559,120.10,33
2026-01-05 13:32:06,0,0,3515,81559,120.00,33
2026-01-05 13:32:16,0,0,3515,81559,118.09,33
2026-01-05 13:32:26,0,0,3515,81559,118.80,33
2026-01-05 13:32:36,0,0,3515,81559,166.23,33
2026-01-05 13:32:46,0,0,3515,81559,118.69,33
2026-01-05 13:32:59,0,0,3515,81559,166.56,34
2026-01-05 13:33:09,0,0,3515,81559,120.18,33
2026-01-05 13:33:19,0,0,3515,81559,120.11,33
2026-01-05 13:33:29,0,0,3515,81559,163.71,33
2026-01-05 13:33:39,0,0,3515,81559,118.01,33
2026-01-05 13:33:49,0,0,3515,81559,118.71,33
2026-01-05 13:33:59,0,0,3515,81559,164.05,33
2026-01-05 13:34:09,0,0,3515,81559,120.07,33
2026-01-05 13:34:19,0,0,3515,81559,118.63,32
2026-01-05 13:34:29,0,0,3515,81559,119.30,33
2026-01-05 13:34:39,0,0,3515,81559,120.11,33
2026-01-05 13:34:49,0,0,3515,81559,119.99,33
2026-01-05 13:34:59,0,0,3515,81559,118.92,33
2026-01-05 13:35:09,0,0,3515,81559,118.78,32
2026-01-05 13:35:19,0,0,3515,81559,118.73,32
2026-01-05 13:35:30,0,0,3515,81559,120.27,33
2026-01-05 13:35:40,0,0,3515,81559,118.69,33
2026-01-05 13:35:50,0,0,3515,81559,118.68,32
2026-01-05 13:36:00,0,0,3515,81559,120.21,33
2026-01-05 13:36:10,0,0,3515,81559,120.07,33
2026-01-05 13:36:20,0,0,3515,81559,118.82,32
2026-01-05 13:36:30,0,0,3515,81559,118.69,33
2026-01-05 13:36:40,0,0,3515,81559,118.66,32
2026-01-05 13:36:50,0,0,3515,81559,118.68,32
2026-01-05 13:37:00,0,0,3515,81559,119.74,33
2026-01-05 13:37:10,0,0,3515,81559,118.67,32
2026-01-05 13:37:20,0,0,3515,81559,118.87,32
2026-01-05 13:37:30,0,0,3515,81559,120.17,33
2026-01-05 13:37:40,0,0,3515,81559,118.85,32
2026-01-05 13:37:50,0,0,3515,81559,117.95,32
2026-01-05 13:38:00,0,0,3515,81559,118.61,32
2026-01-05 13:38:10,0,0,3515,81559,118.70,32
2026-01-05 13:38:20,0,0,3515,81559,121.83,39
2026-01-05 13:38:30,0,0,3515,81559,118.51,32
2026-01-05 13:38:40,0,0,3515,81559,118.66,32
2026-01-05 13:38:50,0,0,3515,81559,162.74,36
2026-01-05 13:39:00,0,0,3515,81559,118.68,33
2026-01-05 13:39:10,0,0,3515,81559,120.00,33
2026-01-05 13:39:20,0,0,3515,81559,151.18,39
2026-01-05 13:39:30,0,0,3515,81559,118.08,33
2026-01-05 13:39:40,0,0,3515,81559,119.44,33
2026-01-05 13:39:50,0,0,3515,81559,118.47,33
2026-01-05 13:40:00,0,0,3515,81559,119.04,33
2026-01-05 13:40:11,0,0,3515,81559,118.71,33
2026-01-05 13:40:21,0,0,3515,81559,163.62,34
2026-01-05 13:40:31,0,0,3515,81559,118.81,33
2026-01-05 13:40:41,0,0,3515,81559,119.15,33
2026-01-05 13:40:51,0,0,3515,81559,165.45,33
2026-01-05 13:41:01,0,0,3515,81559,118.05,33
2026-01-05 13:41:11,0,0,3515,81559,118.16,33
2026-01-05 13:41:21,0,0,3515,81559,164.31,33
2026-01-05 13:41:31,0,0,3515,81559,119.41,33
2026-01-05 13:41:41,0,0,3515,81559,118.56,33
2026-01-05 13:41:51,0,0,3515,81559,165.84,33
2026-01-05 13:42:01,0,0,3515,81559,120.15,33
2026-01-05 13:42:11,0,0,3515,81559,118.63,32
2026-01-05 13:42:21,0,0,3515,81559,164.73,33
2026-01-05 13:42:31,0,0,3515,81559,118.80,32
2026-01-05 13:42:41,0,0,3515,81559,118.57,32
2026-01-05 13:42:51,0,0,3515,81559,164.55,33
2026-01-05 13:43:01,0,0,3515,81559,118.79,33
2026-01-05 13:43:11,0,0,3515,81559,118.60,32
2026-01-05 13:43:21,0,0,3515,81559,164.41,33
2026-01-05 13:43:31,0,0,3515,81559,118.64,32
2026-01-05 13:43:41,0,0,3515,81559,118.64,32
2026-01-05 13:43:51,0,0,3515,81559,140.68,33
2026-01-05 13:44:01,0,0,3515,81559,117.96,32
2026-01-05 13:44:11,0,0,3515,81559,118.68,32
2026-01-05 13:44:21,0,0,3515,81559,120.25,33
2026-01-05 13:44:32,0,0,3515,81559,118.05,32
2026-01-05 13:44:42,0,0,3515,81559,120.01,33
2026-01-05 13:44:52,0,0,3515,81559,119.66,33
2026-01-05 13:45:02,0,0,3515,81559,118.72,32
2026-01-05 13:45:12,0,0,3515,81559,118.78,32
2026-01-05 13:45:22,0,0,3515,81559,118.93,33
2026-01-05 13:45:32,0,0,3515,81559,118.56,32
2026-01-05 13:45:42,0,0,3515,81559,119.91,32
2026-01-05 13:45:52,0,0,3515,81559,118.75,32
2026-01-05 13:46:02,0,0,3515,81559,118.60,32
2026-01-05 13:46:12,0,0,3515,81559,118.61,32
2026-01-05 13:46:22,0,0,3515,81559,119.32,32
2026-01-05 13:46:32,0,0,3515,81559,120.03,32
2026-01-05 13:46:42,0,0,3515,81559,120.10,32
2026-01-05 13:46:52,0,0,3515,81559,118.86,32
2026-01-05 13:47:02,0,0,3515,81559,118.58,32
2026-01-05 13:47:12,0,0,3515,81559,118.60,32
2026-01-05 13:47:22,0,0,3515,81559,118.61,32
2026-01-05 13:47:32,0,0,3515,81559,118.54,32
2026-01-05 13:47:42,0,0,3515,81559,118.88,32
2026-01-05 13:47:52,0,0,3515,81559,118.83,32
2026-01-05 13:48:02,0,0,3515,81559,118.72,32
2026-01-05 13:48:12,24,8,3515,81559,154.66,39
2026-01-05 13:48:22,0,0,3515,81559,118.69,32
2026-01-05 13:48:32,0,0,3515,81559,118.76,32
2026-01-05 13:48:42,78,26,3515,81559,165.83,35
2026-01-05 13:48:52,0,0,3515,81559,117.95,32
2026-01-05 13:49:02,0,0,3515,81559,118.64,32
2026-01-05 13:49:13,0,0,3515,81559,165.64,33
2026-01-05 13:49:23,0,0,3515,81559,120.09,33
2026-01-05 13:49:33,0,0,3515,81559,120.08,33
2026-01-05 13:49:43,0,0,3515,81559,165.35,33
2026-01-05 13:49:53,0,0,3515,81559,120.21,33
2026-01-05 13:50:03,0,0,3515,81559,119.26,33
2026-01-05 13:50:13,0,0,3515,81559,165.87,33
2026-01-05 13:50:23,0,0,3515,81559,119.10,33
2026-01-05 13:50:33,0,0,3515,81559,119.46,33
2026-01-05 13:50:43,0,0,3515,81559,165.24,33
2026-01-05 13:50:53,0,0,3515,81559,120.09,33
2026-01-05 13:51:03,0,0,3515,81559,120.20,33
2026-01-05 13:51:13,0,0,3515,81559,120.32,33
2026-01-05 13:51:23,0,0,3515,81559,120.02,33
2026-01-05 13:51:33,0,0,3515,81559,118.81,32
2026-01-05 13:51:43,0,0,3515,81559,119.00,33
2026-01-05 13:51:53,0,0,3515,81559,119.21,32
2026-01-05 13:52:03,0,0,3515,81559,119.89,32
2026-01-05 13:52:13,0,0,3515,81559,118.75,32
2026-01-05 13:52:23,0,0,3515,81559,119.40,32
2026-01-05 13:52:33,0,0,3515,81559,120.05,32
2026-01-05 13:52:43,0,0,3515,81559,119.65,33
2026-01-05 13:52:53,0,0,3515,81559,120.17,32
2026-01-05 13:53:03,0,0,3515,81559,119.96,32
2026-01-05 13:53:13,0,0,3515,81559,118.89,33
2026-01-05 13:53:23,0,0,3515,81559,120.06,33
2026-01-05 13:53:33,0,0,3515,81559,120.03,33
2026-01-05 13:53:43,0,0,3515,81559,118.92,33
2026-01-05 13:53:53,0,0,3515,81559,118.65,33
2026-01-05 13:54:04,0,0,3515,81559,120.09,33
2026-01-05 13:54:14,0,0,3515,81559,120.17,33
2026-01-05 13:54:24,0,0,3515,81559,118.69,33
2026-01-05 13:54:34,0,0,3515,81559,118.58,33
2026-01-05 13:54:44,0,0,3515,81559,118.78,33
2026-01-05 13:54:54,0,0,3515,81559,120.09,33
2026-01-05 13:55:04,0,0,3515,81559,118.11,32
2026-01-05 13:55:14,0,0,3515,81559,119.06,33
2026-01-05 13:55:24,0,0,3515,81559,118.67,33
2026-01-05 13:55:34,70,23,3515,81559,164.99,35
2026-01-05 13:55:44,0,0,3515,81559,118.64,33
2026-01-05 13:55:54,0,0,3515,81559,118.71,33
2026-01-05 13:56:04,28,9,3515,81559,164.64,35
2026-01-05 13:56:14,0,0,3515,81559,118.61,33
2026-01-05 13:56:24,0,0,3515,81559,118.65,32
2026-01-05 13:56:34,0,0,3515,81559,169.19,33
2026-01-05 13:56:44,0,0,3515,81559,119.13,32
2026-01-05 13:56:54,0,0,3515,81559,118.58,32
2026-01-05 13:57:04,0,0,3515,81559,163.55,33
2026-01-05 13:57:14,0,0,3515,81559,120.03,33
2026-01-05 13:57:24,0,0,3515,81559,119.99,33
2026-01-05 13:57:34,0,0,3515,81559,151.69,33
2026-01-05 13:57:44,0,0,3515,81559,118.70,32
2026-01-05 13:57:54,0,0,3515,81559,120.02,33
2026-01-05 13:58:04,0,0,3515,81559,120.09,33
2026-01-05 13:58:14,0,0,3515,81559,120.13,33
2026-01-05 13:58:24,0,0,3515,81559,120.15,33
2026-01-05 13:58:35,0,0,3515,81559,120.38,33
2026-01-05 13:58:45,0,0,3515,81559,120.11,33
2026-01-05 13:58:55,0,0,3515,81559,119.18,33
2026-01-05 13:59:05,0,0,3515,81559,118.90,33
2026-01-05 13:59:15,0,0,3515,81559,118.80,33
2026-01-05 13:59:25,0,0,3515,81559,118.06,33
2026-01-05 13:59:35,0,0,3515,81559,120.24,33
2026-01-05 13:59:45,0,0,3515,81559,120.17,33
2026-01-05 13:59:55,0,0,3515,81559,132.48,40
2026-01-05 14:00:05,0,0,3515,81559,120.16,33
2026-01-05 14:00:15,0,0,3515,81559,120.20,33
2026-01-05 14:00:25,0,0,3515,81559,167.40,36
2026-01-05 14:00:35,0,0,3515,81559,120.19,33
2026-01-05 14:00:45,0,0,3515,81559,119.15,33
2026-01-05 14:00:55,0,0,3515,81559,168.74,33
2026-01-05 14:01:05,0,0,3515,81559,120.21,33
2026-01-05 14:01:15,0,0,3515,81559,120.17,33
2026-01-05 14:01:25,0,0,3515,81559,166.76,34
2026-01-05 14:01:35,0,0,3515,81559,119.01,33
2026-01-05 14:01:45,0,0,3515,81559,118.69,33
2026-01-05 14:01:55,0,0,3515,81559,166.73,33
2026-01-05 14:02:05,0,0,3515,81559,120.25,33
2026-01-05 14:02:15,0,0,3515,81559,118.15,33
2026-01-05 14:02:25,0,0,3515,81559,165.98,33
2026-01-05 14:02:35,0,0,3515,81559,118.75,33
2026-01-05 14:02:45,0,0,3515,81559,118.68,33
2026-01-05 14:02:55,0,0,3515,81559,164.39,33
2026-01-05 14:03:05,0,0,3515,81559,120.09,33
2026-01-05 14:03:15,0,0,3515,81559,119.01,32
2026-01-05 14:03:25,0,0,3515,81559,118.95,33
2026-01-05 14:03:36,0,0,3515,81559,118.78,32
2026-01-05 14:03:46,0,0,3515,81559,120.08,33
2026-01-05 14:03:56,0,0,3515,81559,120.32,33
2026-01-05 14:04:06,0,0,3515,81559,120.13,33
2026-01-05 14:04:16,0,0,3515,81559,118.61,33
2026-01-05 14:04:26,0,0,3515,81559,118.82,33
2026-01-05 14:04:36,0,0,3515,81559,118.05,33
2026-01-05 14:04:46,0,0,3515,81559,118.05,33
2026-01-05 14:04:56,0,0,3515,81559,117.99,33
2026-01-05 14:05:06,0,0,3515,81559,118.74,33
2026-01-05 14:05:16,0,0,3515,81559,118.74,33
2026-01-05 14:05:26,0,0,3515,81559,118.65,33
2026-01-05 14:05:36,0,0,3515,81559,120.07,33
2026-01-05 14:05:46,100,33,3515,81559,165.25,38
2026-01-05 14:05:56,0,0,3515,81559,119.52,33
2026-01-05 14:06:06,0,0,3515,81559,118.88,33
2026-01-05 14:06:16,69,23,3515,81559,168.38,34
2026-01-05 14:06:26,0,0,3515,81559,120.16,33
2026-01-05 14:06:36,0,0,3515,81559,120.06,33
2026-01-05 14:06:46,0,0,3515,81559,165.60,33
2026-01-05 14:06:56,0,0,3515,81559,120.02,33
2026-01-05 14:07:06,0,0,3515,81559,118.69,33
2026-01-05 14:07:16,0,0,3515,81559,119.18,33
2026-01-05 14:07:26,0,0,3515,81559,118.78,33
2026-01-05 14:07:36,0,0,3515,81559,118.76,32
2026-01-05 14:07:46,0,0,3515,81559,118.92,33
2026-01-05 14:07:57,0,0,3515,81559,118.66,32
2026-01-05 14:08:07,0,0,3515,81559,118.59,32
2026-01-05 14:08:17,0,0,3515,81559,118.66,32
2026-01-05 14:08:27,0,0,3515,81559,118.52,32
2026-01-05 14:08:37,0,0,3515,81559,120.00,32
2026-01-05 14:08:47,0,0,3515,81559,120.01,33
2026-01-05 14:08:57,0,0,3515,81559,120.07,33
2026-01-05 14:09:07,0,0,3515,81559,120.06,33
2026-01-05 14:09:17,0,0,3515,81559,118.07,33
2026-01-05 14:09:27,0,0,3515,81559,118.69,33
2026-01-05 14:09:37,0,0,3515,81559,118.70,33
2026-01-05 14:09:47,0,0,3515,81559,120.18,33
2026-01-05 14:09:57,0,0,3515,81559,118.77,33
2026-01-05 14:10:07,0,0,3515,81559,118.88,33
2026-01-05 14:10:17,0,0,3515,81559,120.15,33
2026-01-05 14:10:27,0,0,3515,81559,118.88,33
2026-01-05 14:10:37,0,0,3515,81559,118.94,33
2026-01-05 14:10:47,0,0,3515,81559,120.22,33
2026-01-05 14:10:57,0,0,3515,81559,120.13,33
2026-01-05 14:11:07,0,0,3515,81559,118.67,33
2026-01-05 14:11:17,0,0,3515,81559,119.41,33
2026-01-05 14:11:27,0,0,3515,81559,118.75,33
2026-01-05 14:11:37,0,0,3515,81559,164.66,34
2026-01-05 14:11:48,0,0,3515,81559,120.16,33
2026-01-05 14:11:58,0,0,3515,81559,120.07,33
2026-01-05 14:12:08,0,0,3515,81559,166.12,33
2026-01-05 14:12:18,0,0,3515,81559,118.01,33
2026-01-05 14:12:28,0,0,3515,81559,120.12,33
2026-01-05 14:12:38,0,0,3515,81559,165.14,33
2026-01-05 14:12:48,0,0,3515,81559,118.79,33
2026-01-05 14:12:58,0,0,3515,81559,118.74,33
2026-01-05 14:13:08,0,0,3515,81559,165.77,33
2026-01-05 14:13:18,0,0,3515,81559,119.44,33
2026-01-05 14:13:28,0,0,3515,81559,120.07,33
2026-01-05 14:13:38,0,0,3515,81559,166.66,33
2026-01-05 14:13:48,0,0,3515,81559,120.19,33
2026-01-05 14:13:58,0,0,3515,81559,118.86,33
2026-01-05 14:14:08,0,0,3515,81559,118.38,33
2026-01-05 14:14:18,0,0,3515,81559,118.75,33
2026-01-05 14:14:28,0,0,3515,81559,118.88,33
2026-01-05 14:14:38,0,0,3515,81559,118.21,33
2026-01-05 14:14:48,0,0,3515,81559,118.73,33
2026-01-05 14:14:58,0,0,3515,81559,120.15,33
2026-01-05 14:15:08,0,0,3515,81559,119.57,33
2026-01-05 14:15:18,0,0,3515,81559,120.09,33
2026-01-05 14:15:28,0,0,3515,81559,118.08,32
2026-01-05 14:15:38,0,0,3515,81559,118.78,33
2026-01-05 14:15:48,0,0,3515,81559,118.95,33
2026-01-05 14:15:58,0,0,3515,81559,118.71,33
2026-01-05 14:16:08,0,0,3515,81559,118.23,33
2026-01-05 14:16:18,0,0,3515,81559,122.43,33
2026-01-05 14:16:28,0,0,3515,81559,118.68,32
2026-01-05 14:16:38,0,0,3515,81559,118.69,32
2026-01-05 14:16:49,0,0,3515,81559,118.73,32
2026-01-05 14:16:59,0,0,3515,81559,118.80,39
2026-01-05 14:17:09,0,0,3515,81559,119.00,32
2026-01-05 14:17:19,0,0,3515,81559,119.03,32
2026-01-05 14:17:29,0,0,3515,81559,161.77,34
2026-01-05 14:17:39,0,0,3515,81559,118.54,32
2026-01-05 14:17:49,0,0,3515,81559,118.38,32
2026-01-05 14:17:59,0,0,3515,81559,164.79,33
2026-01-05 14:18:09,0,0,3515,81559,119.93,32
2026-01-05 14:18:19,0,0,3515,81559,119.91,32
2026-01-05 14:18:29,0,0,3515,81559,167.86,32
2026-01-05 14:18:39,0,0,3515,81559,118.49,32
2026-01-05 14:18:49,0,0,3515,81559,118.43,32
2026-01-05 14:18:59,0,0,3515,81559,167.02,32
2026-01-05 14:19:09,0,0,3515,81559,118.60,32
2026-01-05 14:19:19,0,0,3515,81559,118.55,32
2026-01-05 14:19:29,0,0,3515,81559,164.60,32
2026-01-05 14:19:39,0,0,3515,81559,119.71,32
2026-01-05 14:19:49,0,0,3515,81559,118.69,32
2026-01-05 14:20:00,0,0,3515,81559,164.78,32
2026-01-05 14:20:10,0,0,3515,81559,118.68,32
2026-01-05 14:20:20,0,0,3515,81559,117.87,32
2026-01-05 14:20:30,0,0,3515,81559,152.25,32
2026-01-05 14:20:40,0,0,3515,81559,119.97,32
2026-01-05 14:20:50,0,0,3515,81559,119.87,32
2026-01-05 14:21:00,0,0,3515,81559,120.16,32
2026-01-05 14:21:10,0,0,3515,81559,119.22,32
2026-01-05 14:21:20,0,0,3515,81559,118.54,32
2026-01-05 14:21:30,0,0,3515,81559,127.58,33
2026-01-05 14:21:40,0,0,3515,81559,118.60,32
2026-01-05 14:21:50,0,0,3515,81559,118.65,32
2026-01-05 14:22:00,0,0,3515,81559,120.13,33
2026-01-05 14:22:10,0,0,3515,81559,118.61,32
2026-01-05 14:22:20,0,0,3515,81559,118.65,32
2026-01-05 14:22:30,0,0,3515,81559,119.98,33
2026-01-05 14:22:40,0,0,3515,81559,118.60,32
2026-01-05 14:22:50,0,0,3515,81559,117.85,32
2026-01-05 14:23:00,0,0,3515,81559,118.80,32
2026-01-05 14:23:10,0,0,3515,81559,118.67,32
2026-01-05 14:23:20,0,0,3515,81559,118.58,32
2026-01-05 14:23:31,0,0,3515,81559,118.09,32
2026-01-05 14:23:41,0,0,3515,81559,118.01,32
2026-01-05 14:23:51,0,0,3515,81559,119.97,32
2026-01-05 14:24:01,0,0,3515,81559,118.55,32
2026-01-05 14:24:11,0,0,3515,81559,118.79,32
2026-01-05 14:24:21,0,0,3515,81559,118.57,32
2026-01-05 14:24:31,0,0,3515,81559,118.61,32
2026-01-05 14:24:41,0,0,3515,81559,117.96,32
2026-01-05 14:24:51,0,0,3515,81559,118.64,32
2026-01-05 14:25:01,0,0,3515,81559,118.02,32
2026-01-05 14:25:11,0,0,3515,81559,118.71,32
2026-01-05 14:25:21,0,0,3515,81559,131.12,38
2026-01-05 14:25:31,0,0,3515,81559,118.65,32
2026-01-05 14:25:41,0,0,3515,81559,117.90,32
2026-01-05 14:25:51,0,0,3515,81559,164.34,33
2026-01-05 14:26:01,0,0,3515,81559,118.65,32
2026-01-05 14:26:11,0,0,3515,81559,118.92,32
2026-01-05 14:26:21,0,0,3515,81559,145.19,33
2026-01-05 14:26:31,0,0,3515,81559,119.20,33
2026-01-05 14:26:41,0,0,3515,81559,119.08,33
2026-01-05 14:26:51,0,0,3515,81559,152.68,33
2026-01-05 14:27:01,0,0,3515,81559,118.54,33
2026-01-05 14:27:11,0,0,3515,81559,118.62,32
2026-01-05 14:27:21,0,0,3515,81559,166.20,33
2026-01-05 14:27:32,0,0,3515,81559,120.05,33
2026-01-05 14:27:42,0,0,3515,81559,120.03,33
2026-01-05 14:27:52,0,0,3515,81559,164.28,33
2026-01-05 14:28:02,0,0,3515,81559,119.89,33
2026-01-05 14:28:12,0,0,3515,81559,120.04,32
2026-01-05 14:28:22,0,0,3515,81559,165.36,33
2026-01-05 14:28:32,0,0,3515,81559,120.05,33
2026-01-05 14:28:42,0,0,3515,81559,120.03,32
2026-01-05 14:28:52,0,0,3515,81559,120.26,33
2026-01-05 14:29:02,0,0,3515,81559,118.56,32
2026-01-05 14:29:12,0,0,3515,81559,118.60,32
2026-01-05 14:29:22,0,0,3515,81559,118.83,32
2026-01-05 14:29:32,0,0,3515,81559,118.57,32
2026-01-05 14:29:42,0,0,3515,81559,119.97,32
2026-01-05 14:29:52,0,0,3515,81559,119.86,32
2026-01-05 14:30:02,0,0,3515,81559,118.53,32
2026-01-05 14:30:12,0,0,3515,81559,118.67,32
2026-01-05 14:30:22,0,0,3515,81559,118.77,32
2026-01-05 14:30:32,0,0,3515,81559,119.53,32
2026-01-05 14:30:42,0,0,3515,81559,118.75,32
2026-01-05 14:30:52,0,0,3515,81559,119.74,33
2026-01-05 14:31:02,0,0,3515,81559,120.12,33
2026-01-05 14:31:12,0,0,3515,81559,120.08,33
2026-01-05 14:31:23,0,0,3515,81559,120.14,33
2026-01-05 14:31:33,0,0,3515,81559,120.08,33
2026-01-05 14:31:43,0,0,3515,81559,118.88,33
2026-01-05 14:31:53,0,0,3515,81559,118.77,33
2026-01-05 14:32:03,0,0,3515,81559,118.74,33
2026-01-05 14:32:13,0,0,3515,81559,118.64,33
2026-01-05 14:32:23,0,0,3515,81559,120.16,33
2026-01-05 14:32:33,0,0,3515,81559,120.06,33
2026-01-05 14:32:43,0,0,3515,81559,118.72,32
2026-01-05 14:32:53,0,0,3515,81559,119.31,33
2026-01-05 14:33:03,0,0,3515,81559,119.45,33
2026-01-05 14:33:13,0,0,3515,81559,118.00,32
2026-01-05 14:33:23,0,0,3515,81559,118.02,32
2026-01-05 14:33:33,0,0,3515,81559,118.06,32
2026-01-05 14:33:43,0,0,3515,81559,165.82,34
2026-01-05 14:33:53,0,0,3515,81559,118.63,32
2026-01-05 14:34:03,0,0,3515,81559,117.86,32
2026-01-05 14:34:13,0,0,3515,81559,162.31,33
2026-01-05 14:34:23,0,0,3515,81559,118.76,32
2026-01-05 14:34:33,0,0,3515,81559,118.48,32
2026-01-05 14:34:43,0,0,3515,81559,166.49,33
2026-01-05 14:34:53,0,0,3515,81559,118.88,32
2026-01-05 14:35:04,0,0,3515,81559,120.00,32
2026-01-05 14:35:14,0,0,3515,81559,166.62,33
2026-01-05 14:35:24,0,0,3515,81559,118.66,32
2026-01-05 14:35:34,0,0,3515,81559,118.61,32
2026-01-05 14:35:44,0,0,3515,81559,153.86,33
2026-01-05 14:35:54,0,0,3515,81559,119.52,32
2026-01-05 14:36:04,0,0,3515,81559,120.05,32
2026-01-05 14:36:14,0,0,3515,81559,119.21,33
2026-01-05 14:36:24,0,0,3515,81559,118.74,32
2026-01-05 14:36:34,0,0,3515,81559,118.81,32
2026-01-05 14:36:44,0,0,3515,81559,118.73,33
2026-01-05 14:36:54,0,0,3515,81559,118.64,32
2026-01-05 14:37:04,0,0,3515,81559,118.64,32
2026-01-05 14:37:14,0,0,3515,81559,120.15,33
2026-01-05 14:37:24,0,0,3515,81559,118.78,32
2026-01-05 14:37:34,0,0,3515,81559,118.62,32
2026-01-05 14:37:44,0,0,3515,81559,118.72,32
2026-01-05 14:37:54,0,0,3515,81559,118.83,32
2026-01-05 14:38:04,30,10,3515,81559,164.22,35
2026-01-05 14:38:14,0,0,3515,81559,118.60,32
2026-01-05 14:38:24,0,0,3515,81559,118.61,32
2026-01-05 14:38:34,0,0,3515,81559,163.16,33
2026-01-05 14:38:44,0,0,3515,81559,118.54,32
2026-01-05 14:38:54,0,0,3515,81559,118.52,32
2026-01-05 14:39:04,0,0,3515,81559,118.98,32
2026-01-05 14:39:14,0,0,3515,81559,120.01,32
2026-01-05 14:39:25,0,0,3515,81559,119.18,32
2026-01-05 14:39:35,0,0,3515,81559,118.91,32
2026-01-05 14:39:45,0,0,3515,81559,119.98,32
2026-01-05 14:39:55,0,0,3515,81559,120.02,32
2026-01-05 14:40:05,0,0,3515,81559,119.48,33
2026-01-05 14:40:15,0,0,3515,81559,119.06,32
2026-01-05 14:40:25,0,0,3515,81559,120.12,32
2026-01-05 14:40:35,0,0,3515,81559,118.67,33
2026-01-05 14:40:45,0,0,3515,81559,119.12,32
2026-01-05 14:40:55,0,0,3515,81559,118.66,32
2026-01-05 14:41:05,0,0,3515,81559,118.89,32
2026-01-05 14:41:15,0,0,3515,81559,118.78,32
2026-01-05 14:41:25,0,0,3515,81559,120.02,33
2026-01-05 14:41:35,0,0,3515,81559,120.20,33
2026-01-05 14:41:45,0,0,3515,81559,119.48,33
2026-01-05 14:41:55,15,5,3515,81559,161.41,34
2026-01-05 14:42:05,0,0,3515,81559,118.68,33
2026-01-05 14:42:15,0,0,3515,81559,118.70,33
2026-01-05 14:42:25,0,0,3515,81559,165.81,34
2026-01-05 14:42:35,0,0,3515,81559,118.72,33
2026-01-05 14:42:45,0,0,3515,81559,118.90,33
2026-01-05 14:42:55,0,0,3515,81559,164.37,33
2026-01-05 14:43:05,0,0,3515,81559,118.70,33
2026-01-05 14:43:16,0,0,3515,81559,118.82,32
2026-01-05 14:43:26,0,0,3515,81559,163.93,33
2026-01-05 14:43:36,0,0,3515,81559,118.84,32
2026-01-05 14:43:46,0,0,3515,81559,120.09,33
2026-01-05 14:43:56,0,0,3515,81559,166.13,33
2026-01-05 14:44:06,0,0,3515,81559,118.63,32
2026-01-05 14:44:16,0,0,3515,81559,120.05,33
2026-01-05 14:44:26,0,0,3515,81559,123.94,33
2026-01-05 14:44:36,0,0,3515,81559,118.66,32
2026-01-05 14:44:46,0,0,3515,81559,118.73,32
2026-01-05 14:44:56,0,0,3515,81559,165.03,33
2026-01-05 14:45:06,0,0,3515,81559,120.04,33
2026-01-05 14:45:16,0,0,3515,81559,120.03,33
2026-01-05 14:45:26,0,0,3515,81559,166.03,33
2026-01-05 14:45:36,0,0,3515,81559,120.06,33
2026-01-05 14:45:46,0,0,3515,81559,118.65,33
2026-01-05 14:45:56,0,0,3515,81559,120.28,33
2026-01-05 14:46:06,0,0,3515,81559,118.95,33
2026-01-05 14:46:16,0,0,3515,81559,120.02,33
2026-01-05 14:46:26,0,0,3515,81559,119.73,33
2026-01-05 14:46:36,0,0,3515,81559,120.11,33
2026-01-05 14:46:46,0,0,3515,81559,118.63,33
2026-01-05 14:46:56,0,0,3515,81559,119.02,33
2026-01-05 14:47:06,0,0,3515,81559,118.68,33
2026-01-05 14:47:16,0,0,3515,81559,119.03,33
2026-01-05 14:47:26,0,0,3515,81559,119.04,33
2026-01-05 14:47:36,0,0,3515,81559,118.64,33
2026-01-05 14:47:46,0,0,3515,81559,118.11,32
2026-01-05 14:47:57,0,0,3515,81559,118.94,33
2026-01-05 14:48:07,0,0,3515,81559,118.99,32
2026-01-05 14:48:17,0,0,3515,81559,120.03,32
2026-01-05 14:48:27,0,0,3515,81559,120.10,33
2026-01-05 14:48:37,0,0,3515,81559,118.63,32
2026-01-05 14:48:47,0,0,3515,81559,119.80,32
2026-01-05 14:48:57,0,0,3515,81559,118.81,32
2026-01-05 14:49:07,0,0,3515,81559,118.66,32
2026-01-05 14:49:17,0,0,3515,81559,118.73,32
2026-01-05 14:49:27,0,0,3515,81559,118.72,32
2026-01-05 14:49:37,0,0,3515,81559,118.71,32
2026-01-05 14:49:47,0,0,3515,81559,118.65,32
2026-01-05 14:49:57,0,0,3515,81559,118.00,32
2026-01-05 14:50:07,0,0,3515,81559,118.57,32
2026-01-05 14:50:17,0,0,3515,81559,119.15,32
2026-01-05 14:50:27,0,0,3515,81559,118.48,32
2026-01-05 14:50:37,0,0,3515,81559,119.89,32
2026-01-05 14:50:47,0,0,3515,81559,141.69,39
2026-01-05 14:50:57,0,0,3515,81559,118.98,32
2026-01-05 14:51:07,0,0,3515,81559,118.73,32
2026-01-05 14:51:17,0,0,3515,81559,163.78,33
2026-01-05 14:51:27,0,0,3515,81559,119.99,32
2026-01-05 14:51:38,0,0,3515,81559,119.98,32
2026-01-05 14:51:48,0,0,3515,81559,119.56,32
2026-01-05 14:51:58,0,0,3515,81559,118.75,32
2026-01-05 14:52:08,0,0,3515,81559,118.62,32
2026-01-05 14:52:18,0,0,3515,81559,119.54,32
2026-01-05 14:52:28,0,0,3515,81559,118.67,32
2026-01-05 14:52:38,0,0,3515,81559,119.96,32
2026-01-05 14:52:48,0,0,3515,81559,119.52,32
2026-01-05 14:52:58,0,0,3515,81559,119.29,32
2026-01-05 14:53:08,0,0,3515,81559,135.95,40
2026-01-05 14:53:18,0,0,3515,81559,118.72,32
2026-01-05 14:53:28,0,0,3515,81559,118.63,32
2026-01-05 14:53:39,0,0,3515,81559,164.35,33
2026-01-05 14:53:49,0,0,3515,81559,119.06,32
2026-01-05 14:53:59,0,0,3515,81559,118.54,32
2026-01-05 14:54:09,0,0,3515,81559,165.82,33
2026-01-05 14:54:19,0,0,3515,81559,119.77,32
2026-01-05 14:54:29,0,0,3515,81559,118.52,32
2026-01-05 14:54:39,0,0,3515,81559,164.32,32
2026-01-05 14:54:49,0,0,3515,81559,118.48,32
2026-01-05 14:54:59,0,0,3515,81559,118.45,32
2026-01-05 14:55:09,0,0,3515,81559,119.10,32
2026-01-05 14:55:19,0,0,3515,81559,119.94,32
2026-01-05 14:55:29,0,0,3515,81559,118.97,32
2026-01-05 14:55:39,0,0,3515,81559,119.70,32
2026-01-05 14:55:49,0,0,3515,81559,118.59,32
2026-01-05 14:55:59,0,0,3515,81559,118.46,32
2026-01-05 14:56:09,0,0,3515,81559,119.28,32
2026-01-05 14:56:19,0,0,3515,81559,118.96,32
2026-01-05 14:56:29,0,0,3515,81559,120.02,32
2026-01-05 14:56:39,0,0,3515,81559,118.76,32
2026-01-05 14:56:49,0,0,3515,81559,118.64,32
2026-01-05 14:56:59,21,7,3515,81559,162.70,34
2026-01-05 14:57:09,0,0,3515,81559,120.04,32
2026-01-05 14:57:19,0,0,3515,81559,120.06,32
2026-01-05 14:57:29,0,0,3515,81559,166.22,33
2026-01-05 14:57:40,0,0,3515,81559,118.83,32
2026-01-05 14:57:50,0,0,3515,81559,119.37,32
2026-01-05 14:58:00,0,0,3515,81559,165.73,33
2026-01-05 14:58:10,0,0,3515,81559,119.18,32
2026-01-05 14:58:20,0,0,3515,81559,119.25,32
2026-01-05 14:58:30,0,0,3515,81559,152.19,33
2026-01-05 14:58:40,0,0,3515,81559,119.24,32
2026-01-05 14:58:50,0,0,3515,81559,119.15,32
2026-01-05 14:59:00,0,0,3515,81559,120.14,32
2026-01-05 14:59:10,0,0,3515,81559,120.02,32
2026-01-05 14:59:20,0,0,3515,81559,119.01,32
2026-01-05 14:59:30,0,0,3515,81559,118.89,32
2026-01-05 14:59:40,0,0,3515,81559,118.62,32
2026-01-05 14:59:50,0,0,3515,81559,119.93,32
2026-01-05 15:00:00,0,0,3515,81559,119.85,32
2026-01-05 15:00:10,0,0,3515,81559,118.69,32
2026-01-05 15:00:20,0,0,3515,81559,131.50,37
2026-01-05 15:00:30,0,0,3515,81559,118.71,32
2026-01-05 15:00:40,0,0,3515,81559,119.50,32
2026-01-05 15:00:50,0,0,3515,81559,163.92,33
2026-01-05 15:01:00,0,0,3515,81559,118.55,32
2026-01-05 15:01:10,0,0,3515,81559,118.57,32
2026-01-05 15:01:20,0,0,3515,81559,163.60,33
2026-01-05 15:01:30,0,0,3515,81559,119.00,32
2026-01-05 15:01:41,0,0,3515,81559,118.93,32
2026-01-05 15:01:51,0,0,3515,81559,146.01,33
2026-01-05 15:02:01,0,0,3515,81559,118.62,32
2026-01-05 15:02:11,0,0,3515,81559,118.75,32
2026-01-05 15:02:21,0,0,3515,81559,121.03,33
2026-01-05 15:02:31,0,0,3515,81559,119.00,32
2026-01-05 15:02:41,0,0,3515,81559,118.03,32
2026-01-05 15:02:51,0,0,3515,81559,119.03,33
2026-01-05 15:03:01,0,0,3515,81559,118.68,32
2026-01-05 15:03:11,0,0,3515,81559,120.14,32
2026-01-05 15:03:21,0,0,3515,81559,120.13,33
2026-01-05 15:03:31,0,0,3515,81559,120.01,33
2026-01-05 15:03:41,0,0,3515,81559,120.06,33
2026-01-05 15:03:51,0,0,3515,81559,120.06,33
2026-01-05 15:04:01,0,0,3515,81559,118.81,32
2026-01-05 15:04:11,0,0,3515,81559,118.86,32
2026-01-05 15:04:21,0,0,3515,81559,120.02,33
2026-01-05 15:04:31,0,0,3515,81559,118.72,33
2026-01-05 15:04:41,0,0,3515,81559,118.00,32
2026-01-05 15:04:51,0,0,3515,81559,118.73,33
2026-01-05 15:05:01,0,0,3515,81559,118.76,32
2026-01-05 15:05:11,0,0,3515,81559,118.80,34
2026-01-05 15:05:21,0,0,3515,81559,120.09,33
2026-01-05 15:05:31,0,0,3515,81559,120.00,33
2026-01-05 15:05:42,0,0,3515,81559,167.54,33
2026-01-05 15:05:52,0,0,3515,81559,120.04,33
2026-01-05 15:06:02,0,0,3515,81559,119.69,33
2026-01-05 15:06:12,0,0,3515,81559,120.34,33
2026-01-05 15:06:22,0,0,3515,81559,118.82,32
2026-01-05 15:06:32,0,0,3515,81559,118.70,32
2026-01-05 15:06:42,0,0,3515,81559,119.57,33
2026-01-05 15:06:52,0,0,3515,81559,118.58,32
2026-01-05 15:07:02,0,0,3515,81559,118.81,32
2026-01-05 15:07:12,0,0,3515,81559,118.83,32
2026-01-05 15:07:22,0,0,3515,81559,118.55,32
2026-01-05 15:07:32,0,0,3515,81559,120.05,32
2026-01-05 15:07:42,0,0,3515,81559,119.39,32
2026-01-05 15:07:52,0,0,3515,81559,118.51,32
2026-01-05 15:08:02,0,0,3515,81559,164.60,33
2026-01-05 15:08:12,0,0,3515,81559,118.62,32
2026-01-05 15:08:22,0,0,3515,81559,118.58,32
2026-01-05 15:08:32,0,0,3515,81559,166.67,33
2026-01-05 15:08:42,0,0,3515,81559,118.63,32
2026-01-05 15:08:52,0,0,3515,81559,118.97,32
2026-01-05 15:09:02,0,0,3515,81559,164.94,32
2026-01-05 15:09:12,0,0,3515,81559,118.52,32
2026-01-05 15:09:22,0,0,3515,81559,119.98,32
2026-01-05 15:09:32,0,0,3515,81559,120.09,32
2026-01-05 15:09:42,0,0,3515,81559,117.89,32
2026-01-05 15:09:53,0,0,3515,81559,119.94,32
2026-01-05 15:10:03,0,0,3515,81559,119.43,32
2026-01-05 15:10:13,0,0,3515,81559,120.04,32
2026-01-05 15:10:23,0,0,3515,81559,117.91,32
2026-01-05 15:10:33,0,0,3515,81559,118.57,32
2026-01-05 15:10:43,0,0,3515,81559,118.68,32
2026-01-05 15:10:53,0,0,3515,81559,162.46,34
2026-01-05 15:11:03,0,0,3515,81559,119.94,32
2026-01-05 15:11:13,0,0,3515,81559,118.65,32
2026-01-05 15:11:23,0,0,3515,81559,163.58,33
2026-01-05 15:11:33,0,0,3515,81559,117.98,32
2026-01-05 15:11:43,0,0,3515,81559,118.56,32
2026-01-05 15:11:53,0,0,3515,81559,161.57,33
2026-01-05 15:12:03,0,0,3515,81559,119.96,32
2026-01-05 15:12:13,0,0,3515,81559,119.98,32
2026-01-05 15:12:23,0,0,3515,81559,163.89,33
2026-01-05 15:12:33,0,0,3515,81559,119.98,32
2026-01-05 15:12:43,0,0,3515,81559,119.94,32
2026-01-05 15:12:53,0,0,3515,81559,131.93,32
2026-01-05 15:13:03,0,0,3515,81559,119.92,32
2026-01-05 15:13:13,0,0,3515,81559,118.54,32
2026-01-05 15:13:23,0,0,3515,81559,128.96,32
2026-01-05 15:13:33,0,0,3515,81559,118.51,32
2026-01-05 15:13:43,0,0,3515,81559,119.99,32
2026-01-05 15:13:54,0,0,3515,81559,130.40,32
2026-01-05 15:14:04,0,0,3515,81559,119.33,32
2026-01-05 15:14:14,0,0,3515,81559,119.94,32
2026-01-05 15:14:24,0,0,3515,81559,130.01,32
2026-01-05 15:14:34,0,0,3515,81559,120.00,32
2026-01-05 15:14:44,0,0,3515,81559,118.71,32
2026-01-05 15:14:54,0,0,3515,81559,130.62,32
2026-01-05 15:15:04,0,0,3515,81559,118.43,32
2026-01-05 15:15:14,0,0,3515,81559,136.14,40
2026-01-05 15:15:24,0,0,3515,81559,129.74,32
2026-01-05 15:15:34,0,0,3515,81559,119.29,32
2026-01-05 15:15:44,0,0,3515,81559,153.57,33
2026-01-05 15:15:54,0,0,3515,81559,122.03,32
2026-01-05 15:16:04,0,0,3515,81559,119.04,32
2026-01-05 15:16:14,0,0,3515,81559,119.91,32
2026-01-05 15:16:24,0,0,3515,81559,119.32,32
2026-01-05 15:16:34,0,0,3515,81559,119.94,32
2026-01-05 15:16:44,0,0,3515,81559,120.06,32
2026-01-05 15:16:54,0,0,3515,81559,119.17,32
2026-01-05 15:17:04,0,0,3515,81559,120.03,32
2026-01-05 15:17:14,0,0,3515,81559,119.99,32
2026-01-05 15:17:24,0,0,3515,81559,119.95,32
2026-01-05 15:17:34,0,0,3515,81559,118.67,32
2026-01-05 15:17:44,0,0,3515,81559,118.52,32
2026-01-05 15:17:54,0,0,3515,81559,119.86,32
2026-01-05 15:18:05,0,0,3515,81559,119.95,32
2026-01-05 15:18:15,30,10,3515,81559,130.83,33
2026-01-05 15:18:25,0,0,3515,81559,119.91,32
2026-01-05 15:18:35,0,0,3515,81559,118.61,32
2026-01-05 15:18:45,0,0,3515,81559,130.10,32
2026-01-05 15:18:55,0,0,3515,81559,119.30,32
2026-01-05 15:19:05,0,0,3515,81559,119.26,32
2026-01-05 15:19:15,0,0,3515,81559,131.28,32
2026-01-05 15:19:25,0,0,3515,81559,119.99,32
2026-01-05 15:19:35,40,13,3515,81559,143.71,39
2026-01-05 15:19:45,0,0,3515,81559,119.94,32
2026-01-05 15:19:55,0,0,3515,81559,119.94,32
2026-01-05 15:20:05,18,6,3515,81559,152.49,33
2026-01-05 15:20:15,0,0,3515,81559,118.51,32
2026-01-05 15:20:25,0,0,3515,81559,118.41,32
2026-01-05 15:20:35,0,0,3515,81559,151.43,33
2026-01-05 15:20:45,0,0,3515,81559,119.91,32
2026-01-05 15:20:55,0,0,3515,81559,119.95,32
2026-01-05 15:21:05,0,0,3515,81559,152.85,32
2026-01-05 15:21:15,0,0,3515,81559,118.58,32
2026-01-05 15:21:25,0,0,3515,81559,119.98,32
2026-01-05 15:21:35,0,0,3515,81559,148.93,33
2026-01-05 15:21:46,0,0,3515,81559,119.29,32
2026-01-05 15:21:56,0,0,3515,81559,119.86,32
2026-01-05 15:22:06,0,0,3515,81559,130.64,32
2026-01-05 15:22:16,0,0,3515,81559,119.88,32
2026-01-05 15:22:26,0,0,3515,81559,120.02,32
2026-01-05 15:22:36,0,0,3515,81559,130.73,32
2026-01-05 15:22:46,0,0,3515,81559,119.28,32
2026-01-05 15:22:56,0,0,3515,81559,130.44,32
2026-01-05 15:23:06,0,0,3515,81559,122.66,32
2026-01-05 15:23:16,0,0,3515,81559,119.34,32
2026-01-05 15:23:26,0,0,3515,81559,153.99,39
2026-01-05 15:23:36,0,0,3515,81559,119.96,32
2026-01-05 15:23:46,0,0,3515,81559,119.80,32
2026-01-05 15:23:56,0,0,3515,81559,153.92,33
2026-01-05 15:24:06,0,0,3515,81559,119.90,32
2026-01-05 15:24:16,0,0,3515,81559,119.89,32
2026-01-05 15:24:26,0,0,3515,81559,152.32,32
2026-01-05 15:24:36,0,0,3515,81559,118.56,32
2026-01-05 15:24:46,0,0,3515,81559,119.81,32
2026-01-05 15:24:56,0,0,3515,81559,143.36,32
2026-01-05 15:25:06,0,0,3515,81559,119.18,32
2026-01-05 15:25:16,0,0,3515,81559,119.79,32
2026-01-05 15:25:26,0,0,3515,81559,119.31,34
2026-01-05 15:25:36,0,0,3515,81559,118.53,32
2026-01-05 15:25:47,0,0,3515,81559,118.34,32
2026-01-05 15:25:57,0,0,3515,81559,129.52,32
2026-01-05 15:26:07,0,0,3515,81559,119.75,32
2026-01-05 15:26:17,0,0,3515,81559,119.77,32
2026-01-05 15:26:27,30,10,3515,81559,131.29,33
2026-01-05 15:26:37,0,0,3515,81559,119.63,32
2026-01-05 15:26:47,0,0,3515,81559,119.05,32
2026-01-05 15:26:57,26,9,3515,81559,131.49,33
2026-01-05 15:27:07,0,0,3515,81559,119.19,32
2026-01-05 15:27:17,0,0,3515,81559,119.88,32
2026-01-05 15:27:27,0,0,3515,81559,130.75,32
2026-01-05 15:27:37,0,0,3515,81559,118.94,32
2026-01-05 15:27:47,57,19,3515,81559,154.86,33
2026-01-05 15:27:57,0,0,3515,81559,131.80,32
2026-01-05 15:28:07,0,0,3515,81559,118.37,32
2026-01-05 15:28:17,16,6,3515,81559,151.40,33
2026-01-05 15:28:27,0,0,3515,81559,131.91,32
2026-01-05 15:28:37,0,0,3515,81559,119.70,32
2026-01-05 15:28:47,0,0,3515,81559,138.51,38
2026-01-05 15:28:57,0,0,3515,81559,131.76,32
2026-01-05 15:29:07,0,0,3515,81559,119.09,32
2026-01-05 15:29:17,0,0,3515,81559,152.74,32
2026-01-05 15:29:27,0,0,3515,81559,130.70,32
2026-01-05 15:29:37,0,0,3515,81559,119.71,32
2026-01-05 15:29:47,0,0,3515,81559,119.76,32
2026-01-05 15:29:57,0,0,3515,81559,133.01,32
2026-01-05 15:30:07,0,0,3515,81559,119.83,32
2026-01-05 15:30:17,0,0,3515,81559,119.24,32
2026-01-05 15:30:28,0,0,3515,81559,118.54,32
2026-01-05 15:30:38,0,0,3515,81559,119.87,32
2026-01-05 15:30:48,0,0,3515,81559,118.85,32
2026-01-05 15:30:58,0,0,3515,81559,119.73,32
2026-01-05 15:31:08,0,0,3515,81559,119.92,32
2026-01-05 15:31:18,0,0,3515,81559,118.49,32
2026-01-05 15:31:28,0,0,3515,81559,119.90,32
2026-01-05 15:31:38,0,0,3515,81559,118.42,32
2026-01-05 15:31:48,0,0,3515,81559,118.71,32
2026-01-05 15:31:58,0,0,3515,81559,118.52,32
2026-01-05 15:32:08,0,0,3515,81559,118.78,32
2026-01-05 15:32:18,9,3,3515,81559,129.70,33
2026-01-05 15:32:28,0,0,3515,81559,119.35,32
2026-01-05 15:32:38,0,0,3515,81559,118.57,32
2026-01-05 15:32:48,0,0,3515,81559,132.32,32
2026-01-05 15:32:58,0,0,3515,81559,120.04,32
2026-01-05 15:33:08,0,0,3515,81559,119.98,32
2026-01-05 15:33:18,0,0,3515,81559,129.46,32
2026-01-05 15:33:28,0,0,3515,81559,118.96,32
2026-01-05 15:33:38,84,28,3515,81559,152.84,34
2026-01-05 15:33:49,0,0,3515,81559,120.06,32
2026-01-05 15:33:59,0,0,3515,81559,119.86,32
2026-01-05 15:34:09,84,28,3515,81559,155.48,33
2026-01-05 15:34:19,0,0,3515,81559,120.07,33
2026-01-05 15:34:29,0,0,3515,81559,119.93,32
2026-01-05 15:34:39,0,0,3515,81559,154.95,33
2026-01-05 15:34:49,0,0,3515,81559,120.09,33
2026-01-05 15:34:59,0,0,3515,81559,118.88,32
2026-01-05 15:35:09,0,0,3515,81559,167.33,33
2026-01-05 15:35:19,0,0,3515,81559,119.95,33
2026-01-05 15:35:29,0,0,3515,81559,120.03,33
2026-01-05 15:35:39,0,0,3515,81559,155.71,33
2026-01-05 15:35:49,0,0,3515,81559,120.11,33
2026-01-05 15:35:59,0,0,3515,81559,120.05,32
2026-01-05 15:36:09,0,0,3515,81559,163.83,33
2026-01-05 15:36:19,0,0,3515,81559,119.94,33
2026-01-05 15:36:29,0,0,3515,81559,118.69,32
2026-01-05 15:36:39,0,0,3515,81559,163.03,33
2026-01-05 15:36:49,0,0,3515,81559,118.94,32
2026-01-05 15:36:59,0,0,3515,81559,118.58,32
2026-01-05 15:37:09,0,0,3515,81559,167.83,33
2026-01-05 15:37:19,0,0,3515,81559,119.93,32
2026-01-05 15:37:30,0,0,3515,81559,119.48,32
2026-01-05 15:37:40,0,0,3515,81559,158.91,33
2026-01-05 15:37:50,0,0,3515,81559,118.73,32
2026-01-05 15:38:00,0,0,3515,81559,119.95,32
2026-01-05 15:38:10,0,0,3515,81559,120.19,32
2026-01-05 15:38:20,0,0,3515,81559,118.26,32
2026-01-05 15:38:30,0,0,3515,81559,119.02,32
2026-01-05 15:38:40,0,0,3515,81559,118.90,32
2026-01-05 15:38:50,0,0,3515,81559,119.99,32
2026-01-05 15:39:00,0,0,3515,81559,119.93,32
2026-01-05 15:39:10,0,0,3515,81559,120.10,32
2026-01-05 15:39:20,0,0,3515,81559,118.05,32
2026-01-05 15:39:30,0,0,3515,81559,119.25,32
2026-01-05 15:39:40,0,0,3515,81559,118.81,32
2026-01-05 15:39:50,0,0,3515,81559,119.02,32
2026-01-05 15:40:00,0,0,3515,81559,118.42,32
2026-01-05 15:40:10,0,0,3515,81559,119.96,32
2026-01-05 15:40:20,0,0,3515,81559,119.92,32
2026-01-05 15:40:30,0,0,3515,81559,118.57,32
2026-01-05 15:40:40,0,0,3515,81559,119.82,32
2026-01-05 15:40:50,0,0,3515,81559,119.59,32
2026-01-05 15:41:00,0,0,3515,81559,119.96,32
2026-01-05 15:41:10,0,0,3515,81559,117.98,32
2026-01-05 15:41:20,0,0,3515,81559,118.46,32
2026-01-05 15:41:30,0,0,3515,81559,119.94,32
2026-01-05 15:41:40,0,0,3515,81559,119.49,32
2026-01-05 15:41:51,0,0,3515,81559,119.93,32
2026-01-05 15:42:01,91,30,3515,81559,165.01,34
2026-01-05 15:42:11,0,0,3515,81559,118.51,32
2026-01-05 15:42:21,0,0,3515,81559,118.55,32
2026-01-05 15:42:31,0,0,3515,81559,166.20,33
2026-01-05 15:42:41,0,0,3515,81559,119.94,32
2026-01-05 15:42:51,0,0,3515,81559,119.99,32
2026-01-05 15:43:01,0,0,3515,81559,163.93,33
2026-01-05 15:43:11,0,0,3515,81559,119.92,32
2026-01-05 15:43:21,0,0,3515,81559,117.94,32
2026-01-05 15:43:31,0,0,3515,81559,166.27,33
2026-01-05 15:43:41,0,0,3515,81559,118.55,32
2026-01-05 15:43:51,0,0,3515,81559,118.51,32
2026-01-05 15:44:01,0,0,3515,81559,127.23,32
2026-01-05 15:44:11,0,0,3515,81559,119.89,32
2026-01-05 15:44:21,0,0,3515,81559,118.44,32
2026-01-05 15:44:31,0,0,3515,81559,118.92,32
2026-01-05 15:44:41,0,0,3515,81559,117.81,32
2026-01-05 15:44:51,0,0,3515,81559,118.47,32
2026-01-05 15:45:01,0,0,3515,81559,118.58,32
2026-01-05 15:45:11,0,0,3515,81559,119.01,32
2026-01-05 15:45:21,0,0,3515,81559,119.90,32
2026-01-05 15:45:32,0,0,3515,81559,118.10,32
2026-01-05 15:45:42,0,0,3515,81559,119.96,32
2026-01-05 15:45:52,0,0,3515,81559,118.84,32
2026-01-05 15:46:02,0,0,3515,81559,118.71,32
2026-01-05 15:46:12,0,0,3515,81559,119.98,32
2026-01-05 15:46:22,0,0,3515,81559,118.50,32
2026-01-05 15:46:32,0,0,3515,81559,118.61,32
2026-01-05 15:46:42,0,0,3515,81559,118.93,32
2026-01-05 15:46:52,0,0,3515,81559,117.83,37
2026-01-05 15:47:02,0,0,3515,81559,120.33,32
2026-01-05 15:47:12,0,0,3515,81559,118.57,32
2026-01-05 15:47:22,0,0,3515,81559,117.95,32
2026-01-05 15:47:32,0,0,3515,81559,119.90,32
2026-01-05 15:47:42,0,0,3515,81559,119.75,32
2026-01-05 15:47:52,19,6,3515,81559,127.05,38
2026-01-05 15:48:02,0,0,3515,81559,120.09,32
2026-01-05 15:48:12,0,0,3515,81559,118.37,32
2026-01-05 15:48:22,62,20,3515,81559,165.65,35
2026-01-05 15:48:33,0,0,3515,81559,119.85,32
2026-01-05 15:48:43,0,0,3515,81559,119.63,32
2026-01-05 15:48:53,0,0,3515,81559,164.33,33
2026-01-05 15:49:03,0,0,3515,81559,120.26,32
2026-01-05 15:49:13,0,0,3515,81559,119.72,32
2026-01-05 15:49:23,0,0,3515,81559,118.73,32
2026-01-05 15:49:33,0,0,3515,81559,118.61,32
2026-01-05 15:49:43,0,0,3515,81559,118.41,32
2026-01-05 15:49:53,0,0,3515,81559,118.84,32
2026-01-05 15:50:03,0,0,3515,81559,119.77,32
2026-01-05 15:50:13,0,0,3515,81559,118.59,32
2026-01-05 15:50:23,0,0,3515,81559,118.77,32
2026-01-05 15:50:33,0,0,3515,81559,118.43,32
2026-01-05 15:50:43,0,0,3515,81559,117.87,32
2026-01-05 15:50:53,0,0,3515,81559,119.30,32
2026-01-05 15:51:03,0,0,3515,81559,118.62,32
2026-01-05 15:51:13,0,0,3515,81559,118.67,32
2026-01-05 15:51:23,0,0,3515,81559,119.31,32
2026-01-05 15:51:33,0,0,3515,81559,120.00,32
2026-01-05 15:51:43,0,0,3515,81559,135.40,38
2026-01-05 15:51:53,0,0,3515,81559,119.58,32
2026-01-05 15:52:03,0,0,3515,81559,119.87,32
2026-01-05 15:52:13,0,0,3515,81559,164.22,33
2026-01-05 15:52:23,0,0,3515,81559,119.86,32
2026-01-05 15:52:33,0,0,3515,81559,118.53,32
2026-01-05 15:52:44,0,0,3515,81559,163.90,32
2026-01-05 15:52:54,0,0,3515,81559,118.77,32
2026-01-05 15:53:04,0,0,3515,81559,118.52,32
2026-01-05 15:53:14,0,0,3515,81559,164.07,32
2026-01-05 15:53:24,0,0,3515,81559,118.74,32
2026-01-05 15:53:34,0,0,3515,81559,122.85,32
2026-01-05 15:53:44,0,0,3515,81559,159.47,32
2026-01-05 15:53:54,0,0,3515,81559,118.43,32
2026-01-05 15:54:04,0,0,3515,81559,119.86,32
2026-01-05 15:54:14,0,0,3515,81559,120.16,32
2026-01-05 15:54:24,0,0,3515,81559,119.00,32
2026-01-05 15:54:34,0,0,3515,81559,118.45,32
2026-01-05 15:54:44,0,0,3515,81559,119.29,32
2026-01-05 15:54:54,0,0,3515,81559,117.76,32
2026-01-05 15:55:04,0,0,3515,81559,118.35,32
2026-01-05 15:55:14,0,0,3515,81559,118.81,32
2026-01-05 15:55:24,0,0,3515,81559,118.71,32
2026-01-05 15:55:34,0,0,3515,81559,118.40,32
2026-01-05 15:55:44,0,0,3515,81559,118.47,32
2026-01-05 15:55:54,0,0,3515,81559,118.45,32
2026-01-05 15:56:04,0,0,3515,81559,118.44,32
2026-01-05 15:56:14,0,0,3515,81559,119.71,32
2026-01-05 15:56:24,0,0,3515,81559,118.51,32
2026-01-05 15:56:35,0,0,3515,81559,118.52,32
2026-01-05 15:56:45,0,0,3515,81559,119.32,32
2026-01-05 15:56:55,0,0,3515,81559,119.67,32
2026-01-05 15:57:05,70,24,3515,81559,167.74,34
2026-01-05 15:57:15,0,0,3515,81559,118.46,32
2026-01-05 15:57:25,0,0,3515,81559,117.99,32
2026-01-05 15:57:35,0,0,3515,81559,164.06,33
2026-01-05 15:57:45,0,0,3515,81559,118.57,32
2026-01-05 15:57:55,0,0,3515,81559,118.92,32
2026-01-05 15:58:05,0,0,3515,81559,163.71,33
2026-01-05 15:58:15,0,0,3515,81559,117.93,32
2026-01-05 15:58:25,0,0,3515,81559,119.95,32
2026-01-05 15:58:35,0,0,3515,81559,165.99,33
2026-01-05 15:58:45,0,0,3515,81559,118.50,32
2026-01-05 15:58:55,0,0,3515,81559,118.63,32
2026-01-05 15:59:05,0,0,3515,81559,157.87,33
2026-01-05 15:59:15,0,0,3515,81559,117.32,32
2026-01-05 15:59:25,0,0,3515,81559,124.39,32
2026-01-05 15:59:35,0,0,3515,81559,118.67,32
2026-01-05 15:59:45,0,0,3515,81559,118.93,32
2026-01-05 15:59:55,0,0,3515,81559,118.53,32
2026-01-05 16:00:05,0,0,3515,81559,119.92,32
2026-01-05 16:00:15,0,0,3515,81559,118.55,32
2026-01-05 16:00:25,0,0,3515,81559,118.59,32
2026-01-05 16:00:35,0,0,3515,81559,118.69,32
2026-01-05 16:00:45,0,0,3515,81559,119.88,32
2026-01-05 16:00:55,0,0,3515,81559,118.41,32
2026-01-05 16:01:05,0,0,3515,81559,118.53,32
2026-01-05 16:01:15,0,0,3515,81559,118.40,32
2026-01-05 16:01:26,0,0,3515,81559,118.52,32
2026-01-05 16:01:36,0,0,3515,81559,119.07,32
2026-01-05 16:01:46,0,0,3515,81559,118.42,32
2026-01-05 16:01:56,34,11,3515,81559,162.80,34
2026-01-05 16:02:06,0,0,3515,81559,118.64,32
2026-01-05 16:02:16,0,0,3515,81559,118.56,32
2026-01-05 16:02:26,0,0,3515,81559,165.32,33
2026-01-05 16:02:36,0,0,3515,81559,119.87,32
2026-01-05 16:02:46,0,0,3515,81559,118.98,32
2026-01-05 16:02:56,0,0,3515,81559,164.16,32
2026-01-05 16:03:06,0,0,3515,81559,119.10,32
2026-01-05 16:03:16,0,0,3515,81559,119.97,32
2026-01-05 16:03:26,0,0,3515,81559,164.16,32
2026-01-05 16:03:36,0,0,3515,81559,118.43,32
2026-01-05 16:03:46,0,0,3515,81559,118.35,32
2026-01-05 16:03:56,0,0,3515,81559,120.36,32
2026-01-05 16:04:06,0,0,3515,81559,118.49,32
2026-01-05 16:04:16,0,0,3515,81559,118.51,32
2026-01-05 16:04:26,0,0,3515,81559,119.80,32
2026-01-05 16:04:36,0,0,3515,81559,117.84,32
2026-01-05 16:04:46,0,0,3515,81559,118.53,32
2026-01-05 16:04:56,0,0,3515,81559,118.01,32
2026-01-05 16:05:07,0,0,3515,81559,119.34,32
2026-01-05 16:05:17,0,0,3515,81559,118.58,32
2026-01-05 16:05:27,0,0,3515,81559,120.26,32
2026-01-05 16:05:37,0,0,3515,81559,118.74,32
2026-01-05 16:05:47,0,0,3515,81559,123.16,33
2026-01-05 16:05:57,0,0,3515,81559,118.81,32
2026-01-05 16:06:07,0,0,3515,81559,118.82,32
2026-01-05 16:06:17,0,0,3515,81559,120.14,32
2026-01-05 16:06:27,0,0,3515,81559,119.56,33
2026-01-05 16:06:37,0,0,3515,81559,118.65,32
2026-01-05 16:06:47,0,0,3515,81559,118.56,32
2026-01-05 16:06:57,0,0,3515,81559,118.74,32
2026-01-05 16:07:07,0,0,3515,81559,118.83,32
2026-01-05 16:07:17,0,0,3515,81559,118.60,32
2026-01-05 16:07:27,0,0,3515,81559,118.63,32
2026-01-05 16:07:37,0,0,3515,81559,117.97,32
2026-01-05 16:07:47,0,0,3515,81559,119.98,32
2026-01-05 16:07:57,0,0,3515,81559,120.05,33
2026-01-05 16:08:07,0,0,3515,81559,120.09,32
2026-01-05 16:08:17,0,0,3515,81559,118.03,32
2026-01-05 16:08:27,0,0,3515,81559,118.12,32
2026-01-05 16:08:37,0,0,3515,81559,118.90,32
2026-01-05 16:08:47,0,0,3515,81559,118.61,37
2026-01-05 16:08:57,0,0,3515,81559,118.72,32
2026-01-05 16:09:07,0,0,3515,81559,118.08,32
2026-01-05 16:09:18,66,21,3515,81559,144.49,40
2026-01-05 16:09:28,0,0,3515,81559,118.62,32
2026-01-05 16:09:38,0,0,3515,81559,118.55,32
2026-01-05 16:09:48,0,0,3515,81559,166.02,33
2026-01-05 16:09:58,0,0,3515,81559,119.92,32
2026-01-05 16:10:08,0,0,3515,81559,118.97,32
2026-01-05 16:10:18,0,0,3515,81559,164.03,33
2026-01-05 16:10:28,0,0,3515,81559,118.90,32
2026-01-05 16:10:38,0,0,3515,81559,118.76,32
2026-01-05 16:10:48,0,0,3515,81559,163.94,33
2026-01-05 16:10:58,0,0,3515,81559,120.03,32
2026-01-05 16:11:08,0,0,3515,81559,118.61,32
2026-01-05 16:11:18,0,0,3515,81559,123.31,32
2026-01-05 16:11:28,0,0,3515,81559,118.56,32
2026-01-05 16:11:38,0,0,3515,81559,118.54,32
2026-01-05 16:11:48,0,0,3515,81559,161.75,32
2026-01-05 16:11:58,0,0,3515,81559,117.69,32
2026-01-05 16:12:08,0,0,3515,81559,118.62,32
2026-01-05 16:12:18,0,0,3515,81559,165.38,32
2026-01-05 16:12:28,0,0,3515,81559,118.51,32
2026-01-05 16:12:38,0,0,3515,81559,119.90,32
2026-01-05 16:12:48,0,0,3515,81559,166.46,32
2026-01-05 16:12:58,0,0,3515,81559,120.00,32
2026-01-05 16:13:08,0,0,3515,81559,119.96,32
2026-01-05 16:13:18,0,0,3515,81559,119.95,32
2026-01-05 16:13:28,0,0,3515,81559,120.01,32
2026-01-05 16:13:38,0,0,3515,81559,118.40,32
2026-01-05 16:13:48,0,0,3515,81559,119.47,32
2026-01-05 16:13:58,0,0,3515,81559,118.77,32
2026-01-05 16:14:09,0,0,3515,81559,118.84,32
2026-01-05 16:14:19,0,0,3515,81559,118.56,32
2026-01-05 16:14:29,0,0,3515,81559,118.32,32
2026-01-05 16:14:39,0,0,3515,81559,119.90,32
2026-01-05 16:14:49,0,0,3515,81559,118.70,32
2026-01-05 16:14:59,0,0,3515,81559,118.71,32
2026-01-05 16:15:09,0,0,3515,81559,120.07,32
2026-01-05 16:15:19,0,0,3515,81559,119.45,32
2026-01-05 16:15:29,0,0,3515,81559,118.59,32
2026-01-05 16:15:39,0,0,3515,81559,118.52,32
2026-01-05 16:15:49,0,0,3515,81559,118.82,32
2026-01-05 16:15:59,0,0,3515,81559,118.57,32
2026-01-05 16:16:09,0,0,3515,81559,119.34,32
2026-01-05 16:16:19,0,0,3515,81559,118.59,32
2026-01-05 16:16:29,0,0,3515,81559,118.56,32
2026-01-05 16:16:39,0,0,3515,81559,127.92,32
2026-01-05 16:16:49,0,0,3515,81559,118.57,32
2026-01-05 16:16:59,0,0,3515,81559,118.69,32
2026-01-05 16:17:09,0,0,3515,81559,164.47,33
2026-01-05 16:17:19,0,0,3515,81559,119.06,32
2026-01-05 16:17:30,0,0,3515,81559,118.85,32
2026-01-05 16:17:40,0,0,3515,81559,165.41,33
2026-01-05 16:17:50,0,0,3515,81559,120.02,33
2026-01-05 16:18:00,0,0,3515,81559,119.18,32
2026-01-05 16:18:10,0,0,3515,81559,167.15,33
2026-01-05 16:18:20,0,0,3515,81559,118.87,33
2026-01-05 16:18:30,0,0,3515,81559,118.64,33
2026-01-05 16:18:40,0,0,3515,81559,152.33,33
2026-01-05 16:18:50,0,0,3515,81559,118.77,33
2026-01-05 16:19:00,0,0,3515,81559,119.35,33
2026-01-05 16:19:10,0,0,3515,81559,119.31,33
2026-01-05 16:19:20,0,0,3515,81559,118.92,33
2026-01-05 16:19:30,0,0,3515,81559,118.96,33
2026-01-05 16:19:40,0,0,3515,81559,120.36,33
2026-01-05 16:19:50,0,0,3515,81559,120.14,33
2026-01-05 16:20:00,0,0,3515,81559,118.66,33
2026-01-05 16:20:10,0,0,3515,81559,119.02,33
2026-01-05 16:20:20,0,0,3515,81559,120.18,33
2026-01-05 16:20:30,0,0,3515,81559,120.04,33
2026-01-05 16:20:40,0,0,3515,81559,118.90,33
2026-01-05 16:20:50,0,0,3515,81559,120.25,33
2026-01-05 16:21:00,0,0,3515,81559,118.90,33
2026-01-05 16:21:10,0,0,3515,81559,118.96,33
2026-01-05 16:21:20,0,0,3515,81559,118.86,33
2026-01-05 16:21:30,0,0,3515,81559,120.21,33
2026-01-05 16:21:40,0,0,3515,81559,119.01,33
2026-01-05 16:21:50,0,0,3515,81559,120.31,33
2026-01-05 16:22:00,0,0,3515,81559,118.87,33
2026-01-05 16:22:10,0,0,3515,81559,119.46,33
2026-01-05 16:22:21,0,0,3515,81559,120.06,33
2026-01-05 16:22:31,0,0,3515,81559,118.73,33
2026-01-05 16:22:41,0,0,3515,81559,120.22,33
2026-01-05 16:22:51,0,0,3515,81559,119.04,33
2026-01-05 16:23:01,100,33,3515,81559,165.45,35
2026-01-05 16:23:11,0,0,3515,81559,120.16,33
2026-01-05 16:23:21,0,0,3515,81559,120.24,33
2026-01-05 16:23:31,0,0,3515,81559,164.77,33
2026-01-05 16:23:41,0,0,3515,81559,118.77,33
2026-01-05 16:23:51,0,0,3515,81559,120.28,33
2026-01-05 16:24:01,0,0,3515,81559,163.54,33
2026-01-05 16:24:11,0,0,3515,81559,118.75,33
2026-01-05 16:24:21,0,0,3515,81559,118.75,33
2026-01-05 16:24:31,0,0,3515,81559,163.77,33
2026-01-05 16:24:41,0,0,3515,81559,118.73,33
2026-01-05 16:24:51,0,0,3515,81559,118.67,32
2026-01-05 16:25:01,0,0,3515,81559,118.12,33
2026-01-05 16:25:11,0,0,3515,81559,118.64,32
2026-01-05 16:25:21,0,0,3515,81559,120.01,33
2026-01-05 16:25:31,0,0,3515,81559,118.93,33
2026-01-05 16:25:41,0,0,3515,81559,118.14,32
2026-01-05 16:25:51,0,0,3515,81559,118.75,32
2026-01-05 16:26:01,0,0,3515,81559,118.73,32
2026-01-05 16:26:11,0,0,3515,81559,118.04,32
2026-01-05 16:26:21,0,0,3515,81559,162.99,40
2026-01-05 16:26:31,0,0,3515,81559,118.66,32
2026-01-05 16:26:41,0,0,3515,81559,118.00,32
2026-01-05 16:26:52,0,0,3515,81559,164.98,33
2026-01-05 16:27:02,0,0,3515,81559,119.89,32
2026-01-05 16:27:12,0,0,3515,81559,119.91,32
2026-01-05 16:27:22,0,0,3515,81559,118.86,32
2026-01-05 16:27:32,0,0,3515,81559,118.76,32
2026-01-05 16:27:42,0,0,3515,81559,118.73,32
2026-01-05 16:27:52,0,0,3515,81559,129.31,32
2026-01-05 16:28:02,0,0,3515,81559,118.73,32
2026-01-05 16:28:12,0,0,3515,81559,118.62,32
2026-01-05 16:28:22,0,0,3515,81559,128.48,32
2026-01-05 16:28:32,0,0,3515,81559,118.67,32
2026-01-05 16:28:42,0,0,3515,81559,119.95,32
2026-01-05 16:28:52,0,0,3515,81559,129.68,33
2026-01-05 16:29:02,0,0,3515,81559,120.04,33
2026-01-05 16:29:12,31,10,3515,81559,153.28,33
2026-01-05 16:29:22,0,0,3515,81559,130.15,33
2026-01-05 16:29:32,0,0,3515,81559,120.04,33
2026-01-05 16:29:42,0,0,3515,81559,152.58,33
2026-01-05 16:29:52,0,0,3515,81559,131.15,33
2026-01-05 16:30:02,0,0,3515,81559,120.17,33
2026-01-05 16:30:12,0,0,3515,81559,155.64,33
2026-01-05 16:30:22,0,0,3515,81559,125.56,33
2026-01-05 16:30:32,0,0,3515,81559,118.80,33
2026-01-05 16:30:42,0,0,3515,81559,126.11,33
2026-01-05 16:30:52,0,0,3515,81559,118.92,33
2026-01-05 16:31:02,0,0,3515,81559,118.71,33
2026-01-05 16:31:13,0,0,3515,81559,118.88,33
2026-01-05 16:31:23,0,0,3515,81559,119.54,33
2026-01-05 16:31:33,0,0,3515,81559,120.27,33
2026-01-05 16:31:43,0,0,3515,81559,119.61,33
2026-01-05 16:31:53,0,0,3515,81559,120.20,33
2026-01-05 16:32:03,0,0,3515,81559,118.71,33
2026-01-05 16:32:13,0,0,3515,81559,118.78,33
2026-01-05 16:32:23,0,0,3515,81559,119.29,33
2026-01-05 16:32:33,0,0,3515,81559,120.12,33
2026-01-05 16:32:43,0,0,3515,81559,120.15,33
2026-01-05 16:32:53,0,0,3515,81559,120.39,33
2026-01-05 16:33:03,0,0,3515,81559,119.54,33
2026-01-05 16:33:13,0,0,3515,81559,120.15,33
2026-01-05 16:33:23,0,0,3515,81559,119.02,33
2026-01-05 16:33:33,1,0,3515,81559,154.19,34
2026-01-05 16:33:43,0,0,3515,81559,120.26,33
2026-01-05 16:33:53,0,0,3515,81559,119.29,33
2026-01-05 16:34:03,0,0,3515,81559,152.65,33
2026-01-05 16:34:13,0,0,3515,81559,118.82,33
2026-01-05 16:34:23,0,0,3515,81559,119.80,33
2026-01-05 16:34:33,0,0,3515,81559,154.88,33
2026-01-05 16:34:43,0,0,3515,81559,118.91,33
2026-01-05 16:34:53,0,0,3515,81559,118.96,33
2026-01-05 16:35:03,0,0,3515,81559,154.76,33
2026-01-05 16:35:13,0,0,3515,81559,118.98,33
2026-01-05 16:35:23,0,0,3515,81559,118.97,33
2026-01-05 16:35:33,0,0,3515,81559,153.98,33
2026-01-05 16:35:43,0,0,3515,81559,118.99,33
2026-01-05 16:35:54,0,0,3515,81559,119.01,33
2026-01-05 16:36:04,0,0,3515,81559,151.71,33
2026-01-05 16:36:14,0,0,3515,81559,119.56,33
2026-01-05 16:36:24,0,0,3515,81559,119.82,33
2026-01-05 16:36:34,0,0,3515,81559,118.83,33
2026-01-05 16:36:44,0,0,3515,81559,118.87,33
2026-01-05 16:36:54,0,0,3515,81559,119.60,33
2026-01-05 16:37:04,0,0,3515,81559,119.03,33
2026-01-05 16:37:14,0,0,3515,81559,118.84,33
2026-01-05 16:37:24,0,0,3515,81559,118.77,33
2026-01-05 16:37:34,0,0,3515,81559,118.87,33
2026-01-05 16:37:44,0,0,3515,81559,129.64,33
2026-01-05 16:37:54,0,0,3515,81559,118.93,33
2026-01-05 16:38:04,0,0,3515,81559,119.07,33
2026-01-05 16:38:14,0,0,3515,81559,118.68,32
2026-01-05 16:38:24,55,18,3515,81559,153.68,33
2026-01-05 16:38:34,0,0,3515,81559,120.11,33
2026-01-05 16:38:44,0,0,3515,81559,131.04,33
2026-01-05 16:38:54,40,13,3515,81559,154.12,34
2026-01-05 16:39:04,0,0,3515,81559,118.82,32
2026-01-05 16:39:14,0,0,3515,81559,130.01,32
2026-01-05 16:39:24,0,0,3515,81559,152.71,34
2026-01-05 16:39:34,0,0,3515,81559,118.79,32
2026-01-05 16:39:44,0,0,3515,81559,118.90,32
2026-01-05 16:39:54,0,0,3515,81559,152.85,33
2026-01-05 16:40:04,0,0,3515,81559,120.12,32
2026-01-05 16:40:14,0,0,3515,81559,120.09,32
2026-01-05 16:40:24,0,0,3515,81559,147.07,33
2026-01-05 16:40:35,0,0,3515,81559,120.11,32
2026-01-05 16:40:45,0,0,3515,81559,120.12,32
2026-01-05 16:40:55,0,0,3515,81559,142.78,33
2026-01-05 16:41:05,0,0,3515,81559,118.81,32
2026-01-05 16:41:15,0,0,3515,81559,118.76,32
2026-01-05 16:41:25,0,0,3515,81559,141.69,33
2026-01-05 16:41:35,0,0,3515,81559,118.85,32
2026-01-05 16:41:45,0,0,3515,81559,119.47,32
2026-01-05 16:41:55,0,0,3515,81559,119.03,32
2026-01-05 16:42:05,0,0,3515,81559,118.81,32
2026-01-05 16:42:15,30,10,3515,81559,130.68,33
2026-01-05 16:42:25,0,0,3515,81559,119.09,32
2026-01-05 16:42:35,0,0,3515,81559,118.83,32
2026-01-05 16:42:45,0,0,3515,81559,131.32,33
2026-01-05 16:42:55,0,0,3515,81559,118.87,32
2026-01-05 16:43:05,30,10,3515,81559,129.20,33
2026-01-05 16:43:15,0,0,3515,81559,129.67,33
2026-01-05 16:43:25,0,0,3515,81559,118.74,33
2026-01-05 16:43:35,30,10,3515,81559,130.51,33
2026-01-05 16:43:45,0,0,3515,81559,129.61,33
2026-01-05 16:43:55,0,0,3515,81559,118.93,33
2026-01-05 16:44:05,0,0,3515,81559,130.24,33
2026-01-05 16:44:15,0,0,3515,81559,118.92,33
2026-01-05 16:44:25,0,0,3515,81559,118.85,33
2026-01-05 16:44:35,0,0,3515,81559,128.97,33
2026-01-05 16:44:45,0,0,3515,81559,118.88,33
2026-01-05 16:44:55,0,0,3515,81559,118.93,33
2026-01-05 16:45:05,0,0,3515,81559,131.26,33
2026-01-05 16:45:15,0,0,3515,81559,119.02,33
2026-01-05 16:45:25,0,0,3515,81559,119.43,33
2026-01-05 16:45:36,0,0,3515,81559,129.76,33
2026-01-05 16:45:46,0,0,3515,81559,118.96,33
2026-01-05 16:45:56,0,0,3515,81559,119.00,33
2026-01-05 16:46:06,30,10,3515,81559,139.65,34
2026-01-05 16:46:16,0,0,3515,81559,119.01,33
2026-01-05 16:46:26,0,0,3515,81559,120.13,33
2026-01-05 16:46:36,0,0,3515,81559,142.10,33
2026-01-05 16:46:46,0,0,3515,81559,120.20,33
2026-01-05 16:46:56,0,0,3515,81559,120.09,33
2026-01-05 16:47:06,0,0,3515,81559,120.35,33
2026-01-05 16:47:16,0,0,3515,81559,120.07,37
2026-01-05 16:47:26,0,0,3515,81559,120.23,33
2026-01-05 16:47:36,0,0,3515,81559,120.10,33
2026-01-05 16:47:46,3,1,3515,81559,143.89,33
2026-01-05 16:47:56,0,0,3515,81559,120.10,33
2026-01-05 16:48:06,0,0,3515,81559,120.01,33
2026-01-05 16:48:16,0,0,3515,81559,141.70,33
2026-01-05 16:48:26,0,0,3515,81559,120.14,33
2026-01-05 16:48:36,0,0,3515,81559,120.22,33
2026-01-05 16:48:46,17,6,3515,81559,142.00,33
2026-01-05 16:48:56,0,0,3515,81559,120.13,33
2026-01-05 16:49:06,0,0,3515,81559,120.26,33
2026-01-05 16:49:16,0,0,3515,81559,142.90,33
2026-01-05 16:49:26,0,0,3515,81559,120.20,33
2026-01-05 16:49:36,0,0,3515,81559,120.19,33
2026-01-05 16:49:46,0,0,3515,81559,141.47,33
2026-01-05 16:49:57,0,0,3515,81559,120.09,33
2026-01-05 16:50:07,0,0,3515,81559,120.12,33
2026-01-05 16:50:17,0,0,3515,81559,120.26,33
2026-01-05 16:50:27,0,0,3515,81559,141.53,36
2026-01-05 16:50:37,0,0,3515,81559,118.76,33
2026-01-05 16:50:47,0,0,3515,81559,120.24,33
2026-01-05 16:50:57,14,5,3515,81559,140.51,34
2026-01-05 16:51:07,0,0,3515,81559,120.18,33
2026-01-05 16:51:17,0,0,3515,81559,120.21,33
2026-01-05 16:51:27,0,0,3515,81559,120.10,33
2026-01-05 16:51:37,0,0,3515,81559,119.12,33
2026-01-05 16:51:47,0,0,3515,81559,119.19,33
2026-01-05 16:51:57,6,2,3515,81559,123.82,38
2026-01-05 16:52:07,0,0,3515,81559,118.88,33
2026-01-05 16:52:17,0,0,3515,81559,119.11,33
2026-01-05 16:52:27,60,20,3515,81559,141.32,34
2026-01-05 16:52:37,0,0,3515,81559,118.91,33
2026-01-05 16:52:47,0,0,3515,81559,119.72,33
2026-01-05 16:52:57,0,0,3515,81559,141.99,33
2026-01-05 16:53:07,0,0,3515,81559,120.27,33
2026-01-05 16:53:17,0,0,3515,81559,120.20,33
2026-01-05 16:53:27,0,0,3515,81559,120.43,33
2026-01-05 16:53:37,5,1,3515,81559,129.53,38
2026-01-05 16:53:48,0,0,3515,81559,119.69,33
2026-01-05 16:53:58,0,0,3515,81559,120.23,33
2026-01-05 16:54:08,0,0,3515,81559,120.26,33
2026-01-05 16:54:18,0,0,3515,81559,120.31,33
2026-01-05 16:54:28,0,0,3515,81559,119.96,33
2026-01-05 16:54:38,0,0,3515,81559,143.67,34
2026-01-05 16:54:48,0,0,3515,81559,120.35,33
2026-01-05 16:54:58,0,0,3515,81559,120.30,33
2026-01-05 16:55:08,0,0,3515,81559,142.26,33
2026-01-05 16:55:18,0,0,3515,81559,119.15,33
2026-01-05 16:55:28,0,0,3515,81559,120.32,33
2026-01-05 16:55:38,0,0,3515,81559,119.95,33
2026-01-05 16:55:48,0,0,3515,81559,143.62,33
2026-01-05 16:55:58,0,0,3515,81559,120.29,33
2026-01-05 16:56:08,0,0,3515,81559,119.87,33
2026-01-05 16:56:18,0,0,3515,81559,141.98,33
2026-01-05 16:56:28,0,0,3515,81559,120.13,33
2026-01-05 16:56:38,0,0,3515,81559,120.08,33
2026-01-05 16:56:48,0,0,3515,81559,143.13,33
2026-01-05 16:56:58,0,0,3515,81559,120.16,33
2026-01-05 16:57:08,0,0,3515,81559,120.25,33
2026-01-05 16:57:18,0,0,3515,81559,124.01,33
2026-01-05 16:57:28,0,0,3515,81559,119.53,33
2026-01-05 16:57:39,0,0,3515,81559,120.20,33
2026-01-05 16:57:49,0,0,3515,81559,142.77,33
2026-01-05 16:57:59,0,0,3515,81559,120.14,32
2026-01-05 16:58:09,0,0,3515,81559,120.11,32
2026-01-05 16:58:19,0,0,3515,81559,134.56,32
2026-01-05 16:58:29,0,0,3515,81559,119.46,32
2026-01-05 16:58:39,0,0,3515,81559,118.77,32
2026-01-05 16:58:49,0,0,3515,81559,119.09,32
2026-01-05 16:58:59,0,0,3515,81559,142.12,38
2026-01-05 16:59:09,0,0,3515,81559,119.95,32
2026-01-05 16:59:19,0,0,3515,81559,119.96,32
2026-01-05 16:59:29,0,0,3515,81559,143.24,33
2026-01-05 16:59:39,0,0,3515,81559,118.74,39
2026-01-05 16:59:49,0,0,3515,81559,118.91,32
2026-01-05 16:59:59,0,0,3515,81559,141.67,33
2026-01-05 17:00:09,0,0,3515,81559,141.39,33
2026-01-05 17:00:19,0,0,3515,81559,119.26,32
2026-01-05 17:00:29,0,0,3515,81559,119.65,33
2026-01-05 17:00:39,0,0,3515,81559,141.71,33
2026-01-05 17:00:49,0,0,3515,81559,120.01,32
2026-01-05 17:00:59,0,0,3515,81559,119.74,33
2026-01-05 17:01:09,0,0,3515,81559,142.28,33
2026-01-05 17:01:19,0,0,3515,81559,120.06,32
2026-01-05 17:01:29,0,0,3515,81559,119.21,32
2026-01-05 17:01:39,0,0,3515,81559,119.66,33
2026-01-05 17:01:49,0,0,3515,81559,120.07,33
2026-01-05 17:02:00,0,0,3515,81559,119.90,33
2026-01-05 17:02:10,0,0,3515,81559,119.50,33
2026-01-05 17:02:20,0,0,3515,81559,142.93,33
2026-01-05 17:02:30,0,0,3515,81559,120.08,33
2026-01-05 17:02:40,0,0,3515,81559,120.12,33
2026-01-05 17:02:50,0,0,3515,81559,143.55,33
2026-01-05 17:03:00,0,0,3515,81559,119.96,33
2026-01-05 17:03:10,0,0,3515,81559,119.31,33
2026-01-05 17:03:20,0,0,3515,81559,143.45,33
2026-01-05 17:03:30,0,0,3515,81559,120.15,33
2026-01-05 17:03:40,0,0,3515,81559,120.02,33
2026-01-05 17:03:50,0,0,3515,81559,142.83,33
2026-01-05 17:04:00,0,0,3515,81559,120.27,33
2026-01-05 17:04:10,0,0,3515,81559,119.00,33
2026-01-05 17:04:20,0,0,3515,81559,142.84,33
2026-01-05 17:04:30,0,0,3515,81559,118.78,33
2026-01-05 17:04:40,0,0,3515,81559,118.85,33
2026-01-05 17:04:50,0,0,3515,81559,119.16,33
2026-01-05 17:05:00,0,0,3515,81559,118.88,33
2026-01-05 17:05:10,0,0,3515,81559,119.25,33
2026-01-05 17:05:20,0,0,3515,81559,119.46,33
2026-01-05 17:05:30,0,0,3515,81559,119.01,33
2026-01-05 17:05:40,0,0,3515,81559,118.81,33
2026-01-05 17:05:50,0,0,3515,81559,119.11,33
2026-01-05 17:06:00,0,0,3515,81559,141.42,33
2026-01-05 17:06:11,0,0,3515,81559,119.34,33
2026-01-05 17:06:21,0,0,3515,81559,119.19,33
2026-01-05 17:06:31,0,0,3515,81559,142.63,33
2026-01-05 17:06:41,0,0,3515,81559,120.25,33
2026-01-05 17:06:51,0,0,3515,81559,120.22,33
2026-01-05 17:07:01,0,0,3515,81559,120.43,33
2026-01-05 17:07:11,0,0,3515,81559,120.32,33
2026-01-05 17:07:21,0,0,3515,81559,120.18,33
2026-01-05 17:07:31,0,0,3515,81559,119.95,33
2026-01-05 17:07:41,0,0,3515,81559,120.21,33
2026-01-05 17:07:51,0,0,3515,81559,120.19,33
2026-01-05 17:08:01,0,0,3515,81559,120.29,33
2026-01-05 17:08:11,0,0,3515,81559,141.47,39
2026-01-05 17:08:21,0,0,3515,81559,120.28,33
2026-01-05 17:08:31,0,0,3515,81559,120.32,33
2026-01-05 17:08:41,0,0,3515,81559,143.53,34
2026-01-05 17:08:51,0,0,3515,81559,120.17,33
2026-01-05 17:09:01,0,0,3515,81559,119.66,33
2026-01-05 17:09:11,59,20,3515,81559,142.58,34
2026-01-05 17:09:21,0,0,3515,81559,118.90,33
2026-01-05 17:09:31,0,0,3515,81559,119.42,33
2026-01-05 17:09:41,26,9,3515,81559,140.93,33
2026-01-05 17:09:51,0,0,3515,81559,118.84,33
2026-01-05 17:10:01,0,0,3515,81559,118.79,33
2026-01-05 17:10:11,0,0,3515,81559,141.22,33
2026-01-05 17:10:21,0,0,3515,81559,118.58,33
2026-01-05 17:10:31,0,0,3515,81559,120.12,33
2026-01-05 17:10:41,0,0,3515,81559,142.54,33
2026-01-05 17:10:51,0,0,3515,81559,119.57,33
2026-01-05 17:11:01,0,0,3515,81559,119.12,33
2026-01-05 17:11:11,0,0,3515,81559,141.18,33
2026-01-05 17:11:22,0,0,3515,81559,118.13,33
2026-01-05 17:11:32,0,0,3515,81559,119.41,33
2026-01-05 17:11:42,0,0,3515,81559,142.47,33
2026-01-05 17:11:52,0,0,3515,81559,119.47,33
2026-01-05 17:12:02,0,0,3515,81559,119.02,33
2026-01-05 17:12:12,0,0,3515,81559,141.79,33
2026-01-05 17:12:22,0,0,3515,81559,119.26,33
2026-01-05 17:12:32,0,0,3515,81559,118.76,33
2026-01-05 17:12:42,0,0,3515,81559,119.02,33
2026-01-05 17:12:52,0,0,3515,81559,142.91,34
2026-01-05 17:13:02,0,0,3515,81559,120.16,33
2026-01-05 17:13:12,0,0,3515,81559,120.47,33
2026-01-05 17:13:22,0,0,3515,81559,142.37,33
2026-01-05 17:13:32,0,0,3515,81559,120.20,33
2026-01-05 17:13:42,0,0,3515,81559,119.07,33
2026-01-05 17:13:52,0,0,3515,81559,142.76,33
2026-01-05 17:14:02,0,0,3515,81559,119.12,33
2026-01-05 17:14:12,0,0,3515,81559,119.57,33
2026-01-05 17:14:22,0,0,3515,81559,142.05,33
2026-01-05 17:14:32,0,0,3515,81559,120.25,33
2026-01-05 17:14:42,0,0,3515,81559,120.22,33
2026-01-05 17:14:52,0,0,3515,81559,142.56,33
2026-01-05 17:15:02,0,0,3515,81559,120.42,33
2026-01-05 17:15:12,0,0,3515,81559,119.54,33
2026-01-05 17:15:22,0,0,3515,81559,142.41,33
2026-01-05 17:15:32,0,0,3515,81559,120.23,33
2026-01-05 17:15:42,0,0,3515,81559,120.21,33
2026-01-05 17:15:53,0,0,3515,81559,142.29,33
2026-01-05 17:16:03,0,0,3515,81559,120.08,33
2026-01-05 17:16:13,0,0,3515,81559,120.11,33
2026-01-05 17:16:23,0,0,3515,81559,121.30,33
2026-01-05 17:16:33,0,0,3515,81559,120.25,33
2026-01-05 17:16:43,0,0,3515,81559,120.20,33
2026-01-05 17:16:53,0,0,3515,81559,142.51,33
2026-01-05 17:17:03,0,0,3515,81559,120.18,33
2026-01-05 17:17:13,0,0,3515,81559,119.33,33
2026-01-05 17:17:23,0,0,3515,81559,121.50,33
2026-01-05 17:17:33,0,0,3515,81559,142.82,35
2026-01-05 17:17:43,0,0,3515,81559,118.66,33
2026-01-05 17:17:53,0,0,3515,81559,130.02,33
2026-01-05 17:18:03,0,0,3515,81559,143.37,33
2026-01-05 17:18:13,0,0,3515,81559,120.30,33
2026-01-05 17:18:23,0,0,3515,81559,119.50,33
2026-01-05 17:18:33,0,0,3515,81559,141.98,33
2026-01-05 17:18:43,0,0,3515,81559,120.04,33
2026-01-05 17:18:53,0,0,3515,81559,120.21,33
2026-01-05 17:19:03,0,0,3515,81559,141.99,33
2026-01-05 17:19:13,0,0,3515,81559,120.05,33
2026-01-05 17:19:23,0,0,3515,81559,119.55,33
2026-01-05 17:19:33,0,0,3515,81559,143.96,33
2026-01-05 17:19:43,0,0,3515,81559,120.16,33
2026-01-05 17:19:53,0,0,3515,81559,120.23,33
2026-01-05 17:20:03,0,0,3515,81559,120.01,33
2026-01-05 17:20:13,0,0,3515,81559,118.65,33
2026-01-05 17:20:23,0,0,3515,81559,120.11,33
2026-01-05 17:20:33,0,0,3515,81559,119.14,33
2026-01-05 17:20:43,0,0,3515,81559,120.10,33
2026-01-05 17:20:53,0,0,3515,81559,120.07,33
2026-01-05 17:21:04,0,0,3515,81559,119.97,33
2026-01-05 17:21:14,0,0,3515,81559,120.11,33
2026-01-05 17:21:24,0,0,3515,81559,120.16,33
2026-01-05 17:21:34,0,0,3515,81559,118.97,33
2026-01-05 17:21:44,0,0,3515,81559,120.08,33
2026-01-05 17:21:54,0,0,3515,81559,120.05,33
2026-01-05 17:22:04,0,0,3515,81559,120.19,33
2026-01-05 17:22:14,0,0,3515,81559,120.12,33
2026-01-05 17:22:24,0,0,3515,81559,119.42,33
2026-01-05 17:22:34,0,0,3515,81559,119.59,33
2026-01-05 17:22:44,0,0,3515,81559,119.47,33
2026-01-05 17:22:54,0,0,3515,81559,119.53,33
2026-01-05 17:23:04,0,0,3515,81559,118.59,33
2026-01-05 17:23:14,0,0,3515,81559,118.60,33
2026-01-05 17:23:24,0,0,3515,81559,142.25,33
2026-01-05 17:23:34,0,0,3515,81559,119.17,33
2026-01-05 17:23:44,0,0,3515,81559,118.83,33
2026-01-05 17:23:54,0,0,3515,81559,141.37,33
2026-01-05 17:24:04,0,0,3515,81559,118.85,33
2026-01-05 17:24:14,0,0,3515,81559,118.85,33
2026-01-05 17:24:24,0,0,3515,81559,141.18,33
2026-01-05 17:24:34,0,0,3515,81559,120.17,33
2026-01-05 17:24:44,0,0,3515,81559,120.07,33
2026-01-05 17:24:54,0,0,3515,81559,142.18,33
2026-01-05 17:25:04,0,0,3515,81559,120.13,33
2026-01-05 17:25:14,0,0,3515,81559,120.11,33
2026-01-05 17:25:24,0,0,3515,81559,143.23,33
2026-01-05 17:25:34,0,0,3515,81559,120.13,33
2026-01-05 17:25:44,0,0,3515,81559,120.14,33
2026-01-05 17:25:54,0,0,3515,81559,142.12,33
2026-01-05 17:26:04,0,0,3515,81559,120.18,33
2026-01-05 17:26:14,0,0,3515,81559,119.00,32
2026-01-05 17:26:25,0,0,3515,81559,141.82,33
2026-01-05 17:26:35,0,0,3515,81559,118.84,32
2026-01-05 17:26:45,0,0,3515,81559,119.33,32
2026-01-05 17:26:55,0,0,3515,81559,119.27,33
2026-01-05 17:27:05,0,0,3515,81559,118.87,32
2026-01-05 17:27:15,52,17,3515,81559,141.69,33
2026-01-05 17:27:25,0,0,3515,81559,118.99,32
2026-01-05 17:27:35,0,0,3515,81559,118.84,32
2026-01-05 17:27:45,0,0,3515,81559,118.78,32
2026-01-05 17:27:55,0,0,3515,81559,118.92,33
2026-01-05 17:28:05,0,0,3515,81559,118.96,32
2026-01-05 17:28:15,0,0,3515,81559,118.87,32
2026-01-05 17:28:25,0,0,3515,81559,118.94,32
2026-01-05 17:28:35,0,0,3515,81559,118.85,32
2026-01-05 17:28:45,0,0,3515,81559,140.80,33
2026-01-05 17:28:55,0,0,3515,81559,119.42,32
2026-01-05 17:29:05,0,0,3515,81559,118.78,32
2026-01-05 17:29:15,0,0,3515,81559,143.02,33
2026-01-05 17:29:25,0,0,3515,81559,118.85,32
2026-01-05 17:29:35,0,0,3515,81559,118.76,32
2026-01-05 17:29:45,0,0,3515,81559,142.47,33
2026-01-05 17:29:55,0,0,3515,81559,119.49,32
2026-01-05 17:30:05,0,0,3515,81559,120.06,32
2026-01-05 17:30:15,0,0,3515,81559,119.50,32
2026-01-05 17:30:25,0,0,3515,81559,119.39,32
2026-01-05 17:30:35,0,0,3515,81559,120.06,32
2026-01-05 17:30:46,0,0,3515,81559,154.47,35
2026-01-05 17:30:56,0,0,3515,81559,118.84,32
2026-01-05 17:31:06,0,0,3515,81559,118.89,32
2026-01-05 17:31:16,16,6,3515,81559,164.51,34
2026-01-05 17:31:26,0,0,3515,81559,119.07,32
2026-01-05 17:31:36,0,0,3515,81559,118.64,32
2026-01-05 17:31:46,0,0,3515,81559,141.73,33
2026-01-05 17:31:56,0,0,3515,81559,119.98,33
2026-01-05 17:32:06,0,0,3515,81559,120.04,32
2026-01-05 17:32:16,0,0,3515,81559,141.10,33
2026-01-05 17:32:26,0,0,3515,81559,119.32,32
2026-01-05 17:32:36,0,0,3515,81559,119.34,32
2026-01-05 17:32:46,0,0,3515,81559,140.85,33
2026-01-05 17:32:56,0,0,3515,81559,119.86,33
2026-01-05 17:33:06,0,0,3515,81559,118.78,32
2026-01-05 17:33:16,0,0,3515,81559,140.79,33
2026-01-05 17:33:26,0,0,3515,81559,118.72,33
2026-01-05 17:33:36,0,0,3515,81559,118.81,33
2026-01-05 17:33:46,0,0,3515,81559,141.87,33
2026-01-05 17:33:56,0,0,3515,81559,119.37,33
2026-01-05 17:34:06,0,0,3515,81559,120.00,33
2026-01-05 17:34:16,0,0,3515,81559,142.46,33
2026-01-05 17:34:26,0,0,3515,81559,118.87,33
2026-01-05 17:34:36,0,0,3515,81559,118.91,33
2026-01-05 17:34:46,0,0,3515,81559,142.85,33
2026-01-05 17:34:56,0,0,3515,81559,120.21,33
2026-01-05 17:35:07,0,0,3515,81559,120.26,33
2026-01-05 17:35:17,0,0,3515,81559,142.32,33
2026-01-05 17:35:27,0,0,3515,81559,119.99,33
2026-01-05 17:35:37,0,0,3515,81559,120.14,33
2026-01-05 17:35:47,0,0,3515,81559,119.57,33
2026-01-05 17:35:57,0,0,3515,81559,119.39,33
2026-01-05 17:36:07,0,0,3515,81559,118.89,33
2026-01-05 17:36:17,0,0,3515,81559,120.07,33
2026-01-05 17:36:27,0,0,3515,81559,120.12,33
2026-01-05 17:36:37,0,0,3515,81559,119.31,32
2026-01-05 17:36:47,0,0,3515,81559,120.82,33
2026-01-05 17:36:57,0,0,3515,81559,120.04,33
2026-01-05 17:37:07,0,0,3515,81559,119.37,32
2026-01-05 17:37:17,0,0,3515,81559,119.97,33
2026-01-05 17:37:27,0,0,3515,81559,119.34,32
2026-01-05 17:37:37,0,0,3515,81559,120.05,32
2026-01-05 17:37:47,0,0,3515,81559,119.99,33
2026-01-05 17:37:57,0,0,3515,81559,120.08,32
2026-01-05 17:38:07,0,0,3515,81559,120.02,32
2026-01-05 17:38:17,0,0,3515,81559,120.04,33
2026-01-05 17:38:27,0,0,3515,81559,118.76,32
2026-01-05 17:38:37,0,0,3515,81559,119.46,37
2026-01-05 17:38:47,0,0,3515,81559,119.46,32
2026-01-05 17:38:57,0,0,3515,81559,123.87,33
2026-01-05 17:39:07,78,26,3515,81559,160.83,35
2026-01-05 17:39:17,0,0,3515,81559,118.94,32
2026-01-05 17:39:27,0,0,3515,81559,119.99,32
2026-01-05 17:39:37,0,0,3515,81559,165.64,34
2026-01-05 17:39:47,0,0,3515,81559,119.66,32
2026-01-05 17:39:58,0,0,3515,81559,119.39,32
2026-01-05 17:40:08,0,0,3515,81559,165.65,33
2026-01-05 17:40:18,0,0,3515,81559,119.29,32
2026-01-05 17:40:28,0,0,3515,81559,118.46,32
2026-01-05 17:40:38,0,0,3515,81559,162.48,32
2026-01-05 17:40:48,0,0,3515,81559,117.92,32
2026-01-05 17:40:58,0,0,3515,81559,118.55,32
2026-01-05 17:41:08,0,0,3515,81559,159.71,32
2026-01-05 17:41:18,0,0,3515,81559,118.52,32
2026-01-05 17:41:28,0,0,3515,81559,119.90,32
2026-01-05 17:41:38,0,0,3515,81559,165.37,32
2026-01-05 17:41:48,0,0,3515,81559,118.54,32
2026-01-05 17:41:58,0,0,3515,81559,118.51,32
2026-01-05 17:42:08,0,0,3515,81559,151.98,32
2026-01-05 17:42:18,0,0,3515,81559,118.69,32
2026-01-05 17:42:28,0,0,3515,81559,118.73,32
2026-01-05 17:42:38,0,0,3515,81559,118.86,32
2026-01-05 17:42:48,0,0,3515,81559,119.98,32
2026-01-05 17:42:58,0,0,3515,81559,118.65,32
2026-01-05 17:43:08,0,0,3515,81559,119.73,32
2026-01-05 17:43:18,0,0,3515,81559,118.36,32
2026-01-05 17:43:28,0,0,3515,81559,118.79,32
2026-01-05 17:43:38,0,0,3515,81559,119.99,32
2026-01-05 17:43:48,0,0,3515,81559,119.78,32
2026-01-05 17:43:58,0,0,3515,81559,119.93,32
2026-01-05 17:44:08,0,0,3515,81559,120.04,32
2026-01-05 17:44:19,0,0,3515,81559,119.50,32
2026-01-05 17:44:29,0,0,3515,81559,120.04,32
2026-01-05 17:44:39,0,0,3515,81559,118.55,32
2026-01-05 17:44:49,0,0,3515,81559,118.50,32
2026-01-05 17:44:59,0,0,3515,81559,118.51,32
2026-01-05 17:45:09,0,0,3515,81559,118.59,32
2026-01-05 17:45:19,0,0,3515,81559,118.62,32
2026-01-05 17:45:29,51,17,3515,81559,137.68,32
2026-01-05 17:45:39,0,0,3515,81559,117.89,32
2026-01-05 17:45:49,0,0,3515,81559,119.03,32
2026-01-05 17:45:59,36,12,3515,81559,164.11,34
2026-01-05 17:46:09,0,0,3515,81559,118.62,32
2026-01-05 17:46:19,0,0,3515,81559,118.64,32
2026-01-05 17:46:29,0,0,3515,81559,162.86,33
2026-01-05 17:46:39,0,0,3515,81559,118.42,32
2026-01-05 17:46:49,0,0,3515,81559,117.90,32
2026-01-05 17:46:59,0,0,3515,81559,163.94,32
2026-01-05 17:47:09,0,0,3515,81559,118.83,32
2026-01-05 17:47:19,0,0,3515,81559,119.98,32
2026-01-05 17:47:29,0,0,3515,81559,165.28,32
2026-01-05 17:47:39,0,0,3515,81559,118.68,32
2026-01-05 17:47:49,0,0,3515,81559,118.54,32
2026-01-05 17:47:59,0,0,3515,81559,119.28,33
2026-01-05 17:48:09,0,0,3515,81559,118.82,32
2026-01-05 17:48:19,0,0,3515,81559,119.74,32
2026-01-05 17:48:29,0,0,3515,81559,120.21,32
2026-01-05 17:48:39,0,0,3515,81559,119.83,32
2026-01-05 17:48:50,0,0,3515,81559,119.11,32
2026-01-05 17:49:00,0,0,3515,81559,120.26,32
2026-01-05 17:49:10,0,0,3515,81559,118.38,32
2026-01-05 17:49:20,0,0,3515,81559,119.96,32
2026-01-05 17:49:30,0,0,3515,81559,119.29,32
2026-01-05 17:49:40,0,0,3515,81559,119.15,32
2026-01-05 17:49:50,64,21,3515,81559,162.81,35
2026-01-05 17:50:00,0,0,3515,81559,118.59,32
2026-01-05 17:50:10,0,0,3515,81559,119.14,32
2026-01-05 17:50:20,0,0,3515,81559,163.74,33
2026-01-05 17:50:30,0,0,3515,81559,120.01,33
2026-01-05 17:50:40,0,0,3515,81559,119.06,33
2026-01-05 17:50:50,0,0,3515,81559,161.36,33
2026-01-05 17:51:00,0,0,3515,81559,118.85,33
2026-01-05 17:51:10,0,0,3515,81559,118.74,33
2026-01-05 17:51:20,0,0,3515,81559,135.63,33
2026-01-05 17:51:30,0,0,3515,81559,118.88,33
2026-01-05 17:51:40,0,0,3515,81559,119.14,33
2026-01-05 17:51:50,0,0,3515,81559,152.40,33
2026-01-05 17:52:00,0,0,3515,81559,119.18,33
2026-01-05 17:52:10,0,0,3515,81559,119.43,33
2026-01-05 17:52:20,0,0,3515,81559,165.43,33
2026-01-05 17:52:30,0,0,3515,81559,118.99,33
2026-01-05 17:52:40,0,0,3515,81559,118.99,33
2026-01-05 17:52:50,0,0,3515,81559,120.30,33
2026-01-05 17:53:00,0,0,3515,81559,118.71,33
2026-01-05 17:53:10,0,0,3515,81559,120.14,33
2026-01-05 17:53:20,0,0,3515,81559,123.53,33
2026-01-05 17:53:31,0,0,3515,81559,118.87,33
2026-01-05 17:53:41,0,0,3515,81559,118.89,33
2026-01-05 17:53:51,0,0,3515,81559,119.43,33
2026-01-05 17:54:01,0,0,3515,81559,120.25,33
2026-01-05 17:54:11,0,0,3515,81559,118.85,33
2026-01-05 17:54:21,0,0,3515,81559,118.92,33
2026-01-05 17:54:31,0,0,3515,81559,118.92,33
2026-01-05 17:54:41,0,0,3515,81559,118.90,33
2026-01-05 17:54:51,0,0,3515,81559,120.32,33
2026-01-05 17:55:01,0,0,3515,81559,120.30,33
2026-01-05 17:55:11,0,0,3515,81559,120.35,33
2026-01-05 17:55:21,0,0,3515,81559,120.25,33
2026-01-05 17:55:31,0,0,3515,81559,118.82,33
2026-01-05 17:55:41,0,0,3515,81559,118.10,33
2026-01-05 17:55:51,0,0,3515,81559,119.23,33
2026-01-05 17:56:01,0,0,3515,81559,118.72,33
2026-01-05 17:56:11,0,0,3515,81559,118.22,35
2026-01-05 17:56:21,0,0,3515,81559,118.31,33
2026-01-05 17:56:31,0,0,3515,81559,118.30,33
2026-01-05 17:56:41,58,19,3515,81559,165.42,34
2026-01-05 17:56:51,0,0,3515,81559,119.02,33
2026-01-05 17:57:01,0,0,3515,81559,119.02,33
2026-01-05 17:57:11,0,0,3515,81559,165.21,33
2026-01-05 17:57:21,0,0,3515,81559,119.60,33
2026-01-05 17:57:31,0,0,3515,81559,119.99,33
2026-01-05 17:57:41,0,0,3515,81559,164.09,33
2026-01-05 17:57:51,0,0,3515,81559,118.95,33
2026-01-05 17:58:01,0,0,3515,81559,118.75,33
2026-01-05 17:58:11,0,0,3515,81559,165.47,33
2026-01-05 17:58:22,0,0,3515,81559,118.76,33
2026-01-05 17:58:32,0,0,3515,81559,118.71,33
2026-01-05 17:58:42,0,0,3515,81559,118.86,33
2026-01-05 17:58:52,0,0,3515,81559,118.78,33
2026-01-05 17:59:02,0,0,3515,81559,118.77,33
2026-01-05 17:59:12,0,0,3515,81559,119.57,33
2026-01-05 17:59:22,0,0,3515,81559,117.93,33
2026-01-05 17:59:32,0,0,3515,81559,118.73,33
2026-01-05 17:59:42,0,0,3515,81559,118.90,33
2026-01-05 17:59:52,0,0,3515,81559,118.63,33
2026-01-05 18:00:02,0,0,3515,81559,118.88,33
2026-01-05 18:00:12,0,0,3515,81559,118.38,33
2026-01-05 18:00:22,0,0,3515,81559,118.85,33
2026-01-05 18:00:32,0,0,3515,81559,118.60,33
2026-01-05 18:00:42,0,0,3515,81559,118.85,33
2026-01-05 18:00:52,0,0,3515,81559,120.13,33
2026-01-05 18:01:02,0,0,3515,81559,118.63,33
2026-01-05 18:01:12,0,0,3515,81559,118.75,33
2026-01-05 18:01:22,0,0,3515,81559,118.67,33
2026-01-05 18:01:32,0,0,3515,81559,118.42,33
2026-01-05 18:01:42,0,0,3515,81559,118.12,33
2026-01-05 18:01:52,0,0,3515,81559,120.12,33
2026-01-05 18:02:02,0,0,3515,81559,118.85,33
2026-01-05 18:02:12,0,0,3515,81559,119.03,33
2026-01-05 18:02:22,0,0,3515,81559,118.79,33
2026-01-05 18:02:32,0,0,3515,81559,118.83,33
2026-01-05 18:02:42,0,0,3515,81559,118.79,33
2026-01-05 18:02:52,0,0,3515,81559,118.73,33
2026-01-05 18:03:02,0,0,3515,81559,118.72,33
2026-01-05 18:03:12,0,0,3515,81559,118.90,33
2026-01-05 18:03:23,0,0,3515,81559,118.82,33
2026-01-05 18:03:33,0,0,3515,81559,118.91,36
2026-01-05 18:03:43,0,0,3515,81559,118.86,33
2026-01-05 18:03:53,0,0,3515,81559,120.25,33
2026-01-05 18:04:03,77,25,3515,81559,163.45,34
2026-01-05 18:04:13,0,0,3515,81559,120.14,33
2026-01-05 18:04:23,0,0,3515,81559,118.11,33
2026-01-05 18:04:33,0,0,3515,81559,163.56,33
2026-01-05 18:04:43,0,0,3515,81559,120.15,33
2026-01-05 18:04:53,0,0,3515,81559,119.66,33
2026-01-05 18:05:03,0,0,3515,81559,165.56,34
2026-01-05 18:05:13,0,0,3515,81559,118.94,33
2026-01-05 18:05:23,0,0,3515,81559,118.74,33
2026-01-05 18:05:33,0,0,3515,81559,164.31,33
2026-01-05 18:05:43,0,0,3515,81559,120.26,33
2026-01-05 18:05:53,0,0,3515,81559,120.27,33
2026-01-05 18:06:03,0,0,3515,81559,164.77,33
2026-01-05 18:06:13,0,0,3515,81559,118.23,33
2026-01-05 18:06:23,0,0,3515,81559,120.26,33
2026-01-05 18:06:33,0,0,3515,81559,163.50,33
2026-01-05 18:06:43,0,0,3515,81559,118.17,33
2026-01-05 18:06:53,0,0,3515,81559,119.08,33
2026-01-05 18:07:03,0,0,3515,81559,163.80,33
2026-01-05 18:07:13,0,0,3515,81559,118.76,33
2026-01-05 18:07:23,0,0,3515,81559,119.46,33
2026-01-05 18:07:33,0,0,3515,81559,140.67,33
2026-01-05 18:07:43,0,0,3515,81559,118.92,33
2026-01-05 18:07:53,0,0,3515,81559,120.21,33
2026-01-05 18:08:04,0,0,3515,81559,119.15,33
2026-01-05 18:08:14,0,0,3515,81559,118.94,33
2026-01-05 18:08:24,0,0,3515,81559,120.22,33
2026-01-05 18:08:34,0,0,3515,81559,119.24,33
2026-01-05 18:08:44,0,0,3515,81559,118.93,33
2026-01-05 18:08:54,0,0,3515,81559,118.33,33
2026-01-05 18:09:04,0,0,3515,81559,119.17,33
2026-01-05 18:09:14,0,0,3515,81559,118.90,33
2026-01-05 18:09:24,0,0,3515,81559,120.28,33
2026-01-05 18:09:34,0,0,3515,81559,119.67,33
2026-01-05 18:09:44,0,0,3515,81559,120.28,33
2026-01-05 18:09:54,0,0,3515,81559,118.76,33
2026-01-05 18:10:04,0,0,3515,81559,125.97,33
2026-01-05 18:10:14,0,0,3515,81559,118.79,33
2026-01-05 18:10:24,0,0,3515,81559,118.73,33
2026-01-05 18:10:34,0,0,3515,81559,120.14,33
2026-01-05 18:10:44,0,0,3515,81559,120.19,33
2026-01-05 18:10:54,0,0,3515,81559,118.89,33
2026-01-05 18:11:04,0,0,3515,81559,118.88,33
2026-01-05 18:11:14,0,0,3515,81559,118.86,33
2026-01-05 18:11:24,0,0,3515,81559,119.01,33
2026-01-05 18:11:34,0,0,3515,81559,119.13,33
2026-01-05 18:11:44,0,0,3515,81559,119.20,33
2026-01-05 18:11:54,0,0,3515,81559,118.93,33
2026-01-05 18:12:04,0,0,3515,81559,119.21,33
2026-01-05 18:12:14,0,0,3515,81559,118.71,32
2026-01-05 18:12:24,0,0,3515,81559,118.89,32
2026-01-05 18:12:34,0,0,3515,81559,119.15,33
2026-01-05 18:12:45,0,0,3515,81559,119.71,32
2026-01-05 18:12:55,0,0,3515,81559,118.57,32
2026-01-05 18:13:05,0,0,3515,81559,119.44,32
2026-01-05 18:13:15,0,0,3515,81559,119.11,32
2026-01-05 18:13:25,0,0,3515,81559,120.09,32
2026-01-05 18:13:35,0,0,3515,81559,120.65,33
2026-01-05 18:13:45,0,0,3515,81559,120.15,32
2026-01-05 18:13:55,0,0,3515,81559,120.06,32
2026-01-05 18:14:05,0,0,3515,81559,135.57,33
2026-01-05 18:14:15,0,0,3515,81559,120.06,32
2026-01-05 18:14:25,0,0,3515,81559,120.07,32
2026-01-05 18:14:35,0,0,3515,81559,119.50,33
2026-01-05 18:14:45,0,0,3515,81559,120.05,32
2026-01-05 18:14:55,0,0,3515,81559,118.49,32
2026-01-05 18:15:05,0,0,3515,81559,120.04,33
2026-01-05 18:15:15,0,0,3515,81559,120.00,32
2026-01-05 18:15:25,0,0,3515,81559,118.74,32
2026-01-05 18:15:35,0,0,3515,81559,118.01,33
2026-01-05 18:15:45,0,0,3515,81559,118.70,32
2026-01-05 18:15:55,0,0,3515,81559,118.66,33
2026-01-05 18:16:05,0,0,3515,81559,119.26,33
2026-01-05 18:16:15,0,0,3515,81559,118.21,33
2026-01-05 18:16:25,0,0,3515,81559,118.13,33
2026-01-05 18:16:35,0,0,3515,81559,120.08,33
2026-01-05 18:16:45,0,0,3515,81559,118.11,33
2026-01-05 18:16:55,0,0,3515,81559,134.28,40
2026-01-05 18:17:05,0,0,3515,81559,120.00,33
2026-01-05 18:17:15,0,0,3515,81559,120.08,33
2026-01-05 18:17:25,0,0,3515,81559,120.18,33
2026-01-05 18:17:36,0,0,3515,81559,120.27,33
2026-01-05 18:17:46,0,0,3515,81559,120.20,33
2026-01-05 18:17:56,0,0,3515,81559,163.90,34
2026-01-05 18:18:06,0,0,3515,81559,118.83,33
2026-01-05 18:18:16,0,0,3515,81559,120.24,33
2026-01-05 18:18:26,0,0,3515,81559,165.38,33
2026-01-05 18:18:36,0,0,3515,81559,118.32,33
2026-01-05 18:18:46,0,0,3515,81559,120.33,33
2026-01-05 18:18:56,0,0,3515,81559,165.63,34
2026-01-05 18:19:06,0,0,3515,81559,118.29,33
2026-01-05 18:19:16,0,0,3515,81559,119.24,33
2026-01-05 18:19:26,0,0,3515,81559,165.56,33
2026-01-05 18:19:36,0,0,3515,81559,119.47,33
2026-01-05 18:19:46,0,0,3515,81559,119.91,33
2026-01-05 18:19:56,0,0,3515,81559,164.37,34
2026-01-05 18:20:06,0,0,3515,81559,118.26,33
2026-01-05 18:20:16,0,0,3515,81559,118.96,33
2026-01-05 18:20:26,0,0,3515,81559,165.84,33
2026-01-05 18:20:36,0,0,3515,81559,118.92,33
2026-01-05 18:20:46,0,0,3515,81559,120.22,33
2026-01-05 18:20:56,0,0,3515,81559,118.40,33
2026-01-05 18:21:06,0,0,3515,81559,119.13,33
2026-01-05 18:21:16,0,0,3515,81559,118.91,33
2026-01-05 18:21:26,0,0,3515,81559,119.15,33
2026-01-05 18:21:36,0,0,3515,81559,118.84,33
2026-01-05 18:21:46,0,0,3515,81559,118.80,33
2026-01-05 18:21:56,0,0,3515,81559,120.23,33
2026-01-05 18:22:06,0,0,3515,81559,120.16,33
2026-01-05 18:22:16,0,0,3515,81559,120.23,33
2026-01-05 18:22:26,0,0,3515,81559,118.23,33
2026-01-05 18:22:37,0,0,3515,81559,119.44,33
2026-01-05 18:22:47,0,0,3515,81559,118.78,33
2026-01-05 18:22:57,0,0,3515,81559,119.02,33
2026-01-05 18:23:07,0,0,3515,81559,118.95,33
2026-01-05 18:23:17,0,0,3515,81559,119.01,33
2026-01-05 18:23:27,0,0,3515,81559,119.08,33
2026-01-05 18:23:37,0,0,3515,81559,119.12,33
2026-01-05 18:23:47,0,0,3515,81559,118.70,33
2026-01-05 18:23:57,0,0,3515,81559,120.22,33
2026-01-05 18:24:07,0,0,3515,81559,118.89,33
2026-01-05 18:24:17,0,0,3515,81559,118.61,33
2026-01-05 18:24:27,0,0,3515,81559,118.11,33
2026-01-05 18:24:37,0,0,3515,81559,120.19,33
2026-01-05 18:24:47,100,33,3515,81559,163.41,38
2026-01-05 18:24:57,0,0,3515,81559,120.14,33
2026-01-05 18:25:07,0,0,3515,81559,120.17,33
2026-01-05 18:25:17,0,0,3515,81559,164.57,34
2026-01-05 18:25:27,0,0,3515,81559,118.88,33
2026-01-05 18:25:37,0,0,3515,81559,120.33,33
2026-01-05 18:25:47,0,0,3515,81559,164.71,33
2026-01-05 18:25:57,0,0,3515,81559,119.37,33
2026-01-05 18:26:07,0,0,3515,81559,119.02,33
2026-01-05 18:26:17,0,0,3515,81559,119.92,33
2026-01-05 18:26:27,0,0,3515,81559,118.85,33
2026-01-05 18:26:37,0,0,3515,81559,120.38,33
2026-01-05 18:26:47,0,0,3515,81559,120.17,33
2026-01-05 18:26:57,0,0,3515,81559,120.30,33
2026-01-05 18:27:07,0,0,3515,81559,118.72,33
2026-01-05 18:27:17,0,0,3515,81559,118.47,33
2026-01-05 18:27:28,0,0,3515,81559,118.83,33
2026-01-05 18:27:38,0,0,3515,81559,118.94,33
2026-01-05 18:27:48,0,0,3515,81559,118.99,33
2026-01-05 18:27:58,0,0,3515,81559,119.17,33
2026-01-05 18:28:08,0,0,3515,81559,120.37,33
2026-01-05 18:28:18,0,0,3515,81559,118.86,33
2026-01-05 18:28:28,0,0,3515,81559,119.03,33
2026-01-05 18:28:38,0,0,3515,81559,118.34,33
2026-01-05 18:28:48,0,0,3515,81559,120.20,33
2026-01-05 18:28:58,0,0,3515,81559,120.19,33
2026-01-05 18:29:08,0,0,3515,81559,118.86,33
2026-01-05 18:29:18,0,0,3515,81559,118.87,33
2026-01-05 18:29:28,0,0,3515,81559,119.09,33
2026-01-05 18:29:38,0,0,3515,81559,119.62,33
2026-01-05 18:29:48,0,0,3515,81559,119.57,33
2026-01-05 18:29:58,0,0,3515,81559,120.33,33
2026-01-05 18:30:08,0,0,3515,81559,163.44,34
2026-01-05 18:30:18,0,0,3515,81559,120.41,33
2026-01-05 18:30:28,0,0,3515,81559,118.90,33
2026-01-05 18:30:38,18,7,3515,81559,164.13,35
2026-01-05 18:30:48,0,0,3515,81559,120.22,33
2026-01-05 18:30:58,0,0,3515,81559,120.09,33
2026-01-05 18:31:08,0,0,3515,81559,165.90,33
2026-01-05 18:31:18,0,0,3515,81559,119.40,33
2026-01-05 18:31:28,0,0,3515,81559,120.31,33
2026-01-05 18:31:38,0,0,3515,81559,166.63,33
2026-01-05 18:31:48,0,0,3515,81559,118.84,33
2026-01-05 18:31:58,0,0,3515,81559,118.75,33
2026-01-05 18:32:08,0,0,3515,81559,163.74,33
2026-01-05 18:32:19,0,0,3515,81559,119.04,33
2026-01-05 18:32:29,0,0,3515,81559,118.79,33
2026-01-05 18:32:39,0,0,3515,81559,164.62,33
2026-01-05 18:32:49,0,0,3515,81559,118.17,33
2026-01-05 18:32:59,0,0,3515,81559,118.12,32
2026-01-05 18:33:09,0,0,3515,81559,161.99,33
2026-01-05 18:33:19,0,0,3515,81559,119.47,33
2026-01-05 18:33:29,0,0,3515,81559,120.09,33
2026-01-05 18:33:39,0,0,3515,81559,164.87,33
2026-01-05 18:33:49,0,0,3515,81559,118.82,33
2026-01-05 18:33:59,0,0,3515,81559,119.31,33
2026-01-05 18:34:09,0,0,3515,81559,119.28,33
2026-01-05 18:34:19,0,0,3515,81559,120.07,33
2026-01-05 18:34:29,0,0,3515,81559,118.05,32
2026-01-05 18:34:39,0,0,3515,81559,120.30,33
2026-01-05 18:34:49,0,0,3515,81559,118.85,33
2026-01-05 18:34:59,0,0,3515,81559,119.31,33
2026-01-05 18:35:09,0,0,3515,81559,120.17,33
2026-01-05 18:35:19,0,0,3515,81559,120.25,33
2026-01-05 18:35:29,0,0,3515,81559,120.14,33
2026-01-05 18:35:39,0,0,3515,81559,120.18,33
2026-01-05 18:35:49,0,0,3515,81559,118.98,33
2026-01-05 18:35:59,0,0,3515,81559,118.79,33
2026-01-05 18:36:09,0,0,3515,81559,119.10,33
2026-01-05 18:36:19,0,0,3515,81559,117.96,33
2026-01-05 18:36:29,0,0,3515,81559,119.32,33
2026-01-05 18:36:39,0,0,3515,81559,118.87,33
2026-01-05 18:36:49,0,0,3515,81559,119.15,33
2026-01-05 18:36:59,0,0,3515,81559,118.76,33
2026-01-05 18:37:10,0,0,3515,81559,118.86,33
2026-01-05 18:37:20,0,0,3515,81559,118.69,33
2026-01-05 18:37:30,22,8,3515,81559,163.76,35
2026-01-05 18:37:40,0,0,3515,81559,118.96,33
2026-01-05 18:37:50,0,0,3515,81559,118.69,33
2026-01-05 18:38:00,0,0,3515,81559,165.47,34
2026-01-05 18:38:10,0,0,3515,81559,118.72,33
2026-01-05 18:38:20,0,0,3515,81559,120.23,33
2026-01-05 18:38:30,0,0,3515,81559,162.51,33
2026-01-05 18:38:40,0,0,3515,81559,120.18,33
2026-01-05 18:38:50,0,0,3515,81559,118.72,33
2026-01-05 18:39:00,0,0,3515,81559,167.92,33
2026-01-05 18:39:10,0,0,3515,81559,120.31,33
2026-01-05 18:39:20,0,0,3515,81559,118.92,33
2026-01-05 18:39:30,0,0,3515,81559,164.07,33
2026-01-05 18:39:40,0,0,3515,81559,120.29,33
2026-01-05 18:39:50,0,0,3515,81559,118.97,33
2026-01-05 18:40:00,0,0,3515,81559,134.27,33
2026-01-05 18:40:10,0,0,3515,81559,118.92,33
2026-01-05 18:40:20,0,0,3515,81559,118.97,33
2026-01-05 18:40:30,0,0,3515,81559,155.24,33
2026-01-05 18:40:40,0,0,3515,81559,119.88,33
2026-01-05 18:40:51,0,0,3515,81559,119.15,33
2026-01-05 18:41:01,0,0,3515,81559,119.52,33
2026-01-05 18:41:11,0,0,3515,81559,120.18,33
2026-01-05 18:41:21,0,0,3515,81559,120.68,33
2026-01-05 18:41:31,0,0,3515,81559,119.37,33
2026-01-05 18:41:41,0,0,3515,81559,119.64,33
2026-01-05 18:41:51,0,0,3515,81559,118.63,33
2026-01-05 18:42:01,0,0,3515,81559,120.53,33
2026-01-05 18:42:11,0,0,3515,81559,120.70,33
2026-01-05 18:42:21,0,0,3515,81559,120.50,33
2026-01-05 18:42:31,0,0,3515,81559,119.43,33
2026-01-05 18:42:41,0,0,3515,81559,119.08,33
2026-01-05 18:42:51,0,0,3515,81559,119.37,37
2026-01-05 18:43:01,0,0,3515,81559,119.10,33
2026-01-05 18:43:11,0,0,3515,81559,118.57,33
2026-01-05 18:43:21,0,0,3515,81559,165.01,34
2026-01-05 18:43:31,0,0,3515,81559,119.42,33
2026-01-05 18:43:41,0,0,3515,81559,119.20,33
2026-01-05 18:43:51,0,0,3515,81559,166.35,33
2026-01-05 18:44:01,0,0,3515,81559,118.83,33
2026-01-05 18:44:11,0,0,3515,81559,120.23,33
2026-01-05 18:44:21,0,0,3515,81559,165.04,33
2026-01-05 18:44:31,0,0,3515,81559,119.00,33
2026-01-05 18:44:41,0,0,3515,81559,118.92,33
2026-01-05 18:44:51,0,0,3515,81559,164.05,33
2026-01-05 18:45:01,0,0,3515,81559,119.13,33
2026-01-05 18:45:11,0,0,3515,81559,118.89,33
2026-01-05 18:45:22,0,0,3515,81559,119.83,33
2026-01-05 18:45:32,0,0,3515,81559,118.66,33
2026-01-05 18:45:42,0,0,3515,81559,119.11,33
2026-01-05 18:45:52,0,0,3515,81559,118.91,33
2026-01-05 18:46:02,0,0,3515,81559,118.62,33
2026-01-05 18:46:12,0,0,3515,81559,118.66,33
2026-01-05 18:46:22,0,0,3515,81559,120.18,33
2026-01-05 18:46:32,0,0,3515,81559,118.65,32
2026-01-05 18:46:42,0,0,3515,81559,118.64,32
2026-01-05 18:46:52,0,0,3515,81559,120.03,33
2026-01-05 18:47:02,0,0,3515,81559,120.11,32
2026-01-05 18:47:12,0,0,3515,81559,120.70,38
2026-01-05 18:47:22,0,0,3515,81559,119.21,32
2026-01-05 18:47:32,0,0,3515,81559,118.89,32
2026-01-05 18:47:42,0,0,3515,81559,162.69,33
2026-01-05 18:47:52,0,0,3515,81559,118.03,32
2026-01-05 18:48:02,0,0,3515,81559,118.67,32
2026-01-05 18:48:12,0,0,3515,81559,163.63,33
2026-01-05 18:48:22,0,0,3515,81559,120.09,32
2026-01-05 18:48:32,0,0,3515,81559,119.89,32
2026-01-05 18:48:42,0,0,3515,81559,164.68,33
2026-01-05 18:48:53,0,0,3515,81559,120.06,32
2026-01-05 18:49:03,0,0,3515,81559,120.05,32
2026-01-05 18:49:13,0,0,3515,81559,164.88,33
2026-01-05 18:49:23,0,0,3515,81559,118.79,32
2026-01-05 18:49:33,0,0,3515,81559,118.93,32
2026-01-05 18:49:43,0,0,3515,81559,167.27,33
2026-01-05 18:49:53,0,0,3515,81559,118.05,32
2026-01-05 18:50:03,0,0,3515,81559,118.05,32
2026-01-05 18:50:13,0,0,3515,81559,164.13,33
2026-01-05 18:50:23,0,0,3515,81559,119.29,33
2026-01-05 18:50:33,0,0,3515,81559,119.17,33
2026-01-05 18:50:43,0,0,3515,81559,120.15,33
2026-01-05 18:50:53,0,0,3515,81559,120.07,33
2026-01-05 18:51:03,0,0,3515,81559,120.06,33
2026-01-05 18:51:13,0,0,3515,81559,118.71,33
2026-01-05 18:51:23,0,0,3515,81559,118.84,33
2026-01-05 18:51:33,0,0,3515,81559,118.12,33
2026-01-05 18:51:43,0,0,3515,81559,120.10,33
2026-01-05 18:51:53,0,0,3515,81559,119.99,33
2026-01-05 18:52:03,0,0,3515,81559,118.82,33
2026-01-05 18:52:13,0,0,3515,81559,119.50,33
2026-01-05 18:52:23,0,0,3515,81559,119.10,33
2026-01-05 18:52:33,0,0,3515,81559,118.77,33
2026-01-05 18:52:43,0,0,3515,81559,118.79,33
2026-01-05 18:52:53,0,0,3515,81559,119.04,33
2026-01-05 18:53:03,0,0,3515,81559,119.03,33
2026-01-05 18:53:13,0,0,3515,81559,119.37,33
2026-01-05 18:53:23,0,0,3515,81559,119.48,33
2026-01-05 18:53:34,94,31,3515,81559,164.08,40
2026-01-05 18:53:44,0,0,3515,81559,119.24,33
2026-01-05 18:53:54,0,0,3515,81559,119.15,33
2026-01-05 18:54:04,0,0,3515,81559,162.95,41
2026-01-05 18:54:14,0,0,3515,81559,118.85,33
2026-01-05 18:54:24,0,0,3515,81559,120.32,33
2026-01-05 18:54:34,86,29,3515,81559,162.65,35
2026-01-05 18:54:44,0,0,3515,81559,118.86,33
2026-01-05 18:54:54,0,0,3515,81559,119.04,33
2026-01-05 18:55:04,0,0,3515,81559,164.04,33
2026-01-05 18:55:14,0,0,3515,81559,120.18,33
2026-01-05 18:55:24,0,0,3515,81559,120.23,33
2026-01-05 18:55:34,0,0,3515,81559,165.78,33
2026-01-05 18:55:44,0,0,3515,81559,118.96,33
2026-01-05 18:55:54,0,0,3515,81559,118.93,33
2026-01-05 18:56:04,0,0,3515,81559,165.06,33
2026-01-05 18:56:14,0,0,3515,81559,120.06,33
2026-01-05 18:56:25,0,0,3515,81559,119.71,33
2026-01-05 18:56:35,0,0,3515,81559,165.99,33
2026-01-05 18:56:45,0,0,3515,81559,120.24,33
2026-01-05 18:56:55,0,0,3515,81559,119.05,33
2026-01-05 18:57:05,0,0,3515,81559,120.43,33
2026-01-05 18:57:15,0,0,3515,81559,120.19,33
2026-01-05 18:57:25,0,0,3515,81559,119.40,33
2026-01-05 18:57:35,0,0,3515,81559,118.87,33
2026-01-05 18:57:45,0,0,3515,81559,118.85,33
2026-01-05 18:57:55,0,0,3515,81559,120.22,33
2026-01-05 18:58:05,0,0,3515,81559,119.02,33
2026-01-05 18:58:15,0,0,3515,81559,120.18,33
2026-01-05 18:58:25,0,0,3515,81559,120.23,33
2026-01-05 18:58:35,0,0,3515,81559,120.27,33
2026-01-05 18:58:45,0,0,3515,81559,119.36,33
2026-01-05 18:58:55,0,0,3515,81559,119.43,33
2026-01-05 18:59:05,0,0,3515,81559,118.77,33
2026-01-05 18:59:15,0,0,3515,81559,119.43,33
2026-01-05 18:59:25,0,0,3515,81559,119.45,33
2026-01-05 18:59:35,0,0,3515,81559,119.03,33
2026-01-05 18:59:45,0,0,3515,81559,120.24,33
2026-01-05 18:59:55,0,0,3515,81559,163.74,34
2026-01-05 19:00:05,0,0,3515,81559,118.75,33
2026-01-05 19:00:15,0,0,3515,81559,120.21,33
2026-01-05 19:00:25,0,0,3515,81559,165.51,33
2026-01-05 19:00:35,0,0,3515,81559,120.19,33
2026-01-05 19:00:45,0,0,3515,81559,118.82,33
2026-01-05 19:00:56,0,0,3515,81559,164.60,33
2026-01-05 19:01:06,0,0,3515,81559,120.08,33
2026-01-05 19:01:16,0,0,3515,81559,120.09,33
2026-01-05 19:01:26,0,0,3515,81559,152.23,33
2026-01-05 19:01:36,0,0,3515,81559,119.11,33
2026-01-05 19:01:46,0,0,3515,81559,119.48,33
2026-01-05 19:01:56,0,0,3515,81559,164.84,33
2026-01-05 19:02:06,0,0,3515,81559,118.91,33
2026-01-05 19:02:16,0,0,3515,81559,119.28,33
2026-01-05 19:02:26,0,0,3515,81559,133.64,33
2026-01-05 19:02:36,0,0,3515,81559,119.45,33
2026-01-05 19:02:46,0,0,3515,81559,120.30,33
2026-01-05 19:02:56,0,0,3515,81559,119.93,33
2026-01-05 19:03:06,0,0,3515,81559,118.83,33
2026-01-05 19:03:16,0,0,3515,81559,120.22,33
2026-01-05 19:03:26,0,0,3515,81559,118.27,33
2026-01-05 19:03:36,0,0,3515,81559,118.10,33
2026-01-05 19:03:46,0,0,3515,81559,120.07,33
2026-01-05 19:03:56,0,0,3515,81559,119.84,33
2026-01-05 19:04:06,0,0,3515,81559,123.16,33
2026-01-05 19:04:17,0,0,3515,81559,118.84,33
2026-01-05 19:04:27,0,0,3515,81559,118.89,33
2026-01-05 19:04:37,0,0,3515,81559,119.29,33
2026-01-05 19:04:47,0,0,3515,81559,118.81,33
2026-01-05 19:04:57,0,0,3515,81559,119.39,33
2026-01-05 19:05:07,0,0,3515,81559,120.23,33
2026-01-05 19:05:17,0,0,3515,81559,120.19,33
2026-01-05 19:05:27,0,0,3515,81559,118.66,33
2026-01-05 19:05:37,0,0,3515,81559,118.78,33
2026-01-05 19:05:47,0,0,3515,81559,118.65,33
2026-01-05 19:05:57,0,0,3515,81559,120.29,33
2026-01-05 19:06:07,0,0,3515,81559,118.81,33
2026-01-05 19:06:17,0,0,3515,81559,118.79,33
2026-01-05 19:06:27,0,0,3515,81559,118.82,33
2026-01-05 19:06:37,0,0,3515,81559,118.79,33
2026-01-05 19:06:47,0,0,3515,81559,165.94,33
2026-01-05 19:06:57,0,0,3515,81559,120.22,33
2026-01-05 19:07:07,0,0,3515,81559,120.21,33
2026-01-05 19:07:17,0,0,3515,81559,163.68,33
2026-01-05 19:07:27,0,0,3515,81559,118.60,33
2026-01-05 19:07:37,0,0,3515,81559,118.06,32
2026-01-05 19:07:47,40,14,3515,81559,161.33,34
2026-01-05 19:07:58,0,0,3515,81559,118.64,33
2026-01-05 19:08:08,0,0,3515,81559,118.76,33
2026-01-05 19:08:18,0,0,3515,81559,164.90,33
2026-01-05 19:08:28,0,0,3515,81559,118.63,33
2026-01-05 19:08:38,0,0,3515,81559,118.60,33
2026-01-05 19:08:48,0,0,3515,81559,132.13,33
