timestamp,util_gpu,util_mem,mem_used_mb,mem_total_mb,power_w,temp_c
2026-01-05 08:44:31,0,0,0,81559,70.06,30
2026-01-05 08:44:41,0,0,4,81559,69.90,30
2026-01-05 08:44:51,0,0,669,81559,116.52,32
2026-01-05 08:45:01,1,0,3491,81559,128.75,33
2026-01-05 08:45:11,0,0,3515,81559,117.43,32
2026-01-05 08:45:21,0,0,3515,81559,117.38,32
2026-01-05 08:45:31,0,0,3515,81559,165.43,33
2026-01-05 08:45:41,0,0,3515,81559,116.87,33
2026-01-05 08:45:51,0,0,3515,81559,118.27,33
2026-01-05 08:46:01,0,0,3515,81559,118.48,33
2026-01-05 08:46:11,0,0,3515,81559,117.69,33
2026-01-05 08:46:21,0,0,3515,81559,117.54,33
2026-01-05 08:46:31,0,0,3515,81559,128.71,33
2026-01-05 08:46:41,0,0,3515,81559,117.60,33
2026-01-05 08:46:51,0,0,3515,81559,117.58,33
2026-01-05 08:47:01,0,0,3515,81559,130.39,33
2026-01-05 08:47:11,0,0,3515,81559,117.61,33
2026-01-05 08:47:22,0,0,3515,81559,117.75,33
2026-01-05 08:47:32,0,0,3515,81559,129.14,33
2026-01-05 08:47:42,0,0,3515,81559,118.50,33
2026-01-05 08:47:52,0,0,3515,81559,122.44,33
2026-01-05 08:48:02,0,0,3515,81559,124.08,33
2026-01-05 08:48:12,0,0,3515,81559,117.60,33
2026-01-05 08:48:22,0,0,3515,81559,116.97,33
2026-01-05 08:48:32,0,0,3515,81559,117.98,33
2026-01-05 08:48:43,0,0,3515,81559,117.85,33
2026-01-05 08:48:53,0,0,3515,81559,118.45,33
2026-01-05 08:49:03,0,0,3515,81559,118.53,33
2026-01-05 08:49:13,0,0,3515,81559,118.47,33
2026-01-05 08:49:23,60,20,3515,81559,141.93,35
2026-01-05 08:49:33,0,0,3515,81559,118.51,33
2026-01-05 08:49:43,0,0,3515,81559,117.84,33
2026-01-05 08:49:53,28,9,3515,81559,140.96,34
2026-01-05 08:50:03,0,0,3515,81559,117.90,33
2026-01-05 08:50:13,0,0,3515,81559,117.86,33
2026-01-05 08:50:23,30,10,3515,81559,151.70,34
2026-01-05 08:50:33,0,0,3515,81559,117.97,33
2026-01-05 08:50:43,0,0,3515,81559,117.86,33
2026-01-05 08:50:53,30,10,3515,81559,150.58,34
2026-01-05 08:51:03,0,0,3515,81559,118.68,33
2026-01-05 08:51:13,0,0,3515,81559,118.54,33
2026-01-05 08:51:23,0,0,3515,81559,152.86,34
2026-01-05 08:51:33,0,0,3515,81559,118.59,33
2026-01-05 08:51:44,0,0,3515,81559,118.60,33
2026-01-05 08:51:54,0,0,3515,81559,153.93,34
2026-01-05 08:52:04,0,0,3515,81559,118.64,33
2026-01-05 08:52:14,0,0,3515,81559,117.81,33
2026-01-05 08:52:24,0,0,3515,81559,152.40,34
2026-01-05 08:52:34,0,0,3515,81559,118.54,33
2026-01-05 08:52:44,0,0,3515,81559,118.55,33
2026-01-05 08:52:54,0,0,3515,81559,151.98,34
2026-01-05 08:53:04,0,0,3515,81559,118.58,33
2026-01-05 08:53:14,0,0,3515,81559,117.88,33
2026-01-05 08:53:24,0,0,3515,81559,152.26,34
2026-01-05 08:53:34,0,0,3515,81559,117.78,33
2026-01-05 08:53:44,0,0,3515,81559,118.46,33
2026-01-05 08:53:54,0,0,3515,81559,152.39,34
2026-01-05 08:54:04,0,0,3515,81559,118.62,33
2026-01-05 08:54:14,0,0,3515,81559,118.47,33
2026-01-05 08:54:25,0,0,3515,81559,154.65,33
2026-01-05 08:54:35,0,0,3515,81559,117.85,33
2026-01-05 08:54:45,0,0,3515,81559,117.71,33
2026-01-05 08:54:55,0,0,3515,81559,155.17,34
2026-01-05 08:55:05,0,0,3515,81559,117.99,33
2026-01-05 08:55:15,0,0,3515,81559,122.10,33
2026-01-05 08:55:25,0,0,3515,81559,166.20,34
2026-01-05 08:55:35,0,0,3515,81559,117.68,33
2026-01-05 08:55:45,0,0,3515,81559,117.12,33
2026-01-05 08:55:55,0,0,3515,81559,163.62,34
2026-01-05 08:56:05,0,0,3515,81559,117.73,33
2026-01-05 08:56:15,0,0,3515,81559,117.65,33
2026-01-05 08:56:25,0,0,3515,81559,164.60,34
2026-01-05 08:56:35,0,0,3515,81559,117.68,33
2026-01-05 08:56:45,0,0,3515,81559,117.54,33
2026-01-05 08:56:55,0,0,3515,81559,163.49,33
2026-01-05 08:57:05,0,0,3515,81559,117.59,33
2026-01-05 08:57:16,0,0,3515,81559,117.51,33
2026-01-05 08:57:26,6,2,3515,81559,161.43,34
2026-01-05 08:57:36,0,0,3515,81559,116.95,33
2026-01-05 08:57:46,0,0,3515,81559,117.57,33
2026-01-05 08:57:56,0,0,3515,81559,164.07,33
2026-01-05 08:58:06,0,0,3515,81559,117.80,33
2026-01-05 08:58:16,0,0,3515,81559,118.40,33
2026-01-05 08:58:26,0,0,3515,81559,165.61,33
2026-01-05 08:58:36,0,0,3515,81559,117.76,33
2026-01-05 08:58:46,0,0,3515,81559,117.62,33
2026-01-05 08:58:56,0,0,3515,81559,164.21,33
2026-01-05 08:59:06,0,0,3515,81559,118.36,33
2026-01-05 08:59:16,0,0,3515,81559,118.33,33
2026-01-05 08:59:26,0,0,3515,81559,128.27,33
2026-01-05 08:59:36,0,0,3515,81559,117.69,33
2026-01-05 08:59:46,0,0,3515,81559,118.26,33
2026-01-05 08:59:56,0,0,3515,81559,130.01,33
2026-01-05 09:00:06,0,0,3515,81559,118.37,33
2026-01-05 09:00:16,0,0,3515,81559,118.27,33
2026-01-05 09:00:26,0,0,3515,81559,130.11,33
2026-01-05 09:00:36,0,0,3515,81559,117.56,33
2026-01-05 09:00:46,0,0,3515,81559,118.34,33
2026-01-05 09:00:56,0,0,3515,81559,128.99,33
2026-01-05 09:01:07,0,0,3515,81559,118.44,33
2026-01-05 09:01:17,0,0,3515,81559,118.42,33
2026-01-05 09:01:27,0,0,3515,81559,130.33,33
2026-01-05 09:01:37,0,0,3515,81559,117.92,33
2026-01-05 09:01:47,0,0,3515,81559,117.78,33
2026-01-05 09:01:57,0,0,3515,81559,128.79,33
2026-01-05 09:02:07,0,0,3515,81559,117.75,33
2026-01-05 09:02:17,0,0,3515,81559,149.10,39
2026-01-05 09:02:27,0,0,3515,81559,130.91,33
2026-01-05 09:02:37,0,0,3515,81559,117.12,33
2026-01-05 09:02:47,49,16,3515,81559,138.04,40
2026-01-05 09:02:57,0,0,3515,81559,130.39,33
2026-01-05 09:03:07,0,0,3515,81559,118.56,33
2026-01-05 09:03:17,0,0,3515,81559,153.59,34
2026-01-05 09:03:27,0,0,3515,81559,128.11,33
2026-01-05 09:03:37,0,0,3515,81559,117.71,33
2026-01-05 09:03:47,0,0,3515,81559,150.99,33
2026-01-05 09:03:57,0,0,3515,81559,130.50,33
2026-01-05 09:04:08,0,0,3515,81559,118.45,33
2026-01-05 09:04:18,0,0,3515,81559,152.89,33
2026-01-05 09:04:28,0,0,3515,81559,128.51,33
2026-01-05 09:04:38,0,0,3515,81559,117.66,33
2026-01-05 09:04:48,0,0,3515,81559,136.89,33
2026-01-05 09:04:58,0,0,3515,81559,130.22,33
2026-01-05 09:05:08,0,0,3515,81559,118.47,33
2026-01-05 09:05:18,0,0,3515,81559,117.94,33
2026-01-05 09:05:28,0,0,3515,81559,128.30,33
2026-01-05 09:05:38,0,0,3515,81559,117.64,33
2026-01-05 09:05:48,0,0,3515,81559,118.32,33
2026-01-05 09:05:58,0,0,3515,81559,118.54,33
2026-01-05 09:06:08,0,0,3515,81559,118.42,33
2026-01-05 09:06:18,0,0,3515,81559,117.46,33
2026-01-05 09:06:28,0,0,3515,81559,118.87,33
2026-01-05 09:06:38,0,0,3515,81559,118.41,33
2026-01-05 09:06:48,0,0,3515,81559,117.87,33
2026-01-05 09:06:58,0,0,3515,81559,118.53,33
2026-01-05 09:07:08,0,0,3515,81559,153.87,33
2026-01-05 09:07:18,0,0,3515,81559,118.48,33
2026-01-05 09:07:29,0,0,3515,81559,118.47,33
2026-01-05 09:07:39,0,0,3515,81559,153.50,33
2026-01-05 09:07:49,0,0,3515,81559,118.47,33
2026-01-05 09:07:59,0,0,3515,81559,118.49,33
2026-01-05 09:08:09,0,0,3515,81559,151.79,33
2026-01-05 09:08:19,0,0,3515,81559,129.57,33
2026-01-05 09:08:29,0,0,3515,81559,117.71,33
2026-01-05 09:08:39,0,0,3515,81559,118.63,33
2026-01-05 09:08:49,0,0,3515,81559,129.52,33
2026-01-05 09:08:59,0,0,3515,81559,117.69,33
2026-01-05 09:09:09,0,0,3515,81559,118.43,33
2026-01-05 09:09:19,0,0,3515,81559,130.27,33
2026-01-05 09:09:29,0,0,3515,81559,117.67,33
2026-01-05 09:09:39,0,0,3515,81559,117.70,33
2026-01-05 09:09:49,0,0,3515,81559,129.72,33
2026-01-05 09:09:59,0,0,3515,81559,117.83,33
2026-01-05 09:10:10,0,0,3515,81559,117.87,33
2026-01-05 09:10:20,0,0,3515,81559,129.47,33
2026-01-05 09:10:30,29,10,3515,81559,129.91,33
2026-01-05 09:10:40,0,0,3515,81559,117.85,33
2026-01-05 09:10:50,0,0,3515,81559,128.40,33
2026-01-05 09:11:00,0,0,3515,81559,128.18,33
2026-01-05 09:11:10,0,0,3515,81559,117.77,33
2026-01-05 09:11:20,0,0,3515,81559,130.06,33
2026-01-05 09:11:30,0,0,3515,81559,154.18,33
2026-01-05 09:11:40,0,0,3515,81559,117.65,33
2026-01-05 09:11:50,0,0,3515,81559,130.47,33
2026-01-05 09:12:00,0,0,3515,81559,153.25,33
2026-01-05 09:12:10,0,0,3515,81559,117.67,33
2026-01-05 09:12:20,0,0,3515,81559,117.69,33
2026-01-05 09:12:31,0,0,3515,81559,139.87,33
2026-01-05 09:12:41,0,0,3515,81559,117.65,33
2026-01-05 09:12:51,0,0,3515,81559,117.68,33
2026-01-05 09:13:01,0,0,3515,81559,140.95,33
2026-01-05 09:13:11,0,0,3515,81559,117.77,33
2026-01-05 09:13:21,0,0,3515,81559,117.75,33
2026-01-05 09:13:31,0,0,3515,81559,140.69,33
2026-01-05 09:13:41,0,0,3515,81559,117.84,33
2026-01-05 09:13:51,0,0,3515,81559,117.83,33
2026-01-05 09:14:01,0,0,3515,81559,140.28,33
2026-01-05 09:14:11,0,0,3515,81559,117.77,33
2026-01-05 09:14:21,0,0,3515,81559,117.77,33
2026-01-05 09:14:31,0,0,3515,81559,140.40,33
2026-01-05 09:14:41,0,0,3515,81559,117.64,33
2026-01-05 09:14:51,0,0,3515,81559,117.65,33
2026-01-05 09:15:01,0,0,3515,81559,141.55,33
2026-01-05 09:15:11,0,0,3515,81559,117.58,33
2026-01-05 09:15:21,0,0,3515,81559,117.71,32
2026-01-05 09:15:32,0,0,3515,81559,140.44,33
2026-01-05 09:15:42,0,0,3515,81559,117.56,32
2026-01-05 09:15:52,0,0,3515,81559,117.62,32
2026-01-05 09:16:02,0,0,3515,81559,140.93,33
2026-01-05 09:16:12,0,0,3515,81559,117.69,33
2026-01-05 09:16:22,0,0,3515,81559,117.69,33
2026-01-05 09:16:32,0,0,3515,81559,141.12,33
2026-01-05 09:16:42,0,0,3515,81559,128.51,34
2026-01-05 09:16:52,0,0,3515,81559,129.37,33
2026-01-05 09:17:02,0,0,3515,81559,141.62,33
2026-01-05 09:17:12,30,10,3515,81559,129.59,33
2026-01-05 09:17:22,0,0,3515,81559,128.31,33
2026-01-05 09:17:32,0,0,3515,81559,141.00,33
2026-01-05 09:17:42,30,10,3515,81559,127.85,33
2026-01-05 09:17:52,0,0,3515,81559,128.79,33
2026-01-05 09:18:02,0,0,3515,81559,140.80,33
2026-01-05 09:18:12,0,0,3515,81559,130.29,33
2026-01-05 09:18:22,0,0,3515,81559,129.46,33
2026-01-05 09:18:32,0,0,3515,81559,140.73,33
2026-01-05 09:18:42,10,3,3515,81559,129.22,33
2026-01-05 09:18:52,0,0,3515,81559,130.36,33
2026-01-05 09:19:02,0,0,3515,81559,142.09,33
2026-01-05 09:19:13,0,0,3515,81559,131.62,33
2026-01-05 09:19:23,0,0,3515,81559,121.08,35
2026-01-05 09:19:33,0,0,3515,81559,141.38,33
2026-01-05 09:19:43,0,0,3515,81559,128.70,33
2026-01-05 09:19:53,0,0,3515,81559,117.81,33
2026-01-05 09:20:03,0,0,3515,81559,140.89,33
2026-01-05 09:20:13,0,0,3515,81559,129.76,33
2026-01-05 09:20:23,0,0,3515,81559,129.71,33
2026-01-05 09:20:33,0,0,3515,81559,135.73,33
2026-01-05 09:20:43,0,0,3515,81559,121.19,33
2026-01-05 09:20:53,0,0,3515,81559,130.61,33
2026-01-05 09:21:03,0,0,3515,81559,117.89,33
2026-01-05 09:21:13,0,0,3515,81559,117.90,33
2026-01-05 09:21:23,0,0,3515,81559,128.17,33
2026-01-05 09:21:33,0,0,3515,81559,117.85,33
2026-01-05 09:21:43,0,0,3515,81559,117.76,33
2026-01-05 09:21:54,0,0,3515,81559,128.68,33
2026-01-05 09:22:04,0,0,3515,81559,117.87,33
2026-01-05 09:22:14,0,0,3515,81559,117.83,33
2026-01-05 09:22:24,0,0,3515,81559,129.47,33
2026-01-05 09:22:34,0,0,3515,81559,117.80,33
2026-01-05 09:22:44,0,0,3515,81559,117.81,33
2026-01-05 09:22:54,0,0,3515,81559,117.93,33
2026-01-05 09:23:04,0,0,3515,81559,117.70,33
2026-01-05 09:23:14,0,0,3515,81559,117.83,33
2026-01-05 09:23:24,0,0,3515,81559,121.82,36
2026-01-05 09:23:34,0,0,3515,81559,117.74,33
2026-01-05 09:23:44,0,0,3515,81559,117.84,33
2026-01-05 09:23:54,30,10,3515,81559,140.93,34
2026-01-05 09:24:04,0,0,3515,81559,117.87,33
2026-01-05 09:24:14,0,0,3515,81559,117.87,33
2026-01-05 09:24:24,0,0,3515,81559,139.96,33
2026-01-05 09:24:34,0,0,3515,81559,117.86,33
2026-01-05 09:24:44,0,0,3515,81559,117.85,33
2026-01-05 09:24:54,0,0,3515,81559,140.90,33
2026-01-05 09:25:04,0,0,3515,81559,118.36,33
2026-01-05 09:25:14,0,0,3515,81559,118.46,33
2026-01-05 09:25:24,0,0,3515,81559,141.62,33
2026-01-05 09:25:34,0,0,3515,81559,118.40,33
2026-01-05 09:25:44,0,0,3515,81559,118.35,33
2026-01-05 09:25:54,0,0,3515,81559,140.61,33
2026-01-05 09:26:05,0,0,3515,81559,118.31,33
2026-01-05 09:26:15,0,0,3515,81559,118.39,33
2026-01-05 09:26:25,0,0,3515,81559,118.34,33
2026-01-05 09:26:35,0,0,3515,81559,118.30,33
2026-01-05 09:26:45,0,0,3515,81559,118.32,33
2026-01-05 09:26:55,0,0,3515,81559,123.61,33
2026-01-05 09:27:05,0,0,3515,81559,118.25,32
2026-01-05 09:27:15,0,0,3515,81559,118.27,33
2026-01-05 09:27:25,0,0,3515,81559,133.25,33
2026-01-05 09:27:35,0,0,3515,81559,118.26,32
2026-01-05 09:27:45,0,0,3515,81559,118.25,32
2026-01-05 09:27:55,0,0,3515,81559,118.31,33
2026-01-05 09:28:05,0,0,3515,81559,129.94,34
2026-01-05 09:28:15,0,0,3515,81559,117.39,32
2026-01-05 09:28:25,0,0,3515,81559,141.60,33
2026-01-05 09:28:35,30,10,3515,81559,129.02,33
2026-01-05 09:28:45,0,0,3515,81559,129.77,35
2026-01-05 09:28:55,0,0,3515,81559,140.15,33
2026-01-05 09:29:05,0,0,3515,81559,118.28,33
2026-01-05 09:29:15,0,0,3515,81559,129.19,33
2026-01-05 09:29:25,0,0,3515,81559,142.36,33
2026-01-05 09:29:35,0,0,3515,81559,117.64,33
2026-01-05 09:29:45,0,0,3515,81559,129.28,33
2026-01-05 09:29:56,0,0,3515,81559,117.69,33
2026-01-05 09:30:06,0,0,3515,81559,117.66,33
2026-01-05 09:30:16,0,0,3515,81559,128.46,33
2026-01-05 09:30:26,0,0,3515,81559,117.64,32
2026-01-05 09:30:36,0,0,3515,81559,117.65,33
2026-01-05 09:30:46,0,0,3515,81559,130.05,33
2026-01-05 09:30:56,0,0,3515,81559,117.66,33
2026-01-05 09:31:06,0,0,3515,81559,117.68,33
2026-01-05 09:31:16,0,0,3515,81559,129.02,33
2026-01-05 09:31:26,0,0,3515,81559,117.73,33
2026-01-05 09:31:36,20,7,3515,81559,132.35,33
2026-01-05 09:31:46,0,0,3515,81559,118.35,33
2026-01-05 09:31:56,0,0,3515,81559,117.70,33
2026-01-05 09:32:06,30,10,3515,81559,129.48,33
2026-01-05 09:32:16,0,0,3515,81559,117.78,33
2026-01-05 09:32:26,0,0,3515,81559,117.61,33
2026-01-05 09:32:36,7,2,3515,81559,122.57,36
2026-01-05 09:32:46,0,0,3515,81559,117.75,33
2026-01-05 09:32:57,0,0,3515,81559,117.69,33
2026-01-05 09:33:07,30,10,3515,81559,127.52,33
2026-01-05 09:33:17,0,0,3515,81559,117.77,33
2026-01-05 09:33:27,0,0,3515,81559,117.71,33
2026-01-05 09:33:37,0,0,3515,81559,128.37,33
2026-01-05 09:33:47,0,0,3515,81559,117.82,33
2026-01-05 09:33:57,0,0,3515,81559,117.67,33
2026-01-05 09:34:07,0,0,3515,81559,127.78,33
2026-01-05 09:34:17,0,0,3515,81559,117.81,33
2026-01-05 09:34:27,0,0,3515,81559,117.72,33
2026-01-05 09:34:37,0,0,3515,81559,128.06,33
2026-01-05 09:34:47,0,0,3515,81559,140.58,33
2026-01-05 09:34:57,0,0,3515,81559,117.69,33
2026-01-05 09:35:07,0,0,3515,81559,117.93,33
2026-01-05 09:35:17,0,0,3515,81559,140.32,33
2026-01-05 09:35:27,0,0,3515,81559,117.71,33
2026-01-05 09:35:37,0,0,3515,81559,128.38,33
2026-01-05 09:35:47,0,0,3515,81559,140.57,33
2026-01-05 09:35:58,0,0,3515,81559,117.75,33
2026-01-05 09:36:08,0,0,3515,81559,128.06,33
2026-01-05 09:36:18,0,0,3515,81559,117.97,33
2026-01-05 09:36:28,0,0,3515,81559,117.74,33
2026-01-05 09:36:38,0,0,3515,81559,131.55,33
2026-01-05 09:36:48,0,0,3515,81559,118.45,33
2026-01-05 09:36:58,0,0,3515,81559,118.39,33
2026-01-05 09:37:08,0,0,3515,81559,131.49,33
2026-01-05 09:37:18,0,0,3515,81559,117.63,33
2026-01-05 09:37:28,0,0,3515,81559,118.33,33
2026-01-05 09:37:38,0,0,3515,81559,129.19,33
2026-01-05 09:37:48,0,0,3515,81559,118.32,33
2026-01-05 09:37:58,0,0,3515,81559,118.32,33
2026-01-05 09:38:08,0,0,3515,81559,129.35,33
2026-01-05 09:38:19,0,0,3515,81559,118.36,33
2026-01-05 09:38:29,0,0,3515,81559,118.37,33
2026-01-05 09:38:39,0,0,3515,81559,130.42,33
2026-01-05 09:38:49,0,0,3515,81559,118.44,33
2026-01-05 09:38:59,0,0,3515,81559,118.38,33
2026-01-05 09:39:09,0,0,3515,81559,130.23,33
2026-01-05 09:39:20,0,0,3515,81559,118.31,33
2026-01-05 09:39:30,0,0,3515,81559,118.32,33
2026-01-05 09:39:40,0,0,3515,81559,139.72,37
2026-01-05 09:39:50,0,0,3515,81559,118.23,33
2026-01-05 09:40:00,0,0,3515,81559,118.24,33
2026-01-05 09:40:10,2,0,3515,81559,150.25,34
2026-01-05 09:40:20,0,0,3515,81559,118.28,33
2026-01-05 09:40:30,0,0,3515,81559,118.30,33
2026-01-05 09:40:40,0,0,3515,81559,152.12,33
2026-01-05 09:40:50,0,0,3515,81559,118.29,33
2026-01-05 09:41:00,0,0,3515,81559,118.30,33
2026-01-05 09:41:10,0,0,3515,81559,152.90,33
2026-01-05 09:41:20,0,0,3515,81559,118.31,33
2026-01-05 09:41:30,0,0,3515,81559,117.47,33
2026-01-05 09:41:40,0,0,3515,81559,150.32,33
2026-01-05 09:41:50,0,0,3515,81559,117.55,33
2026-01-05 09:42:00,0,0,3515,81559,117.49,33
2026-01-05 09:42:10,0,0,3515,81559,118.36,33
2026-01-05 09:42:20,0,0,3515,81559,118.30,33
2026-01-05 09:42:30,0,0,3515,81559,118.34,33
2026-01-05 09:42:40,0,0,3515,81559,117.80,33
2026-01-05 09:42:51,0,0,3515,81559,117.62,33
2026-01-05 09:43:01,0,0,3515,81559,118.27,33
2026-01-05 09:43:11,0,0,3515,81559,117.58,33
2026-01-05 09:43:21,0,0,3515,81559,118.24,32
2026-01-05 09:43:31,0,0,3515,81559,118.22,32
2026-01-05 09:43:41,0,0,3515,81559,117.57,33
2026-01-05 09:43:51,0,0,3515,81559,117.56,32
2026-01-05 09:44:01,0,0,3515,81559,117.50,32
2026-01-05 09:44:11,0,0,3515,81559,117.58,33
2026-01-05 09:44:21,0,0,3515,81559,118.27,33
2026-01-05 09:44:31,0,0,3515,81559,117.45,32
2026-01-05 09:44:41,0,0,3515,81559,117.42,33
2026-01-05 09:44:51,0,0,3515,81559,116.77,32
2026-01-05 09:45:01,0,0,3515,81559,118.21,32
2026-01-05 09:45:11,0,0,3515,81559,118.19,32
2026-01-05 09:45:21,0,0,3515,81559,117.54,32
2026-01-05 09:45:31,0,0,3515,81559,118.16,32
2026-01-05 09:45:41,0,0,3515,81559,117.28,32
2026-01-05 09:45:51,0,0,3515,81559,117.39,33
2026-01-05 09:46:01,0,0,3515,81559,117.51,32
2026-01-05 09:46:11,0,0,3515,81559,118.28,32
2026-01-05 09:46:21,0,0,3515,81559,117.46,33
2026-01-05 09:46:32,0,0,3515,81559,119.64,33
2026-01-05 09:46:42,0,0,3515,81559,117.50,33
2026-01-05 09:46:52,0,0,3515,81559,118.26,33
2026-01-05 09:47:02,0,0,3515,81559,117.46,33
2026-01-05 09:47:12,0,0,3515,81559,117.69,33
2026-01-05 09:47:22,0,0,3515,81559,117.53,33
2026-01-05 09:47:32,0,0,3515,81559,116.90,33
2026-01-05 09:47:42,0,0,3515,81559,117.54,33
2026-01-05 09:47:52,0,0,3515,81559,117.54,33
2026-01-05 09:48:02,0,0,3515,81559,117.48,33
2026-01-05 09:48:12,0,0,3515,81559,117.45,33
2026-01-05 09:48:22,0,0,3515,81559,117.54,33
2026-01-05 09:48:32,0,0,3515,81559,117.41,32
2026-01-05 09:48:42,0,0,3515,81559,117.42,32
2026-01-05 09:48:52,0,0,3515,81559,117.44,32
2026-01-05 09:49:02,0,0,3515,81559,117.64,32
2026-01-05 09:49:12,0,0,3515,81559,118.26,32
2026-01-05 09:49:22,0,0,3515,81559,118.17,32
2026-01-05 09:49:32,0,0,3515,81559,164.85,34
2026-01-05 09:49:42,0,0,3515,81559,117.34,32
2026-01-05 09:49:53,0,0,3515,81559,118.18,32
2026-01-05 09:50:03,0,0,3515,81559,163.28,33
2026-01-05 09:50:13,0,0,3515,81559,117.36,32
2026-01-05 09:50:23,0,0,3515,81559,117.27,32
2026-01-05 09:50:33,0,0,3515,81559,164.10,33
2026-01-05 09:50:43,0,0,3515,81559,116.74,32
2026-01-05 09:50:53,0,0,3515,81559,117.33,32
2026-01-05 09:51:03,0,0,3515,81559,118.03,32
2026-01-05 09:51:13,0,0,3515,81559,117.48,32
2026-01-05 09:51:23,0,0,3515,81559,117.47,32
2026-01-05 09:51:33,0,0,3515,81559,161.18,32
2026-01-05 09:51:43,0,0,3515,81559,118.07,32
2026-01-05 09:51:53,0,0,3515,81559,118.11,32
2026-01-05 09:52:03,0,0,3515,81559,117.45,32
2026-01-05 09:52:13,0,0,3515,81559,117.29,32
2026-01-05 09:52:23,0,0,3515,81559,117.31,32
2026-01-05 09:52:33,0,0,3515,81559,118.21,32
2026-01-05 09:52:43,0,0,3515,81559,117.46,32
2026-01-05 09:52:53,0,0,3515,81559,117.35,32
2026-01-05 09:53:04,0,0,3515,81559,117.41,32
2026-01-05 09:53:14,0,0,3515,81559,117.43,33
2026-01-05 09:53:24,0,0,3515,81559,117.40,32
2026-01-05 09:53:34,0,0,3515,81559,116.98,32
2026-01-05 09:53:44,0,0,3515,81559,117.53,33
2026-01-05 09:53:54,0,0,3515,81559,117.50,32
2026-01-05 09:54:04,0,0,3515,81559,116.88,32
2026-01-05 09:54:14,0,0,3515,81559,117.46,33
2026-01-05 09:54:24,0,0,3515,81559,117.48,32
2026-01-05 09:54:34,0,0,3515,81559,117.52,33
2026-01-05 09:54:44,0,0,3515,81559,117.65,33
2026-01-05 09:54:54,0,0,3515,81559,117.53,33
2026-01-05 09:55:04,0,0,3515,81559,117.72,33
2026-01-05 09:55:14,0,0,3515,81559,117.51,33
2026-01-05 09:55:24,0,0,3515,81559,117.40,33
2026-01-05 09:55:34,0,0,3515,81559,118.37,33
2026-01-05 09:55:44,0,0,3515,81559,117.53,33
2026-01-05 09:55:54,0,0,3515,81559,117.42,33
2026-01-05 09:56:04,0,0,3515,81559,117.71,33
2026-01-05 09:56:14,0,0,3515,81559,117.46,33
2026-01-05 09:56:24,0,0,3515,81559,117.61,33
2026-01-05 09:56:34,0,0,3515,81559,117.52,33
2026-01-05 09:56:44,0,0,3515,81559,118.31,33
2026-01-05 09:56:54,0,0,3515,81559,117.70,33
2026-01-05 09:57:04,0,0,3515,81559,118.38,33
2026-01-05 09:57:15,0,0,3515,81559,117.74,33
2026-01-05 09:57:25,0,0,3515,81559,117.50,33
2026-01-05 09:57:35,0,0,3515,81559,117.52,33
2026-01-05 09:57:45,0,0,3515,81559,117.58,33
2026-01-05 09:57:55,0,0,3515,81559,117.57,33
2026-01-05 09:58:05,0,0,3515,81559,117.55,33
2026-01-05 09:58:15,0,0,3515,81559,117.54,33
2026-01-05 09:58:25,0,0,3515,81559,128.54,33
2026-01-05 09:58:35,0,0,3515,81559,118.33,33
2026-01-05 09:58:45,0,0,3515,81559,117.52,33
2026-01-05 09:58:55,0,0,3515,81559,127.88,33
2026-01-05 09:59:05,0,0,3515,81559,117.69,33
2026-01-05 09:59:15,0,0,3515,81559,117.70,33
2026-01-05 09:59:25,0,0,3515,81559,130.00,33
2026-01-05 09:59:35,0,0,3515,81559,117.71,33
2026-01-05 09:59:45,0,0,3515,81559,117.74,33
2026-01-05 09:59:55,0,0,3515,81559,128.65,33
2026-01-05 10:00:05,0,0,3515,81559,118.38,33
2026-01-05 10:00:15,0,0,3515,81559,118.36,33
2026-01-05 10:00:25,0,0,3515,81559,130.30,33
2026-01-05 10:00:35,0,0,3515,81559,117.57,33
2026-01-05 10:00:46,0,0,3515,81559,117.59,33
2026-01-05 10:00:56,0,0,3515,81559,128.44,33
2026-01-05 10:01:06,0,0,3515,81559,118.34,33
2026-01-05 10:01:16,0,0,3515,81559,117.49,33
2026-01-05 10:01:26,0,0,3515,81559,130.81,33
2026-01-05 10:01:36,0,0,3515,81559,118.27,33
2026-01-05 10:01:46,0,0,3515,81559,117.46,33
2026-01-05 10:01:56,0,0,3515,81559,128.66,33
2026-01-05 10:02:06,0,0,3515,81559,117.46,33
2026-01-05 10:02:16,0,0,3515,81559,117.41,33
2026-01-05 10:02:26,0,0,3515,81559,129.17,33
2026-01-05 10:02:36,0,0,3515,81559,118.31,33
2026-01-05 10:02:46,0,0,3515,81559,117.44,33
2026-01-05 10:02:56,0,0,3515,81559,131.24,33
2026-01-05 10:03:06,0,0,3515,81559,118.21,33
2026-01-05 10:03:16,0,0,3515,81559,118.33,33
2026-01-05 10:03:26,0,0,3515,81559,130.46,33
2026-01-05 10:03:36,0,0,3515,81559,117.46,33
2026-01-05 10:03:47,0,0,3515,81559,117.50,33
2026-01-05 10:03:57,0,0,3515,81559,128.53,33
2026-01-05 10:04:07,0,0,3515,81559,118.25,33
2026-01-05 10:04:17,0,0,3515,81559,118.31,33
2026-01-05 10:04:27,0,0,3515,81559,117.65,33
2026-01-05 10:04:37,0,0,3515,81559,118.26,33
2026-01-05 10:04:47,0,0,3515,81559,118.33,33
2026-01-05 10:04:57,0,0,3515,81559,117.76,33
2026-01-05 10:05:07,0,0,3515,81559,117.54,33
2026-01-05 10:05:17,0,0,3515,81559,118.38,33
2026-01-05 10:05:27,84,28,3515,81559,153.03,36
2026-01-05 10:05:37,0,0,3515,81559,118.41,33
2026-01-05 10:05:47,0,0,3515,81559,117.79,33
2026-01-05 10:05:57,0,0,3515,81559,150.08,39
2026-01-05 10:06:07,0,0,3515,81559,117.58,33
2026-01-05 10:06:17,0,0,3515,81559,117.57,33
2026-01-05 10:06:27,45,15,3515,81559,153.38,34
2026-01-05 10:06:37,0,0,3515,81559,118.31,33
2026-01-05 10:06:47,0,0,3515,81559,118.43,33
2026-01-05 10:06:57,0,0,3515,81559,152.05,35
2026-01-05 10:07:07,0,0,3515,81559,118.18,33
2026-01-05 10:07:18,0,0,3515,81559,117.69,33
2026-01-05 10:07:28,0,0,3515,81559,151.64,33
2026-01-05 10:07:38,0,0,3515,81559,118.31,33
2026-01-05 10:07:48,0,0,3515,81559,117.45,33
2026-01-05 10:07:58,10,4,3515,81559,153.15,33
2026-01-05 10:08:08,0,0,3515,81559,118.36,33
2026-01-05 10:08:18,0,0,3515,81559,130.28,33
2026-01-05 10:08:28,0,0,3515,81559,152.82,33
2026-01-05 10:08:38,0,0,3515,81559,122.16,33
2026-01-05 10:08:48,0,0,3515,81559,129.56,33
2026-01-05 10:08:58,0,0,3515,81559,152.93,33
2026-01-05 10:09:08,0,0,3515,81559,117.59,33
2026-01-05 10:09:18,0,0,3515,81559,127.80,33
2026-01-05 10:09:28,0,0,3515,81559,151.11,33
2026-01-05 10:09:38,0,0,3515,81559,118.37,33
2026-01-05 10:09:48,0,0,3515,81559,130.01,33
2026-01-05 10:09:58,0,0,3515,81559,152.11,33
2026-01-05 10:10:08,0,0,3515,81559,118.31,33
2026-01-05 10:10:18,0,0,3515,81559,118.43,33
2026-01-05 10:10:28,0,0,3515,81559,151.44,33
2026-01-05 10:10:38,0,0,3515,81559,118.33,33
2026-01-05 10:10:49,0,0,3515,81559,118.39,33
2026-01-05 10:10:59,0,0,3515,81559,152.03,33
2026-01-05 10:11:09,0,0,3515,81559,118.36,33
2026-01-05 10:11:19,0,0,3515,81559,118.42,33
2026-01-05 10:11:29,0,0,3515,81559,151.32,33
2026-01-05 10:11:39,0,0,3515,81559,118.45,33
2026-01-05 10:11:49,0,0,3515,81559,117.50,33
2026-01-05 10:11:59,0,0,3515,81559,153.51,33
2026-01-05 10:12:09,0,0,3515,81559,118.35,33
2026-01-05 10:12:19,0,0,3515,81559,118.44,33
2026-01-05 10:12:29,0,0,3515,81559,152.75,33
2026-01-05 10:12:39,0,0,3515,81559,118.39,33
2026-01-05 10:12:49,0,0,3515,81559,118.39,33
2026-01-05 10:12:59,0,0,3515,81559,150.65,33
2026-01-05 10:13:09,0,0,3515,81559,117.73,33
2026-01-05 10:13:19,0,0,3515,81559,117.74,33
2026-01-05 10:13:29,0,0,3515,81559,152.38,33
2026-01-05 10:13:39,0,0,3515,81559,117.51,33
2026-01-05 10:13:49,0,0,3515,81559,118.32,33
2026-01-05 10:13:59,0,0,3515,81559,117.91,33
2026-01-05 10:14:09,0,0,3515,81559,130.71,33
2026-01-05 10:14:19,0,0,3515,81559,117.70,33
2026-01-05 10:14:30,0,0,3515,81559,117.89,33
2026-01-05 10:14:40,0,0,3515,81559,130.03,33
2026-01-05 10:14:50,0,0,3515,81559,117.79,33
2026-01-05 10:15:00,0,0,3515,81559,118.03,33
2026-01-05 10:15:10,0,0,3515,81559,129.62,33
2026-01-05 10:15:20,0,0,3515,81559,117.75,33
2026-01-05 10:15:30,0,0,3515,81559,118.46,33
2026-01-05 10:15:40,0,0,3515,81559,129.22,33
2026-01-05 10:15:50,0,0,3515,81559,117.62,33
2026-01-05 10:16:00,0,0,3515,81559,117.54,33
2026-01-05 10:16:10,0,0,3515,81559,117.56,33
2026-01-05 10:16:20,0,0,3515,81559,118.32,33
2026-01-05 10:16:30,0,0,3515,81559,118.32,33
2026-01-05 10:16:40,0,0,3515,81559,118.12,33
2026-01-05 10:16:50,0,0,3515,81559,117.53,33
2026-01-05 10:17:00,0,0,3515,81559,117.55,33
2026-01-05 10:17:11,0,0,3515,81559,118.46,33
2026-01-05 10:17:21,0,0,3515,81559,118.29,33
2026-01-05 10:17:31,0,0,3515,81559,118.37,33
2026-01-05 10:17:41,0,0,3515,81559,118.38,33
2026-01-05 10:17:51,0,0,3515,81559,117.48,33
2026-01-05 10:18:01,0,0,3515,81559,118.33,33
2026-01-05 10:18:11,0,0,3515,81559,118.31,33
2026-01-05 10:18:21,0,0,3515,81559,118.27,33
2026-01-05 10:18:31,0,0,3515,81559,118.28,33
2026-01-05 10:18:41,0,0,3515,81559,117.55,33
2026-01-05 10:18:51,0,0,3515,81559,117.51,33
2026-01-05 10:19:01,0,0,3515,81559,118.27,33
2026-01-05 10:19:11,0,0,3515,81559,118.31,33
2026-01-05 10:19:21,0,0,3515,81559,117.44,33
2026-01-05 10:19:31,0,0,3515,81559,117.55,33
2026-01-05 10:19:41,0,0,3515,81559,117.46,33
2026-01-05 10:19:51,0,0,3515,81559,117.68,33
2026-01-05 10:20:01,0,0,3515,81559,117.70,33
2026-01-05 10:20:11,0,0,3515,81559,117.45,33
2026-01-05 10:20:22,0,0,3515,81559,117.44,33
2026-01-05 10:20:32,0,0,3515,81559,117.46,33
2026-01-05 10:20:42,0,0,3515,81559,118.27,33
2026-01-05 10:20:52,0,0,3515,81559,118.26,33
2026-01-05 10:21:02,0,0,3515,81559,117.53,33
2026-01-05 10:21:12,0,0,3515,81559,118.31,33
2026-01-05 10:21:22,0,0,3515,81559,118.26,33
2026-01-05 10:21:32,0,0,3515,81559,118.27,33
2026-01-05 10:21:42,0,0,3515,81559,118.28,33
2026-01-05 10:21:52,0,0,3515,81559,117.42,33
2026-01-05 10:22:02,0,0,3515,81559,118.34,33
2026-01-05 10:22:12,0,0,3515,81559,117.46,33
2026-01-05 10:22:22,0,0,3515,81559,118.28,33
2026-01-05 10:22:32,30,10,3515,81559,128.74,37
2026-01-05 10:22:42,0,0,3515,81559,117.55,33
2026-01-05 10:22:52,0,0,3515,81559,118.37,33
2026-01-05 10:23:02,0,0,3515,81559,127.83,33
2026-01-05 10:23:12,0,0,3515,81559,118.27,33
2026-01-05 10:23:23,0,0,3515,81559,153.12,33
2026-01-05 10:23:33,0,0,3515,81559,118.29,33
2026-01-05 10:23:43,0,0,3515,81559,118.26,33
2026-01-05 10:23:53,0,0,3515,81559,152.35,33
2026-01-05 10:24:03,0,0,3515,81559,117.65,33
2026-01-05 10:24:13,0,0,3515,81559,117.60,32
2026-01-05 10:24:23,0,0,3515,81559,153.47,33
2026-01-05 10:24:33,0,0,3515,81559,117.53,32
2026-01-05 10:24:43,0,0,3515,81559,117.57,32
2026-01-05 10:24:53,0,0,3515,81559,136.34,33
2026-01-05 10:25:03,0,0,3515,81559,118.20,32
2026-01-05 10:25:13,0,0,3515,81559,118.21,32
2026-01-05 10:25:23,0,0,3515,81559,130.78,33
2026-01-05 10:25:33,0,0,3515,81559,117.49,32
2026-01-05 10:25:43,0,0,3515,81559,117.47,32
2026-01-05 10:25:53,0,0,3515,81559,127.91,33
2026-01-05 10:26:03,0,0,3515,81559,118.23,33
2026-01-05 10:26:13,0,0,3515,81559,118.25,33
2026-01-05 10:26:23,0,0,3515,81559,130.49,33
2026-01-05 10:26:33,0,0,3515,81559,117.66,33
2026-01-05 10:26:43,0,0,3515,81559,117.36,33
2026-01-05 10:26:54,0,0,3515,81559,118.37,33
2026-01-05 10:27:04,0,0,3515,81559,118.26,33
2026-01-05 10:27:14,0,0,3515,81559,118.28,33
2026-01-05 10:27:24,0,0,3515,81559,117.54,33
2026-01-05 10:27:34,0,0,3515,81559,118.25,33
2026-01-05 10:27:44,0,0,3515,81559,117.43,33
2026-01-05 10:27:54,0,0,3515,81559,118.28,33
2026-01-05 10:28:04,0,0,3515,81559,118.21,33
2026-01-05 10:28:14,0,0,3515,81559,116.84,32
2026-01-05 10:28:24,0,0,3515,81559,117.50,33
2026-01-05 10:28:34,0,0,3515,81559,117.34,32
2026-01-05 10:28:44,0,0,3515,81559,117.35,32
2026-01-05 10:28:54,0,0,3515,81559,118.27,32
2026-01-05 10:29:04,0,0,3515,81559,117.53,32
2026-01-05 10:29:14,0,0,3515,81559,117.55,32
2026-01-05 10:29:24,0,0,3515,81559,117.43,32
2026-01-05 10:29:34,0,0,3515,81559,116.84,32
2026-01-05 10:29:44,0,0,3515,81559,117.32,32
2026-01-05 10:29:54,0,0,3515,81559,116.85,32
2026-01-05 10:30:04,0,0,3515,81559,118.32,32
2026-01-05 10:30:14,0,0,3515,81559,117.64,32
2026-01-05 10:30:25,0,0,3515,81559,117.40,32
2026-01-05 10:30:35,0,0,3515,81559,117.42,32
2026-01-05 10:30:45,20,6,3515,81559,163.94,33
2026-01-05 10:30:55,0,0,3515,81559,118.20,32
2026-01-05 10:31:05,0,0,3515,81559,118.41,32
2026-01-05 10:31:15,0,0,3515,81559,163.74,33
2026-01-05 10:31:25,0,0,3515,81559,118.13,32
2026-01-05 10:31:35,0,0,3515,81559,117.54,32
2026-01-05 10:31:45,0,0,3515,81559,166.44,33
2026-01-05 10:31:55,0,0,3515,81559,118.28,32
2026-01-05 10:32:05,0,0,3515,81559,117.58,32
2026-01-05 10:32:15,0,0,3515,81559,162.66,33
2026-01-05 10:32:25,0,0,3515,81559,118.33,32
2026-01-05 10:32:35,0,0,3515,81559,117.52,32
2026-01-05 10:32:45,0,0,3515,81559,164.20,33
2026-01-05 10:32:55,0,0,3515,81559,116.80,32
2026-01-05 10:33:05,0,0,3515,81559,116.87,32
2026-01-05 10:33:16,0,0,3515,81559,117.56,33
2026-01-05 10:33:26,0,0,3515,81559,117.37,32
2026-01-05 10:33:36,0,0,3515,81559,117.49,32
2026-01-05 10:33:46,0,0,3515,81559,118.44,33
2026-01-05 10:33:56,0,0,3515,81559,117.64,32
2026-01-05 10:34:06,0,0,3515,81559,116.87,32
2026-01-05 10:34:16,0,0,3515,81559,117.56,33
2026-01-05 10:34:26,0,0,3515,81559,117.42,33
2026-01-05 10:34:36,0,0,3515,81559,117.58,32
2026-01-05 10:34:46,0,0,3515,81559,117.47,33
2026-01-05 10:34:56,0,0,3515,81559,118.24,32
2026-01-05 10:35:06,0,0,3515,81559,118.21,32
2026-01-05 10:35:16,0,0,3515,81559,117.42,32
2026-01-05 10:35:26,0,0,3515,81559,117.48,32
2026-01-05 10:35:36,0,0,3515,81559,118.23,33
2026-01-05 10:35:46,0,0,3515,81559,117.39,32
2026-01-05 10:35:56,0,0,3515,81559,117.54,32
2026-01-05 10:36:06,0,0,3515,81559,118.19,33
2026-01-05 10:36:17,0,0,3515,81559,117.56,32
2026-01-05 10:36:27,0,0,3515,81559,117.33,32
2026-01-05 10:36:37,0,0,3515,81559,118.28,33
2026-01-05 10:36:47,0,0,3515,81559,117.49,33
2026-01-05 10:36:57,0,0,3515,81559,118.30,33
2026-01-05 10:37:07,18,6,3515,81559,165.27,34
2026-01-05 10:37:17,0,0,3515,81559,118.36,33
2026-01-05 10:37:27,0,0,3515,81559,122.71,33
2026-01-05 10:37:37,0,0,3515,81559,163.59,33
2026-01-05 10:37:47,0,0,3515,81559,117.49,33
2026-01-05 10:37:57,0,0,3515,81559,117.51,33
2026-01-05 10:38:07,0,0,3515,81559,164.37,34
2026-01-05 10:38:17,0,0,3515,81559,118.31,33
2026-01-05 10:38:27,0,0,3515,81559,118.20,33
2026-01-05 10:38:37,49,17,3515,81559,164.69,35
2026-01-05 10:38:47,0,0,3515,81559,117.61,33
2026-01-05 10:38:57,0,0,3515,81559,117.44,32
2026-01-05 10:39:07,72,24,3515,81559,162.74,33
2026-01-05 10:39:17,0,0,3515,81559,118.27,33
2026-01-05 10:39:27,0,0,3515,81559,117.55,32
2026-01-05 10:39:37,0,0,3515,81559,165.12,33
2026-01-05 10:39:47,0,0,3515,81559,118.21,32
2026-01-05 10:39:58,0,0,3515,81559,118.24,32
2026-01-05 10:40:08,0,0,3515,81559,164.29,33
2026-01-05 10:40:18,0,0,3515,81559,117.51,32
2026-01-05 10:40:28,0,0,3515,81559,117.53,32
2026-01-05 10:40:38,0,0,3515,81559,164.19,33
2026-01-05 10:40:48,0,0,3515,81559,117.55,32
2026-01-05 10:40:58,0,0,3515,81559,116.76,32
2026-01-05 10:41:08,0,0,3515,81559,117.95,33
2026-01-05 10:41:18,0,0,3515,81559,118.21,32
2026-01-05 10:41:28,0,0,3515,81559,117.43,33
2026-01-05 10:41:38,0,0,3515,81559,117.64,33
2026-01-05 10:41:48,0,0,3515,81559,118.21,32
2026-01-05 10:41:58,0,0,3515,81559,118.27,33
2026-01-05 10:42:08,0,0,3515,81559,118.30,32
2026-01-05 10:42:18,0,0,3515,81559,117.33,32
2026-01-05 10:42:28,0,0,3515,81559,117.36,33
2026-01-05 10:42:38,0,0,3515,81559,118.36,32
2026-01-05 10:42:49,0,0,3515,81559,117.45,32
2026-01-05 10:42:59,0,0,3515,81559,117.37,32
2026-01-05 10:43:09,0,0,3515,81559,116.93,32
2026-01-05 10:43:19,0,0,3515,81559,117.39,32
2026-01-05 10:43:29,0,0,3515,81559,117.43,33
2026-01-05 10:43:39,0,0,3515,81559,118.32,33
2026-01-05 10:43:49,0,0,3515,81559,117.61,33
2026-01-05 10:43:59,0,0,3515,81559,118.25,33
2026-01-05 10:44:09,0,0,3515,81559,118.44,33
2026-01-05 10:44:19,0,0,3515,81559,118.37,33
2026-01-05 10:44:29,0,0,3515,81559,117.54,33
2026-01-05 10:44:39,0,0,3515,81559,117.55,33
2026-01-05 10:44:49,0,0,3515,81559,117.45,32
2026-01-05 10:44:59,0,0,3515,81559,116.97,32
2026-01-05 10:45:09,0,0,3515,81559,117.53,32
2026-01-05 10:45:19,0,0,3515,81559,117.43,32
2026-01-05 10:45:29,0,0,3515,81559,117.68,32
2026-01-05 10:45:39,0,0,3515,81559,117.45,32
2026-01-05 10:45:49,0,0,3515,81559,117.45,32
2026-01-05 10:45:59,0,0,3515,81559,131.64,38
2026-01-05 10:46:09,0,0,3515,81559,118.29,32
2026-01-05 10:46:19,0,0,3515,81559,117.46,32
2026-01-05 10:46:30,86,29,3515,81559,163.25,35
2026-01-05 10:46:40,0,0,3515,81559,117.61,32
2026-01-05 10:46:50,0,0,3515,81559,117.64,32
2026-01-05 10:47:00,0,0,3515,81559,164.30,33
2026-01-05 10:47:10,0,0,3515,81559,117.35,32
2026-01-05 10:47:20,0,0,3515,81559,117.41,32
2026-01-05 10:47:30,0,0,3515,81559,163.28,33
2026-01-05 10:47:40,0,0,3515,81559,118.16,32
2026-01-05 10:47:50,0,0,3515,81559,117.37,32
2026-01-05 10:48:00,0,0,3515,81559,164.56,33
2026-01-05 10:48:10,0,0,3515,81559,117.39,32
2026-01-05 10:48:20,0,0,3515,81559,118.15,32
2026-01-05 10:48:30,0,0,3515,81559,163.42,32
2026-01-05 10:48:40,0,0,3515,81559,116.84,32
2026-01-05 10:48:50,0,0,3515,81559,118.19,32
2026-01-05 10:49:00,0,0,3515,81559,163.85,33
2026-01-05 10:49:10,0,0,3515,81559,117.63,32
2026-01-05 10:49:21,0,0,3515,81559,117.40,32
2026-01-05 10:49:31,0,0,3515,81559,128.81,32
2026-01-05 10:49:41,0,0,3515,81559,116.82,32
2026-01-05 10:49:51,0,0,3515,81559,118.26,32
2026-01-05 10:50:01,0,0,3515,81559,118.29,32
2026-01-05 10:50:11,0,0,3515,81559,117.38,32
2026-01-05 10:50:21,0,0,3515,81559,117.43,32
2026-01-05 10:50:31,0,0,3515,81559,118.24,32
2026-01-05 10:50:41,0,0,3515,81559,117.38,32
2026-01-05 10:50:51,0,0,3515,81559,116.83,32
2026-01-05 10:51:01,0,0,3515,81559,117.48,32
2026-01-05 10:51:11,0,0,3515,81559,118.20,32
2026-01-05 10:51:21,0,0,3515,81559,118.19,32
2026-01-05 10:51:31,0,0,3515,81559,117.44,32
2026-01-05 10:51:41,0,0,3515,81559,116.85,32
2026-01-05 10:51:51,0,0,3515,81559,117.40,32
2026-01-05 10:52:01,0,0,3515,81559,118.26,32
2026-01-05 10:52:11,0,0,3515,81559,117.43,32
2026-01-05 10:52:21,0,0,3515,81559,117.58,32
2026-01-05 10:52:31,0,0,3515,81559,116.81,32
2026-01-05 10:52:41,0,0,3515,81559,117.40,32
2026-01-05 10:52:52,0,0,3515,81559,117.41,32
2026-01-05 10:53:02,0,0,3515,81559,117.39,32
2026-01-05 10:53:12,0,0,3515,81559,116.79,32
2026-01-05 10:53:22,0,0,3515,81559,127.32,32
2026-01-05 10:53:32,0,0,3515,81559,117.39,32
2026-01-05 10:53:42,0,0,3515,81559,117.37,32
2026-01-05 10:53:52,0,0,3515,81559,136.32,32
2026-01-05 10:54:02,0,0,3515,81559,117.41,32
2026-01-05 10:54:12,0,0,3515,81559,117.41,32
2026-01-05 10:54:22,53,17,3515,81559,137.13,32
2026-01-05 10:54:32,0,0,3515,81559,117.47,32
2026-01-05 10:54:42,0,0,3515,81559,118.22,32
2026-01-05 10:54:52,83,27,3515,81559,164.74,34
2026-01-05 10:55:02,0,0,3515,81559,118.29,32
2026-01-05 10:55:12,0,0,3515,81559,118.26,32
2026-01-05 10:55:22,45,15,3515,81559,162.93,34
2026-01-05 10:55:32,0,0,3515,81559,117.38,32
2026-01-05 10:55:42,0,0,3515,81559,117.44,32
2026-01-05 10:55:52,32,11,3515,81559,162.28,34
2026-01-05 10:56:02,0,0,3515,81559,118.26,32
2026-01-05 10:56:12,0,0,3515,81559,117.44,32
2026-01-05 10:56:23,88,29,3515,81559,164.74,34
2026-01-05 10:56:33,0,0,3515,81559,117.42,32
2026-01-05 10:56:43,0,0,3515,81559,117.34,32
2026-01-05 10:56:53,0,0,3515,81559,163.48,33
2026-01-05 10:57:03,0,0,3515,81559,117.60,32
2026-01-05 10:57:13,0,0,3515,81559,117.44,32
2026-01-05 10:57:23,0,0,3515,81559,164.01,33
2026-01-05 10:57:33,0,0,3515,81559,117.42,32
2026-01-05 10:57:43,0,0,3515,81559,118.22,32
2026-01-05 10:57:53,0,0,3515,81559,154.17,32
2026-01-05 10:58:03,0,0,3515,81559,118.15,32
2026-01-05 10:58:13,0,0,3515,81559,117.39,32
2026-01-05 10:58:23,0,0,3515,81559,164.76,32
2026-01-05 10:58:33,0,0,3515,81559,118.19,32
2026-01-05 10:58:43,0,0,3515,81559,117.47,32
2026-01-05 10:58:53,0,0,3515,81559,163.17,32
2026-01-05 10:59:03,0,0,3515,81559,117.34,32
2026-01-05 10:59:13,0,0,3515,81559,118.25,32
2026-01-05 10:59:23,0,0,3515,81559,127.86,32
2026-01-05 10:59:33,0,0,3515,81559,118.18,32
2026-01-05 10:59:43,0,0,3515,81559,117.44,32
2026-01-05 10:59:53,0,0,3515,81559,144.65,32
2026-01-05 11:00:03,0,0,3515,81559,117.43,32
2026-01-05 11:00:14,0,0,3515,81559,117.41,32
2026-01-05 11:00:24,0,0,3515,81559,118.36,32
2026-01-05 11:00:34,0,0,3515,81559,117.42,32
2026-01-05 11:00:44,0,0,3515,81559,117.41,32
2026-01-05 11:00:54,0,0,3515,81559,118.29,32
2026-01-05 11:01:04,0,0,3515,81559,118.24,32
2026-01-05 11:01:14,0,0,3515,81559,118.30,32
2026-01-05 11:01:24,0,0,3515,81559,117.48,32
2026-01-05 11:01:34,0,0,3515,81559,117.42,32
2026-01-05 11:01:44,0,0,3515,81559,117.48,32
2026-01-05 11:01:54,0,0,3515,81559,117.78,32
2026-01-05 11:02:04,0,0,3515,81559,117.38,32
2026-01-05 11:02:14,0,0,3515,81559,116.85,32
2026-01-05 11:02:24,0,0,3515,81559,117.40,32
2026-01-05 11:02:34,0,0,3515,81559,117.36,32
2026-01-05 11:02:44,0,0,3515,81559,117.55,32
2026-01-05 11:02:54,0,0,3515,81559,116.88,32
2026-01-05 11:03:04,0,0,3515,81559,117.35,32
2026-01-05 11:03:14,0,0,3515,81559,117.35,32
2026-01-05 11:03:24,0,0,3515,81559,117.33,32
2026-01-05 11:03:34,0,0,3515,81559,117.39,32
2026-01-05 11:03:45,20,7,3515,81559,162.73,37
2026-01-05 11:03:55,0,0,3515,81559,116.75,32
2026-01-05 11:04:05,0,0,3515,81559,117.54,32
2026-01-05 11:04:15,22,8,3515,81559,162.05,34
2026-01-05 11:04:25,0,0,3515,81559,117.34,32
2026-01-05 11:04:35,0,0,3515,81559,117.39,32
2026-01-05 11:04:45,0,0,3515,81559,162.05,34
2026-01-05 11:04:55,0,0,3515,81559,117.51,32
2026-01-05 11:05:05,0,0,3515,81559,117.33,32
2026-01-05 11:05:15,0,0,3515,81559,163.00,32
2026-01-05 11:05:25,0,0,3515,81559,117.39,32
2026-01-05 11:05:35,0,0,3515,81559,117.33,32
2026-01-05 11:05:45,0,0,3515,81559,164.92,32
2026-01-05 11:05:55,0,0,3515,81559,118.22,32
2026-01-05 11:06:05,0,0,3515,81559,118.18,32
2026-01-05 11:06:15,0,0,3515,81559,162.62,32
2026-01-05 11:06:25,0,0,3515,81559,117.43,32
2026-01-05 11:06:35,0,0,3515,81559,116.84,32
2026-01-05 11:06:45,0,0,3515,81559,119.18,32
2026-01-05 11:06:55,0,0,3515,81559,117.34,32
2026-01-05 11:07:05,0,0,3515,81559,116.87,32
2026-01-05 11:07:15,0,0,3515,81559,146.99,32
2026-01-05 11:07:25,0,0,3515,81559,117.32,32
2026-01-05 11:07:36,0,0,3515,81559,118.22,32
2026-01-05 11:07:46,0,0,3515,81559,117.75,32
2026-01-05 11:07:56,0,0,3515,81559,118.18,32
2026-01-05 11:08:06,0,0,3515,81559,117.40,32
2026-01-05 11:08:16,0,0,3515,81559,117.51,32
2026-01-05 11:08:26,0,0,3515,81559,118.17,32
2026-01-05 11:08:36,0,0,3515,81559,118.21,32
2026-01-05 11:08:46,0,0,3515,81559,117.39,32
2026-01-05 11:08:56,0,0,3515,81559,117.39,32
2026-01-05 11:09:06,0,0,3515,81559,117.54,32
2026-01-05 11:09:16,0,0,3515,81559,117.39,32
2026-01-05 11:09:26,0,0,3515,81559,117.95,32
2026-01-05 11:09:36,0,0,3515,81559,117.41,32
2026-01-05 11:09:46,0,0,3515,81559,117.37,32
2026-01-05 11:09:56,0,0,3515,81559,117.38,32
2026-01-05 11:10:06,0,0,3515,81559,117.46,32
2026-01-05 11:10:16,0,0,3515,81559,117.43,32
2026-01-05 11:10:26,0,0,3515,81559,118.23,32
2026-01-05 11:10:36,0,0,3515,81559,117.46,32
2026-01-05 11:10:46,0,0,3515,81559,117.46,32
2026-01-05 11:10:56,0,0,3515,81559,117.62,32
2026-01-05 11:11:07,0,0,3515,81559,118.59,32
2026-01-05 11:11:17,0,0,3515,81559,117.49,32
2026-01-05 11:11:27,0,0,3515,81559,117.62,32
2026-01-05 11:11:37,0,0,3515,81559,117.42,32
2026-01-05 11:11:47,0,0,3515,81559,117.47,32
2026-01-05 11:11:57,0,0,3515,81559,118.27,32
2026-01-05 11:12:07,0,0,3515,81559,118.26,32
2026-01-05 11:12:17,0,0,3515,81559,118.26,32
2026-01-05 11:12:27,0,0,3515,81559,117.46,32
2026-01-05 11:12:37,20,6,3515,81559,162.89,34
2026-01-05 11:12:47,0,0,3515,81559,117.43,32
2026-01-05 11:12:57,0,0,3515,81559,118.21,32
2026-01-05 11:13:07,0,0,3515,81559,129.98,39
2026-01-05 11:13:17,0,0,3515,81559,117.64,32
2026-01-05 11:13:27,0,0,3515,81559,117.43,32
2026-01-05 11:13:37,0,0,3515,81559,163.08,33
2026-01-05 11:13:47,0,0,3515,81559,118.26,32
2026-01-05 11:13:57,0,0,3515,81559,118.20,32
2026-01-05 11:14:07,0,0,3515,81559,162.09,33
2026-01-05 11:14:17,0,0,3515,81559,118.17,32
2026-01-05 11:14:27,0,0,3515,81559,118.20,32
2026-01-05 11:14:37,0,0,3515,81559,166.86,32
2026-01-05 11:14:48,0,0,3515,81559,117.32,32
2026-01-05 11:14:58,0,0,3515,81559,117.40,32
2026-01-05 11:15:08,0,0,3515,81559,164.82,32
2026-01-05 11:15:18,0,0,3515,81559,116.69,32
2026-01-05 11:15:28,0,0,3515,81559,117.32,32
2026-01-05 11:15:38,0,0,3515,81559,117.69,32
2026-01-05 11:15:48,0,0,3515,81559,117.49,32
2026-01-05 11:15:58,0,0,3515,81559,117.50,32
2026-01-05 11:16:08,0,0,3515,81559,117.50,32
2026-01-05 11:16:18,0,0,3515,81559,117.48,32
2026-01-05 11:16:28,0,0,3515,81559,117.51,32
2026-01-05 11:16:38,0,0,3515,81559,117.50,32
2026-01-05 11:16:48,0,0,3515,81559,117.57,32
2026-01-05 11:16:58,0,0,3515,81559,117.35,32
2026-01-05 11:17:08,0,0,3515,81559,117.66,32
2026-01-05 11:17:18,0,0,3515,81559,118.22,32
2026-01-05 11:17:28,0,0,3515,81559,117.44,32
2026-01-05 11:17:38,0,0,3515,81559,118.43,32
2026-01-05 11:17:48,0,0,3515,81559,117.36,32
2026-01-05 11:17:58,0,0,3515,81559,117.42,32
2026-01-05 11:18:08,0,0,3515,81559,120.10,32
2026-01-05 11:18:18,0,0,3515,81559,118.19,32
2026-01-05 11:18:28,0,0,3515,81559,117.44,32
2026-01-05 11:18:38,0,0,3515,81559,117.56,33
2026-01-05 11:18:48,0,0,3515,81559,117.44,32
2026-01-05 11:18:59,0,0,3515,81559,116.94,32
2026-01-05 11:19:09,0,0,3515,81559,120.95,33
2026-01-05 11:19:19,0,0,3515,81559,117.52,33
2026-01-05 11:19:29,0,0,3515,81559,118.27,33
2026-01-05 11:19:39,0,0,3515,81559,118.50,33
2026-01-05 11:19:49,0,0,3515,81559,117.51,33
2026-01-05 11:19:59,0,0,3515,81559,117.63,33
2026-01-05 11:20:09,0,0,3515,81559,118.05,33
2026-01-05 11:20:19,0,0,3515,81559,117.00,33
2026-01-05 11:20:29,0,0,3515,81559,117.57,33
2026-01-05 11:20:39,0,0,3515,81559,117.59,33
2026-01-05 11:20:49,0,0,3515,81559,117.76,33
2026-01-05 11:20:59,0,0,3515,81559,117.61,33
2026-01-05 11:21:09,0,0,3515,81559,117.70,33
2026-01-05 11:21:19,0,0,3515,81559,117.50,33
2026-01-05 11:21:29,0,0,3515,81559,116.99,33
2026-01-05 11:21:39,0,0,3515,81559,117.70,33
2026-01-05 11:21:49,0,0,3515,81559,117.60,33
2026-01-05 11:21:59,0,0,3515,81559,117.52,33
2026-01-05 11:22:09,0,0,3515,81559,117.54,33
2026-01-05 11:22:19,0,0,3515,81559,117.53,33
2026-01-05 11:22:29,0,0,3515,81559,117.50,33
2026-01-05 11:22:39,0,0,3515,81559,116.92,33
2026-01-05 11:22:49,0,0,3515,81559,116.93,33
2026-01-05 11:22:59,0,0,3515,81559,130.24,39
2026-01-05 11:23:09,0,0,3515,81559,118.38,33
2026-01-05 11:23:19,0,0,3515,81559,117.76,33
2026-01-05 11:23:30,0,0,3515,81559,117.52,36
2026-01-05 11:23:40,0,0,3515,81559,118.35,33
2026-01-05 11:23:50,0,0,3515,81559,117.55,33
2026-01-05 11:24:00,0,0,3515,81559,117.59,35
2026-01-05 11:24:10,0,0,3515,81559,117.55,33
2026-01-05 11:24:20,0,0,3515,81559,118.42,33
2026-01-05 11:24:30,0,0,3515,81559,123.27,39
2026-01-05 11:24:40,0,0,3515,81559,117.78,33
2026-01-05 11:24:50,0,0,3515,81559,117.68,33
2026-01-05 11:25:00,0,0,3515,81559,164.37,34
2026-01-05 11:25:10,0,0,3515,81559,117.04,33
2026-01-05 11:25:20,0,0,3515,81559,117.10,33
2026-01-05 11:25:30,0,0,3515,81559,166.00,33
2026-01-05 11:25:40,0,0,3515,81559,118.46,33
2026-01-05 11:25:50,0,0,3515,81559,117.70,33
2026-01-05 11:26:00,0,0,3515,81559,164.57,33
2026-01-05 11:26:10,0,0,3515,81559,117.73,33
2026-01-05 11:26:20,0,0,3515,81559,117.72,33
2026-01-05 11:26:30,0,0,3515,81559,163.66,33
2026-01-05 11:26:40,0,0,3515,81559,117.97,33
2026-01-05 11:26:50,0,0,3515,81559,118.61,33
2026-01-05 11:27:00,0,0,3515,81559,165.20,33
2026-01-05 11:27:10,0,0,3515,81559,117.66,33
2026-01-05 11:27:20,0,0,3515,81559,118.55,33
2026-01-05 11:27:30,0,0,3515,81559,162.84,33
2026-01-05 11:27:40,0,0,3515,81559,117.67,33
2026-01-05 11:27:50,0,0,3515,81559,118.53,33
2026-01-05 11:28:00,0,0,3515,81559,164.41,33
2026-01-05 11:28:10,0,0,3515,81559,117.68,33
2026-01-05 11:28:21,0,0,3515,81559,117.75,33
2026-01-05 11:28:31,0,0,3515,81559,163.97,33
2026-01-05 11:28:41,0,0,3515,81559,117.67,33
2026-01-05 11:28:51,0,0,3515,81559,117.08,33
2026-01-05 11:29:01,0,0,3515,81559,163.76,33
2026-01-05 11:29:11,0,0,3515,81559,117.70,33
2026-01-05 11:29:21,0,0,3515,81559,118.59,33
2026-01-05 11:29:31,0,0,3515,81559,118.81,33
2026-01-05 11:29:41,0,0,3515,81559,117.80,33
2026-01-05 11:29:51,0,0,3515,81559,118.03,33
2026-01-05 11:30:01,0,0,3515,81559,119.22,33
2026-01-05 11:30:11,0,0,3515,81559,117.23,33
2026-01-05 11:30:21,0,0,3515,81559,117.91,33
2026-01-05 11:30:31,0,0,3515,81559,118.73,33
2026-01-05 11:30:41,0,0,3515,81559,117.87,33
2026-01-05 11:30:51,0,0,3515,81559,117.82,33
2026-01-05 11:31:01,0,0,3515,81559,117.94,33
2026-01-05 11:31:11,0,0,3515,81559,117.97,33
2026-01-05 11:31:21,0,0,3515,81559,117.95,33
2026-01-05 11:31:31,0,0,3515,81559,118.71,33
2026-01-05 11:31:41,0,0,3515,81559,118.55,33
2026-01-05 11:31:51,0,0,3515,81559,118.71,33
2026-01-05 11:32:01,0,0,3515,81559,118.19,33
2026-01-05 11:32:11,0,0,3515,81559,117.17,33
2026-01-05 11:32:21,0,0,3515,81559,117.75,33
2026-01-05 11:32:31,0,0,3515,81559,117.90,33
2026-01-05 11:32:41,0,0,3515,81559,117.87,33
2026-01-05 11:32:51,0,0,3515,81559,117.94,33
2026-01-05 11:33:02,0,0,3515,81559,118.70,33
2026-01-05 11:33:12,0,0,3515,81559,117.88,33
2026-01-05 11:33:22,0,0,3515,81559,117.75,33
2026-01-05 11:33:32,0,0,3515,81559,118.63,33
2026-01-05 11:33:42,0,0,3515,81559,118.64,33
2026-01-05 11:33:52,0,0,3515,81559,118.54,33
2026-01-05 11:34:02,0,0,3515,81559,117.96,33
2026-01-05 11:34:12,0,0,3515,81559,117.80,33
2026-01-05 11:34:22,0,0,3515,81559,118.54,33
2026-01-05 11:34:32,0,0,3515,81559,117.75,33
2026-01-05 11:34:42,0,0,3515,81559,117.72,33
2026-01-05 11:34:52,0,0,3515,81559,118.61,33
2026-01-05 11:35:02,0,0,3515,81559,117.79,33
2026-01-05 11:35:12,0,0,3515,81559,117.90,33
2026-01-05 11:35:22,0,0,3515,81559,117.78,33
2026-01-05 11:35:32,0,0,3515,81559,117.91,33
2026-01-05 11:35:42,0,0,3515,81559,117.80,33
2026-01-05 11:35:52,0,0,3515,81559,117.65,33
2026-01-05 11:36:02,0,0,3515,81559,118.53,33
2026-01-05 11:36:12,0,0,3515,81559,117.63,33
2026-01-05 11:36:22,0,0,3515,81559,118.49,33
2026-01-05 11:36:32,0,0,3515,81559,118.57,33
2026-01-05 11:36:42,0,0,3515,81559,118.35,33
2026-01-05 11:36:52,0,0,3515,81559,118.49,33
2026-01-05 11:37:02,0,0,3515,81559,118.58,33
2026-01-05 11:37:12,0,0,3515,81559,117.75,33
2026-01-05 11:37:22,0,0,3515,81559,118.48,33
2026-01-05 11:37:32,0,0,3515,81559,117.68,33
2026-01-05 11:37:42,0,0,3515,81559,117.80,33
2026-01-05 11:37:52,0,0,3515,81559,117.70,33
2026-01-05 11:38:03,0,0,3515,81559,117.64,33
2026-01-05 11:38:13,0,0,3515,81559,118.49,33
2026-01-05 11:38:23,0,0,3515,81559,118.04,33
2026-01-05 11:38:33,0,0,3515,81559,118.59,33
2026-01-05 11:38:43,0,0,3515,81559,117.78,33
2026-01-05 11:38:53,0,0,3515,81559,117.71,33
2026-01-05 11:39:03,0,0,3515,81559,117.64,33
2026-01-05 11:39:13,0,0,3515,81559,118.45,33
2026-01-05 11:39:23,0,0,3515,81559,117.69,33
2026-01-05 11:39:33,0,0,3515,81559,117.83,33
2026-01-05 11:39:43,0,0,3515,81559,117.96,33
2026-01-05 11:39:53,43,14,3515,81559,165.11,35
2026-01-05 11:40:03,0,0,3515,81559,117.78,33
2026-01-05 11:40:13,0,0,3515,81559,118.53,33
2026-01-05 11:40:23,92,30,3515,81559,164.15,35
2026-01-05 11:40:33,0,0,3515,81559,117.71,33
2026-01-05 11:40:43,0,0,3515,81559,117.63,33
2026-01-05 11:40:53,0,0,3515,81559,162.33,34
2026-01-05 11:41:03,0,0,3515,81559,117.76,33
2026-01-05 11:41:13,0,0,3515,81559,117.79,33
2026-01-05 11:41:23,0,0,3515,81559,164.70,33
2026-01-05 11:41:33,0,0,3515,81559,118.52,33
2026-01-05 11:41:43,0,0,3515,81559,117.68,33
2026-01-05 11:41:53,0,0,3515,81559,128.11,33
2026-01-05 11:42:03,0,0,3515,81559,117.66,33
2026-01-05 11:42:13,0,0,3515,81559,117.04,33
2026-01-05 11:42:23,0,0,3515,81559,117.90,33
2026-01-05 11:42:33,0,0,3515,81559,117.66,33
2026-01-05 11:42:43,0,0,3515,81559,117.58,33
2026-01-05 11:42:54,0,0,3515,81559,117.65,33
2026-01-05 11:43:04,0,0,3515,81559,118.41,33
2026-01-05 11:43:14,0,0,3515,81559,118.28,33
2026-01-05 11:43:24,0,0,3515,81559,118.35,33
2026-01-05 11:43:34,0,0,3515,81559,118.45,33
2026-01-05 11:43:44,0,0,3515,81559,118.34,33
2026-01-05 11:43:54,0,0,3515,81559,117.73,33
2026-01-05 11:44:04,0,0,3515,81559,118.45,33
2026-01-05 11:44:14,0,0,3515,81559,117.59,33
2026-01-05 11:44:24,0,0,3515,81559,117.70,33
2026-01-05 11:44:34,0,0,3515,81559,117.62,33
2026-01-05 11:44:44,0,0,3515,81559,118.48,33
2026-01-05 11:44:54,0,0,3515,81559,118.40,33
2026-01-05 11:45:04,0,0,3515,81559,118.32,33
2026-01-05 11:45:14,0,0,3515,81559,117.60,33
2026-01-05 11:45:24,0,0,3515,81559,117.69,33
2026-01-05 11:45:34,0,0,3515,81559,117.61,33
2026-01-05 11:45:44,0,0,3515,81559,118.97,33
2026-01-05 11:45:54,0,0,3515,81559,117.60,33
2026-01-05 11:46:04,0,0,3515,81559,117.62,33
2026-01-05 11:46:14,0,0,3515,81559,117.00,33
2026-01-05 11:46:24,0,0,3515,81559,118.46,33
2026-01-05 11:46:34,0,0,3515,81559,118.50,33
2026-01-05 11:46:44,0,0,3515,81559,117.62,33
2026-01-05 11:46:54,0,0,3515,81559,117.15,33
2026-01-05 11:47:04,0,0,3515,81559,117.88,33
2026-01-05 11:47:14,0,0,3515,81559,117.63,33
2026-01-05 11:47:24,0,0,3515,81559,117.77,33
2026-01-05 11:47:34,0,0,3515,81559,117.09,33
2026-01-05 11:47:45,0,0,3515,81559,117.65,33
2026-01-05 11:47:55,0,0,3515,81559,117.54,33
2026-01-05 11:48:05,0,0,3515,81559,117.62,33
2026-01-05 11:48:15,91,30,3515,81559,161.89,39
2026-01-05 11:48:25,0,0,3515,81559,118.37,33
2026-01-05 11:48:35,0,0,3515,81559,117.53,33
2026-01-05 11:48:45,0,0,3515,81559,163.24,33
2026-01-05 11:48:55,0,0,3515,81559,117.78,33
2026-01-05 11:49:05,0,0,3515,81559,117.60,33
2026-01-05 11:49:15,0,0,3515,81559,166.47,33
2026-01-05 11:49:25,0,0,3515,81559,118.99,33
2026-01-05 11:49:35,0,0,3515,81559,117.78,33
2026-01-05 11:49:45,0,0,3515,81559,161.90,33
2026-01-05 11:49:55,0,0,3515,81559,117.60,33
2026-01-05 11:50:05,0,0,3515,81559,117.57,33
2026-01-05 11:50:15,0,0,3515,81559,143.67,33
2026-01-05 11:50:25,0,0,3515,81559,118.47,33
2026-01-05 11:50:35,0,0,3515,81559,117.65,33
2026-01-05 11:50:45,0,0,3515,81559,118.06,33
2026-01-05 11:50:55,0,0,3515,81559,117.60,33
2026-01-05 11:51:05,0,0,3515,81559,117.11,33
2026-01-05 11:51:15,0,0,3515,81559,117.62,33
2026-01-05 11:51:25,0,0,3515,81559,117.63,33
2026-01-05 11:51:35,0,0,3515,81559,117.78,33
2026-01-05 11:51:45,0,0,3515,81559,117.79,33
2026-01-05 11:51:55,0,0,3515,81559,117.76,33
2026-01-05 11:52:05,0,0,3515,81559,117.88,33
2026-01-05 11:52:15,0,0,3515,81559,118.66,33
2026-01-05 11:52:26,0,0,3515,81559,118.52,33
2026-01-05 11:52:36,0,0,3515,81559,117.82,33
2026-01-05 11:52:46,0,0,3515,81559,118.56,33
2026-01-05 11:52:56,0,0,3515,81559,117.81,33
2026-01-05 11:53:06,0,0,3515,81559,117.94,33
2026-01-05 11:53:16,0,0,3515,81559,117.67,33
2026-01-05 11:53:26,0,0,3515,81559,117.99,33
2026-01-05 11:53:36,0,0,3515,81559,117.69,33
2026-01-05 11:53:46,0,0,3515,81559,117.69,33
2026-01-05 11:53:56,0,0,3515,81559,118.64,33
2026-01-05 11:54:06,0,0,3515,81559,118.47,33
2026-01-05 11:54:16,0,0,3515,81559,117.84,33
2026-01-05 11:54:26,0,0,3515,81559,117.81,33
2026-01-05 11:54:36,0,0,3515,81559,117.85,33
2026-01-05 11:54:46,0,0,3515,81559,121.45,33
2026-01-05 11:54:56,0,0,3515,81559,117.67,33
2026-01-05 11:55:06,0,0,3515,81559,117.70,33
2026-01-05 11:55:16,0,0,3515,81559,117.81,33
2026-01-05 11:55:26,0,0,3515,81559,118.54,33
2026-01-05 11:55:36,0,0,3515,81559,117.93,33
2026-01-05 11:55:46,0,0,3515,81559,117.10,33
2026-01-05 11:55:56,0,0,3515,81559,117.11,33
2026-01-05 11:56:06,0,0,3515,81559,166.05,34
2026-01-05 11:56:16,0,0,3515,81559,118.53,33
2026-01-05 11:56:26,0,0,3515,81559,117.68,33
2026-01-05 11:56:36,0,0,3515,81559,162.99,33
2026-01-05 11:56:46,0,0,3515,81559,117.08,33
2026-01-05 11:56:56,0,0,3515,81559,117.75,33
2026-01-05 11:57:06,0,0,3515,81559,163.35,33
2026-01-05 11:57:17,0,0,3515,81559,117.08,33
2026-01-05 11:57:27,0,0,3515,81559,117.11,33
2026-01-05 11:57:37,0,0,3515,81559,118.57,33
2026-01-05 11:57:47,0,0,3515,81559,117.64,33
2026-01-05 11:57:57,0,0,3515,81559,117.70,33
2026-01-05 11:58:07,0,0,3515,81559,118.53,33
2026-01-05 11:58:17,0,0,3515,81559,117.68,33
2026-01-05 11:58:27,0,0,3515,81559,117.63,33
2026-01-05 11:58:37,0,0,3515,81559,117.27,33
2026-01-05 11:58:47,0,0,3515,81559,117.56,33
2026-01-05 11:58:57,0,0,3515,81559,117.56,33
2026-01-05 11:59:07,0,0,3515,81559,117.71,33
2026-01-05 11:59:17,0,0,3515,81559,117.69,33
2026-01-05 11:59:27,0,0,3515,81559,117.79,33
2026-01-05 11:59:37,0,0,3515,81559,117.60,33
2026-01-05 11:59:47,0,0,3515,81559,117.89,33
2026-01-05 11:59:57,0,0,3515,81559,118.33,33
2026-01-05 12:00:07,0,0,3515,81559,118.47,33
2026-01-05 12:00:17,0,0,3515,81559,118.47,33
2026-01-05 12:00:27,0,0,3515,81559,118.44,33
2026-01-05 12:00:37,0,0,3515,81559,118.46,33
2026-01-05 12:00:47,0,0,3515,81559,117.71,33
2026-01-05 12:00:57,0,0,3515,81559,117.67,33
2026-01-05 12:01:07,0,0,3515,81559,118.51,33
2026-01-05 12:01:17,0,0,3515,81559,117.61,33
2026-01-05 12:01:27,0,0,3515,81559,118.46,33
2026-01-05 12:01:37,0,0,3515,81559,117.75,33
2026-01-05 12:01:47,0,0,3515,81559,118.54,33
2026-01-05 12:01:57,0,0,3515,81559,117.69,33
2026-01-05 12:02:07,0,0,3515,81559,118.66,33
2026-01-05 12:02:18,0,0,3515,81559,117.79,33
2026-01-05 12:02:28,0,0,3515,81559,117.07,33
2026-01-05 12:02:38,0,0,3515,81559,118.50,33
2026-01-05 12:02:48,0,0,3515,81559,118.49,33
2026-01-05 12:02:58,0,0,3515,81559,137.48,36
2026-01-05 12:03:08,0,0,3515,81559,117.73,33
2026-01-05 12:03:18,0,0,3515,81559,117.80,33
2026-01-05 12:03:28,80,27,3515,81559,161.88,36
2026-01-05 12:03:38,0,0,3515,81559,118.53,33
2026-01-05 12:03:48,0,0,3515,81559,118.51,33
2026-01-05 12:03:58,99,33,3515,81559,162.68,34
2026-01-05 12:04:08,0,0,3515,81559,118.51,33
2026-01-05 12:04:18,0,0,3515,81559,118.49,33
2026-01-05 12:04:28,0,0,3515,81559,165.04,34
2026-01-05 12:04:38,0,0,3515,81559,118.45,33
2026-01-05 12:04:48,0,0,3515,81559,117.63,33
2026-01-05 12:04:58,0,0,3515,81559,165.13,34
2026-01-05 12:05:08,0,0,3515,81559,118.45,33
2026-01-05 12:05:18,0,0,3515,81559,118.44,33
2026-01-05 12:05:28,0,0,3515,81559,164.27,34
2026-01-05 12:05:38,0,0,3515,81559,117.79,33
2026-01-05 12:05:48,0,0,3515,81559,118.53,33
2026-01-05 12:05:58,0,0,3515,81559,164.79,34
2026-01-05 12:06:08,0,0,3515,81559,118.48,33
2026-01-05 12:06:18,0,0,3515,81559,117.91,33
2026-01-05 12:06:28,0,0,3515,81559,163.71,33
2026-01-05 12:06:38,0,0,3515,81559,117.98,33
2026-01-05 12:06:48,0,0,3515,81559,117.70,33
2026-01-05 12:06:58,0,0,3515,81559,162.80,34
2026-01-05 12:07:09,0,0,3515,81559,117.75,33
2026-01-05 12:07:19,0,0,3515,81559,117.75,33
2026-01-05 12:07:29,0,0,3515,81559,163.42,33
2026-01-05 12:07:39,0,0,3515,81559,117.91,33
2026-01-05 12:07:49,0,0,3515,81559,117.69,33
2026-01-05 12:07:59,0,0,3515,81559,118.11,33
2026-01-05 12:08:09,0,0,3515,81559,117.68,33
2026-01-05 12:08:19,0,0,3515,81559,117.67,33
2026-01-05 12:08:29,0,0,3515,81559,117.99,33
2026-01-05 12:08:39,0,0,3515,81559,117.89,33
2026-01-05 12:08:49,0,0,3515,81559,117.63,33
2026-01-05 12:08:59,0,0,3515,81559,117.22,33
2026-01-05 12:09:09,0,0,3515,81559,118.50,33
2026-01-05 12:09:19,0,0,3515,81559,117.71,33
2026-01-05 12:09:29,0,0,3515,81559,117.78,33
2026-01-05 12:09:39,0,0,3515,81559,117.76,33
2026-01-05 12:09:49,0,0,3515,81559,117.68,33
2026-01-05 12:09:59,0,0,3515,81559,117.66,33
2026-01-05 12:10:09,0,0,3515,81559,117.70,33
2026-01-05 12:10:19,0,0,3515,81559,117.69,33
2026-01-05 12:10:29,0,0,3515,81559,117.14,33
2026-01-05 12:10:39,0,0,3515,81559,118.45,33
2026-01-05 12:10:49,0,0,3515,81559,116.99,33
2026-01-05 12:10:59,0,0,3515,81559,118.49,33
2026-01-05 12:11:09,0,0,3515,81559,118.39,33
2026-01-05 12:11:19,0,0,3515,81559,117.65,33
2026-01-05 12:11:29,0,0,3515,81559,117.70,33
2026-01-05 12:11:39,0,0,3515,81559,117.87,33
2026-01-05 12:11:49,0,0,3515,81559,117.76,33
2026-01-05 12:11:59,0,0,3515,81559,117.78,33
2026-01-05 12:12:09,0,0,3515,81559,118.49,33
2026-01-05 12:12:20,0,0,3515,81559,118.44,33
2026-01-05 12:12:30,0,0,3515,81559,117.74,33
2026-01-05 12:12:40,0,0,3515,81559,118.52,33
2026-01-05 12:12:50,0,0,3515,81559,117.63,33
2026-01-05 12:13:00,0,0,3515,81559,118.48,33
2026-01-05 12:13:10,0,0,3515,81559,118.50,33
2026-01-05 12:13:20,0,0,3515,81559,117.70,33
2026-01-05 12:13:30,0,0,3515,81559,117.63,33
2026-01-05 12:13:40,0,0,3515,81559,117.74,33
2026-01-05 12:13:50,0,0,3515,81559,117.01,33
2026-01-05 12:14:00,0,0,3515,81559,117.66,33
2026-01-05 12:14:10,0,0,3515,81559,117.65,33
2026-01-05 12:14:20,100,34,3515,81559,164.83,37
2026-01-05 12:14:30,0,0,3515,81559,117.64,33
2026-01-05 12:14:40,0,0,3515,81559,117.71,33
2026-01-05 12:14:50,0,0,3515,81559,164.36,33
2026-01-05 12:15:00,0,0,3515,81559,116.97,33
2026-01-05 12:15:10,0,0,3515,81559,117.72,33
2026-01-05 12:15:20,0,0,3515,81559,118.01,33
2026-01-05 12:15:30,0,0,3515,81559,117.69,33
2026-01-05 12:15:40,0,0,3515,81559,117.09,33
2026-01-05 12:15:50,0,0,3515,81559,118.50,33
2026-01-05 12:16:00,0,0,3515,81559,117.60,33
2026-01-05 12:16:10,0,0,3515,81559,117.65,33
2026-01-05 12:16:20,0,0,3515,81559,117.61,33
2026-01-05 12:16:30,0,0,3515,81559,117.62,33
2026-01-05 12:16:40,0,0,3515,81559,117.78,33
2026-01-05 12:16:50,0,0,3515,81559,117.62,33
2026-01-05 12:17:00,0,0,3515,81559,117.66,33
2026-01-05 12:17:11,0,0,3515,81559,149.49,40
2026-01-05 12:17:21,0,0,3515,81559,117.82,33
2026-01-05 12:17:31,0,0,3515,81559,118.34,33
2026-01-05 12:17:41,0,0,3515,81559,164.36,33
2026-01-05 12:17:51,0,0,3515,81559,117.52,33
2026-01-05 12:18:01,0,0,3515,81559,118.36,33
2026-01-05 12:18:11,0,0,3515,81559,162.53,33
2026-01-05 12:18:21,0,0,3515,81559,118.39,33
2026-01-05 12:18:31,0,0,3515,81559,117.53,33
2026-01-05 12:18:41,0,0,3515,81559,164.43,33
2026-01-05 12:18:51,0,0,3515,81559,118.31,33
2026-01-05 12:19:01,0,0,3515,81559,118.42,33
2026-01-05 12:19:11,0,0,3515,81559,117.92,33
2026-01-05 12:19:21,0,0,3515,81559,119.01,33
2026-01-05 12:19:31,0,0,3515,81559,118.40,33
2026-01-05 12:19:41,0,0,3515,81559,117.90,33
2026-01-05 12:19:51,0,0,3515,81559,118.41,33
2026-01-05 12:20:01,0,0,3515,81559,118.43,33
2026-01-05 12:20:11,0,0,3515,81559,117.88,33
2026-01-05 12:20:21,0,0,3515,81559,117.55,33
2026-01-05 12:20:31,0,0,3515,81559,118.36,33
2026-01-05 12:20:41,0,0,3515,81559,117.62,33
2026-01-05 12:20:51,0,0,3515,81559,117.59,33
2026-01-05 12:21:01,0,0,3515,81559,116.90,33
2026-01-05 12:21:11,0,0,3515,81559,117.67,33
2026-01-05 12:21:21,0,0,3515,81559,117.57,33
2026-01-05 12:21:31,0,0,3515,81559,165.04,34
2026-01-05 12:21:41,0,0,3515,81559,117.51,33
2026-01-05 12:21:51,0,0,3515,81559,118.44,33
2026-01-05 12:22:01,0,0,3515,81559,164.52,33
2026-01-05 12:22:12,0,0,3515,81559,117.72,33
2026-01-05 12:22:22,0,0,3515,81559,117.85,33
2026-01-05 12:22:32,0,0,3515,81559,132.67,33
2026-01-05 12:22:42,0,0,3515,81559,117.49,33
2026-01-05 12:22:52,0,0,3515,81559,121.96,33
2026-01-05 12:23:02,0,0,3515,81559,118.33,33
2026-01-05 12:23:12,0,0,3515,81559,117.56,33
2026-01-05 12:23:22,0,0,3515,81559,117.54,33
2026-01-05 12:23:32,0,0,3515,81559,118.50,33
2026-01-05 12:23:42,0,0,3515,81559,116.92,33
2026-01-05 12:23:52,0,0,3515,81559,117.46,33
2026-01-05 12:24:02,0,0,3515,81559,117.83,33
2026-01-05 12:24:12,0,0,3515,81559,117.46,33
2026-01-05 12:24:22,0,0,3515,81559,118.37,33
2026-01-05 12:24:32,0,0,3515,81559,117.46,33
2026-01-05 12:24:42,0,0,3515,81559,116.99,33
2026-01-05 12:24:52,0,0,3515,81559,117.51,33
2026-01-05 12:25:02,0,0,3515,81559,116.87,33
2026-01-05 12:25:12,0,0,3515,81559,117.46,33
2026-01-05 12:25:22,0,0,3515,81559,118.93,33
2026-01-05 12:25:32,0,0,3515,81559,118.28,33
2026-01-05 12:25:42,0,0,3515,81559,118.27,33
2026-01-05 12:25:52,0,0,3515,81559,117.57,37
2026-01-05 12:26:02,0,0,3515,81559,117.50,33
2026-01-05 12:26:12,0,0,3515,81559,117.51,33
2026-01-05 12:26:22,0,0,3515,81559,163.42,33
2026-01-05 12:26:32,0,0,3515,81559,117.60,33
2026-01-05 12:26:42,0,0,3515,81559,117.51,33
2026-01-05 12:26:52,0,0,3515,81559,163.87,33
2026-01-05 12:27:02,0,0,3515,81559,117.76,33
2026-01-05 12:27:12,0,0,3515,81559,117.48,33
2026-01-05 12:27:23,0,0,3515,81559,155.42,33
2026-01-05 12:27:33,0,0,3515,81559,118.35,33
2026-01-05 12:27:43,0,0,3515,81559,117.51,33
2026-01-05 12:27:53,0,0,3515,81559,119.48,33
2026-01-05 12:28:03,0,0,3515,81559,118.34,33
2026-01-05 12:28:13,0,0,3515,81559,118.32,33
2026-01-05 12:28:23,0,0,3515,81559,118.57,33
2026-01-05 12:28:33,0,0,3515,81559,117.51,33
2026-01-05 12:28:43,0,0,3515,81559,117.56,33
2026-01-05 12:28:53,0,0,3515,81559,117.64,33
2026-01-05 12:29:03,0,0,3515,81559,117.55,33
2026-01-05 12:29:13,0,0,3515,81559,118.28,33
2026-01-05 12:29:23,0,0,3515,81559,117.66,33
2026-01-05 12:29:33,0,0,3515,81559,117.51,33
2026-01-05 12:29:43,0,0,3515,81559,117.51,33
2026-01-05 12:29:53,0,0,3515,81559,117.71,33
2026-01-05 12:30:03,0,0,3515,81559,118.44,33
2026-01-05 12:30:13,0,0,3515,81559,117.57,33
2026-01-05 12:30:23,0,0,3515,81559,117.19,33
2026-01-05 12:30:33,0,0,3515,81559,117.69,33
2026-01-05 12:30:43,0,0,3515,81559,117.59,33
2026-01-05 12:30:53,0,0,3515,81559,118.53,33
2026-01-05 12:31:03,0,0,3515,81559,117.83,33
2026-01-05 12:31:13,0,0,3515,81559,162.89,33
2026-01-05 12:31:23,0,0,3515,81559,117.88,33
2026-01-05 12:31:33,0,0,3515,81559,117.77,33
2026-01-05 12:31:43,0,0,3515,81559,164.78,33
2026-01-05 12:31:53,0,0,3515,81559,117.74,33
2026-01-05 12:32:03,0,0,3515,81559,118.48,33
2026-01-05 12:32:13,0,0,3515,81559,120.33,33
2026-01-05 12:32:24,0,0,3515,81559,117.89,33
2026-01-05 12:32:34,0,0,3515,81559,118.50,33
2026-01-05 12:32:44,0,0,3515,81559,118.57,33
2026-01-05 12:32:54,0,0,3515,81559,118.55,33
2026-01-05 12:33:04,0,0,3515,81559,117.65,33
2026-01-05 12:33:14,0,0,3515,81559,117.83,33
2026-01-05 12:33:24,0,0,3515,81559,117.65,33
2026-01-05 12:33:34,0,0,3515,81559,117.64,33
2026-01-05 12:33:44,0,0,3515,81559,118.45,33
2026-01-05 12:33:54,0,0,3515,81559,117.67,33
2026-01-05 12:34:04,0,0,3515,81559,150.60,38
2026-01-05 12:34:14,0,0,3515,81559,117.64,33
2026-01-05 12:34:24,0,0,3515,81559,117.56,33
2026-01-05 12:34:34,60,20,3515,81559,162.79,34
2026-01-05 12:34:44,0,0,3515,81559,118.42,33
2026-01-05 12:34:54,0,0,3515,81559,117.53,33
2026-01-05 12:35:04,0,0,3515,81559,163.01,33
2026-01-05 12:35:14,0,0,3515,81559,117.69,33
2026-01-05 12:35:24,0,0,3515,81559,117.78,33
2026-01-05 12:35:34,0,0,3515,81559,164.57,33
2026-01-05 12:35:44,0,0,3515,81559,118.48,33
2026-01-05 12:35:54,0,0,3515,81559,117.55,33
2026-01-05 12:36:04,0,0,3515,81559,162.23,33
2026-01-05 12:36:14,0,0,3515,81559,117.61,33
2026-01-05 12:36:24,0,0,3515,81559,117.57,33
2026-01-05 12:36:34,0,0,3515,81559,117.65,33
2026-01-05 12:36:44,0,0,3515,81559,117.01,33
2026-01-05 12:36:54,0,0,3515,81559,117.04,33
2026-01-05 12:37:04,0,0,3515,81559,118.46,33
2026-01-05 12:37:15,0,0,3515,81559,117.07,33
2026-01-05 12:37:25,0,0,3515,81559,118.46,33
2026-01-05 12:37:35,0,0,3515,81559,118.51,33
2026-01-05 12:37:45,0,0,3515,81559,117.63,33
2026-01-05 12:37:55,0,0,3515,81559,117.05,33
2026-01-05 12:38:05,0,0,3515,81559,117.65,33
2026-01-05 12:38:15,0,0,3515,81559,117.86,33
2026-01-05 12:38:25,0,0,3515,81559,118.31,33
2026-01-05 12:38:35,0,0,3515,81559,117.75,33
2026-01-05 12:38:45,0,0,3515,81559,118.53,33
2026-01-05 12:38:55,0,0,3515,81559,118.47,33
2026-01-05 12:39:05,0,0,3515,81559,117.68,33
2026-01-05 12:39:15,0,0,3515,81559,117.71,33
2026-01-05 12:39:25,0,0,3515,81559,118.44,33
2026-01-05 12:39:35,0,0,3515,81559,117.74,33
2026-01-05 12:39:45,0,0,3515,81559,117.91,33
2026-01-05 12:39:55,0,0,3515,81559,117.85,33
2026-01-05 12:40:05,0,0,3515,81559,117.72,33
2026-01-05 12:40:15,0,0,3515,81559,118.51,33
2026-01-05 12:40:25,0,0,3515,81559,117.05,33
2026-01-05 12:40:35,0,0,3515,81559,117.68,33
2026-01-05 12:40:45,0,0,3515,81559,117.08,33
2026-01-05 12:40:55,0,0,3515,81559,117.63,33
2026-01-05 12:41:05,0,0,3515,81559,117.78,33
2026-01-05 12:41:15,0,0,3515,81559,117.64,33
2026-01-05 12:41:25,0,0,3515,81559,117.06,33
2026-01-05 12:41:35,0,0,3515,81559,118.51,33
2026-01-05 12:41:45,0,0,3515,81559,118.46,33
2026-01-05 12:41:55,0,0,3515,81559,117.68,33
2026-01-05 12:42:05,0,0,3515,81559,117.79,33
2026-01-05 12:42:16,0,0,3515,81559,117.08,33
2026-01-05 12:42:26,0,0,3515,81559,161.89,40
2026-01-05 12:42:36,0,0,3515,81559,117.66,33
2026-01-05 12:42:46,0,0,3515,81559,117.60,33
2026-01-05 12:42:56,100,33,3515,81559,164.10,38
2026-01-05 12:43:06,0,0,3515,81559,118.38,33
2026-01-05 12:43:16,0,0,3515,81559,117.88,33
2026-01-05 12:43:26,0,0,3515,81559,163.04,33
2026-01-05 12:43:36,0,0,3515,81559,117.64,33
2026-01-05 12:43:46,0,0,3515,81559,117.58,33
2026-01-05 12:43:56,0,0,3515,81559,164.16,33
2026-01-05 12:44:06,0,0,3515,81559,117.67,33
2026-01-05 12:44:16,0,0,3515,81559,118.34,33
2026-01-05 12:44:26,69,23,3515,81559,164.17,34
2026-01-05 12:44:36,0,0,3515,81559,117.43,33
2026-01-05 12:44:46,0,0,3515,81559,118.30,33
2026-01-05 12:44:56,0,0,3515,81559,165.46,33
2026-01-05 12:45:06,0,0,3515,81559,117.66,33
2026-01-05 12:45:16,0,0,3515,81559,117.57,33
2026-01-05 12:45:26,0,0,3515,81559,163.38,33
2026-01-05 12:45:36,0,0,3515,81559,117.47,33
2026-01-05 12:45:46,0,0,3515,81559,118.24,33
2026-01-05 12:45:56,0,0,3515,81559,121.23,33
2026-01-05 12:46:06,0,0,3515,81559,117.47,33
2026-01-05 12:46:16,0,0,3515,81559,116.86,33
2026-01-05 12:46:26,0,0,3515,81559,145.87,33
2026-01-05 12:46:36,0,0,3515,81559,117.49,33
2026-01-05 12:46:46,0,0,3515,81559,118.22,33
2026-01-05 12:46:56,0,0,3515,81559,164.59,33
2026-01-05 12:47:06,0,0,3515,81559,117.52,33
2026-01-05 12:47:17,0,0,3515,81559,118.25,33
2026-01-05 12:47:27,0,0,3515,81559,163.63,33
2026-01-05 12:47:37,0,0,3515,81559,117.51,33
2026-01-05 12:47:47,0,0,3515,81559,117.50,33
2026-01-05 12:47:57,0,0,3515,81559,163.82,33
2026-01-05 12:48:07,0,0,3515,81559,117.60,33
2026-01-05 12:48:17,0,0,3515,81559,117.68,33
2026-01-05 12:48:27,0,0,3515,81559,117.89,33
2026-01-05 12:48:37,0,0,3515,81559,117.76,33
2026-01-05 12:48:47,0,0,3515,81559,117.43,33
2026-01-05 12:48:57,0,0,3515,81559,117.57,33
2026-01-05 12:49:07,0,0,3515,81559,117.44,33
2026-01-05 12:49:17,0,0,3515,81559,117.45,33
2026-01-05 12:49:27,0,0,3515,81559,118.25,33
2026-01-05 12:49:37,0,0,3515,81559,118.37,33
2026-01-05 12:49:47,0,0,3515,81559,117.46,33
2026-01-05 12:49:57,0,0,3515,81559,117.45,33
2026-01-05 12:50:07,0,0,3515,81559,117.61,33
2026-01-05 12:50:17,0,0,3515,81559,117.51,33
2026-01-05 12:50:27,0,0,3515,81559,118.28,33
2026-01-05 12:50:37,0,0,3515,81559,117.64,33
2026-01-05 12:50:47,0,0,3515,81559,118.19,33
2026-01-05 12:50:57,0,0,3515,81559,118.42,33
2026-01-05 12:51:07,0,0,3515,81559,117.59,33
2026-01-05 12:51:17,0,0,3515,81559,163.52,34
2026-01-05 12:51:27,0,0,3515,81559,117.64,33
2026-01-05 12:51:37,0,0,3515,81559,117.59,33
2026-01-05 12:51:47,0,0,3515,81559,165.37,34
2026-01-05 12:51:57,0,0,3515,81559,117.60,33
2026-01-05 12:52:07,0,0,3515,81559,117.00,33
2026-01-05 12:52:18,0,0,3515,81559,163.73,33
2026-01-05 12:52:28,0,0,3515,81559,117.49,33
2026-01-05 12:52:38,0,0,3515,81559,117.58,33
2026-01-05 12:52:48,0,0,3515,81559,117.70,33
2026-01-05 12:52:58,0,0,3515,81559,117.66,33
2026-01-05 12:53:08,0,0,3515,81559,117.01,33
2026-01-05 12:53:18,0,0,3515,81559,117.95,33
2026-01-05 12:53:28,0,0,3515,81559,117.57,33
2026-01-05 12:53:38,0,0,3515,81559,117.06,33
2026-01-05 12:53:48,0,0,3515,81559,117.15,33
2026-01-05 12:53:58,0,0,3515,81559,117.60,33
2026-01-05 12:54:08,0,0,3515,81559,118.37,33
2026-01-05 12:54:18,0,0,3515,81559,118.52,33
2026-01-05 12:54:28,0,0,3515,81559,118.38,33
2026-01-05 12:54:38,0,0,3515,81559,117.73,33
2026-01-05 12:54:48,0,0,3515,81559,117.63,33
2026-01-05 12:54:58,0,0,3515,81559,117.58,33
2026-01-05 12:55:08,0,0,3515,81559,118.40,33
2026-01-05 12:55:18,0,0,3515,81559,117.64,33
2026-01-05 12:55:28,0,0,3515,81559,118.40,33
2026-01-05 12:55:38,0,0,3515,81559,117.55,33
2026-01-05 12:55:48,0,0,3515,81559,117.54,33
2026-01-05 12:55:58,0,0,3515,81559,117.59,33
2026-01-05 12:56:08,0,0,3515,81559,117.56,33
2026-01-05 12:56:18,0,0,3515,81559,117.78,33
2026-01-05 12:56:28,0,0,3515,81559,117.66,33
2026-01-05 12:56:38,97,32,3515,81559,163.30,36
2026-01-05 12:56:48,0,0,3515,81559,117.77,33
2026-01-05 12:56:58,0,0,3515,81559,117.56,33
2026-01-05 12:57:08,70,23,3515,81559,164.10,35
2026-01-05 12:57:18,0,0,3515,81559,117.68,33
2026-01-05 12:57:28,0,0,3515,81559,117.68,33
2026-01-05 12:57:39,0,0,3515,81559,162.63,34
2026-01-05 12:57:49,0,0,3515,81559,117.65,33
2026-01-05 12:57:59,0,0,3515,81559,117.57,33
2026-01-05 12:58:09,38,13,3515,81559,162.81,34
2026-01-05 12:58:19,0,0,3515,81559,117.54,33
2026-01-05 12:58:29,0,0,3515,81559,117.59,33
2026-01-05 12:58:39,0,0,3515,81559,164.00,33
2026-01-05 12:58:49,0,0,3515,81559,117.51,33
2026-01-05 12:58:59,0,0,3515,81559,117.67,33
2026-01-05 12:59:09,0,0,3515,81559,163.26,33
2026-01-05 12:59:19,0,0,3515,81559,117.46,33
2026-01-05 12:59:29,0,0,3515,81559,117.83,33
2026-01-05 12:59:39,0,0,3515,81559,162.88,33
2026-01-05 12:59:49,0,0,3515,81559,117.63,33
2026-01-05 12:59:59,0,0,3515,81559,117.59,33
2026-01-05 13:00:09,0,0,3515,81559,136.83,33
2026-01-05 13:00:19,0,0,3515,81559,117.64,33
2026-01-05 13:00:29,0,0,3515,81559,118.36,33
2026-01-05 13:00:39,0,0,3515,81559,117.85,33
2026-01-05 13:00:49,0,0,3515,81559,117.00,33
2026-01-05 13:00:59,0,0,3515,81559,116.98,33
2026-01-05 13:01:09,0,0,3515,81559,117.84,33
2026-01-05 13:01:19,0,0,3515,81559,117.65,33
2026-01-05 13:01:29,0,0,3515,81559,118.44,33
2026-01-05 13:01:39,0,0,3515,81559,117.68,33
2026-01-05 13:01:49,0,0,3515,81559,118.42,33
2026-01-05 13:01:59,0,0,3515,81559,117.79,33
2026-01-05 13:02:09,0,0,3515,81559,117.63,33
2026-01-05 13:02:19,0,0,3515,81559,118.94,33
2026-01-05 13:02:30,0,0,3515,81559,118.89,33
2026-01-05 13:02:40,0,0,3515,81559,118.44,33
2026-01-05 13:02:50,0,0,3515,81559,117.59,33
2026-01-05 13:03:00,32,11,3515,81559,164.96,34
2026-01-05 13:03:10,0,0,3515,81559,118.51,33
2026-01-05 13:03:20,0,0,3515,81559,117.76,33
2026-01-05 13:03:30,0,0,3515,81559,163.63,33
2026-01-05 13:03:40,0,0,3515,81559,117.57,33
2026-01-05 13:03:50,0,0,3515,81559,118.34,33
2026-01-05 13:04:00,0,0,3515,81559,163.61,33
2026-01-05 13:04:10,0,0,3515,81559,117.68,33
2026-01-05 13:04:20,0,0,3515,81559,117.72,33
2026-01-05 13:04:30,0,0,3515,81559,122.28,33
2026-01-05 13:04:40,0,0,3515,81559,117.83,33
2026-01-05 13:04:50,0,0,3515,81559,117.59,33
2026-01-05 13:05:00,0,0,3515,81559,118.56,33
2026-01-05 13:05:10,0,0,3515,81559,117.71,33
2026-01-05 13:05:20,0,0,3515,81559,118.42,33
2026-01-05 13:05:30,0,0,3515,81559,117.64,33
2026-01-05 13:05:40,0,0,3515,81559,117.74,33
2026-01-05 13:05:50,0,0,3515,81559,118.32,33
2026-01-05 13:06:00,0,0,3515,81559,117.66,33
2026-01-05 13:06:10,0,0,3515,81559,117.57,33
2026-01-05 13:06:20,0,0,3515,81559,117.00,33
2026-01-05 13:06:30,0,0,3515,81559,118.31,33
2026-01-05 13:06:40,0,0,3515,81559,118.38,33
2026-01-05 13:06:50,0,0,3515,81559,117.46,33
2026-01-05 13:07:00,0,0,3515,81559,117.60,33
2026-01-05 13:07:10,0,0,3515,81559,117.58,33
2026-01-05 13:07:20,73,25,3515,81559,163.84,36
2026-01-05 13:07:30,0,0,3515,81559,117.54,33
2026-01-05 13:07:41,0,0,3515,81559,117.62,33
2026-01-05 13:07:51,0,0,3515,81559,164.22,34
2026-01-05 13:08:01,0,0,3515,81559,117.58,33
2026-01-05 13:08:11,0,0,3515,81559,117.62,33
2026-01-05 13:08:21,0,0,3515,81559,163.57,34
2026-01-05 13:08:31,0,0,3515,81559,117.73,33
2026-01-05 13:08:41,0,0,3515,81559,117.46,33
2026-01-05 13:08:51,0,0,3515,81559,162.96,33
2026-01-05 13:09:01,0,0,3515,81559,117.69,33
2026-01-05 13:09:11,0,0,3515,81559,117.61,33
2026-01-05 13:09:21,0,0,3515,81559,162.60,33
2026-01-05 13:09:31,0,0,3515,81559,117.63,33
2026-01-05 13:09:41,0,0,3515,81559,116.93,33
2026-01-05 13:09:51,0,0,3515,81559,163.29,33
2026-01-05 13:10:01,0,0,3515,81559,117.68,33
2026-01-05 13:10:11,0,0,3515,81559,117.57,33
2026-01-05 13:10:21,0,0,3515,81559,134.78,33
2026-01-05 13:10:31,0,0,3515,81559,117.63,33
2026-01-05 13:10:41,0,0,3515,81559,117.64,33
2026-01-05 13:10:51,0,0,3515,81559,117.77,33
2026-01-05 13:11:01,0,0,3515,81559,117.69,33
2026-01-05 13:11:11,0,0,3515,81559,117.09,33
2026-01-05 13:11:21,0,0,3515,81559,117.82,33
2026-01-05 13:11:31,0,0,3515,81559,117.61,33
2026-01-05 13:11:41,0,0,3515,81559,117.70,33
2026-01-05 13:11:51,0,0,3515,81559,118.46,33
2026-01-05 13:12:01,0,0,3515,81559,117.63,33
2026-01-05 13:12:11,0,0,3515,81559,117.72,33
2026-01-05 13:12:21,0,0,3515,81559,117.95,33
2026-01-05 13:12:32,0,0,3515,81559,117.50,33
2026-01-05 13:12:42,0,0,3515,81559,117.82,33
2026-01-05 13:12:52,0,0,3515,81559,117.61,33
2026-01-05 13:13:02,0,0,3515,81559,117.55,33
2026-01-05 13:13:12,0,0,3515,81559,117.00,33
2026-01-05 13:13:22,0,0,3515,81559,117.64,33
2026-01-05 13:13:32,0,0,3515,81559,117.63,33
2026-01-05 13:13:42,0,0,3515,81559,117.59,33
2026-01-05 13:13:52,0,0,3515,81559,117.63,33
2026-01-05 13:14:02,0,0,3515,81559,117.59,33
2026-01-05 13:14:12,0,0,3515,81559,117.63,33
2026-01-05 13:14:22,0,0,3515,81559,118.40,33
2026-01-05 13:14:32,0,0,3515,81559,118.29,33
2026-01-05 13:14:42,0,0,3515,81559,117.75,33
2026-01-05 13:14:52,0,0,3515,81559,117.55,33
2026-01-05 13:15:02,0,0,3515,81559,117.51,33
2026-01-05 13:15:12,0,0,3515,81559,164.46,33
2026-01-05 13:15:22,0,0,3515,81559,117.56,33
2026-01-05 13:15:32,0,0,3515,81559,117.50,33
2026-01-05 13:15:42,0,0,3515,81559,165.70,33
2026-01-05 13:15:52,0,0,3515,81559,117.75,33
2026-01-05 13:16:02,0,0,3515,81559,117.66,33
2026-01-05 13:16:12,0,0,3515,81559,164.75,33
2026-01-05 13:16:22,0,0,3515,81559,118.41,33
2026-01-05 13:16:32,0,0,3515,81559,117.53,33
2026-01-05 13:16:42,0,0,3515,81559,164.27,33
2026-01-05 13:16:52,0,0,3515,81559,117.68,33
2026-01-05 13:17:02,0,0,3515,81559,117.54,33
2026-01-05 13:17:13,0,0,3515,81559,118.57,33
2026-01-05 13:17:23,0,0,3515,81559,118.44,33
2026-01-05 13:17:33,0,0,3515,81559,117.62,33
2026-01-05 13:17:43,0,0,3515,81559,117.59,33
2026-01-05 13:17:53,0,0,3515,81559,117.66,33
2026-01-05 13:18:03,0,0,3515,81559,117.52,33
2026-01-05 13:18:13,0,0,3515,81559,118.40,33
2026-01-05 13:18:23,0,0,3515,81559,118.33,33
2026-01-05 13:18:33,0,0,3515,81559,118.30,33
2026-01-05 13:18:43,0,0,3515,81559,117.52,33
2026-01-05 13:18:53,0,0,3515,81559,117.72,33
2026-01-05 13:19:03,0,0,3515,81559,118.32,33
2026-01-05 13:19:13,0,0,3515,81559,117.49,33
2026-01-05 13:19:23,0,0,3515,81559,117.85,33
2026-01-05 13:19:33,0,0,3515,81559,117.61,33
2026-01-05 13:19:43,0,0,3515,81559,117.03,33
2026-01-05 13:19:53,0,0,3515,81559,117.68,33
2026-01-05 13:20:03,0,0,3515,81559,163.22,33
2026-01-05 13:20:13,0,0,3515,81559,117.60,33
2026-01-05 13:20:23,0,0,3515,81559,117.61,33
2026-01-05 13:20:33,0,0,3515,81559,163.23,33
2026-01-05 13:20:43,0,0,3515,81559,117.81,33
2026-01-05 13:20:53,0,0,3515,81559,117.61,33
2026-01-05 13:21:03,0,0,3515,81559,118.07,33
2026-01-05 13:21:13,0,0,3515,81559,116.89,33
2026-01-05 13:21:23,0,0,3515,81559,118.14,33
2026-01-05 13:21:33,0,0,3515,81559,117.80,33
2026-01-05 13:21:44,0,0,3515,81559,117.61,33
2026-01-05 13:21:54,0,0,3515,81559,117.03,33
2026-01-05 13:22:04,0,0,3515,81559,117.74,33
2026-01-05 13:22:14,0,0,3515,81559,117.72,33
2026-01-05 13:22:24,0,0,3515,81559,117.64,33
2026-01-05 13:22:34,0,0,3515,81559,118.40,33
2026-01-05 13:22:44,0,0,3515,81559,118.53,33
2026-01-05 13:22:54,0,0,3515,81559,131.82,39
2026-01-05 13:23:04,0,0,3515,81559,117.08,33
2026-01-05 13:23:14,0,0,3515,81559,118.57,33
2026-01-05 13:23:24,61,20,3515,81559,163.18,34
2026-01-05 13:23:34,0,0,3515,81559,117.73,33
2026-01-05 13:23:44,0,0,3515,81559,118.51,33
2026-01-05 13:23:54,0,0,3515,81559,163.91,34
2026-01-05 13:24:04,0,0,3515,81559,118.59,33
2026-01-05 13:24:14,0,0,3515,81559,117.54,33
2026-01-05 13:24:24,0,0,3515,81559,157.51,33
2026-01-05 13:24:34,0,0,3515,81559,117.77,33
2026-01-05 13:24:44,0,0,3515,81559,117.73,33
2026-01-05 13:24:54,0,0,3515,81559,118.13,33
2026-01-05 13:25:04,0,0,3515,81559,117.97,33
2026-01-05 13:25:14,0,0,3515,81559,117.65,33
2026-01-05 13:25:24,0,0,3515,81559,117.75,33
2026-01-05 13:25:34,0,0,3515,81559,117.68,33
2026-01-05 13:25:44,0,0,3515,81559,117.78,33
2026-01-05 13:25:54,0,0,3515,81559,117.75,33
2026-01-05 13:26:04,0,0,3515,81559,117.04,33
2026-01-05 13:26:14,0,0,3515,81559,117.03,33
2026-01-05 13:26:24,0,0,3515,81559,118.45,33
2026-01-05 13:26:35,0,0,3515,81559,118.41,33
2026-01-05 13:26:45,0,0,3515,81559,118.50,33
2026-01-05 13:26:55,0,0,3515,81559,117.73,33
2026-01-05 13:27:05,0,0,3515,81559,118.44,33
2026-01-05 13:27:15,0,0,3515,81559,117.64,33
2026-01-05 13:27:25,0,0,3515,81559,117.75,33
2026-01-05 13:27:35,0,0,3515,81559,117.64,33
2026-01-05 13:27:45,0,0,3515,81559,117.55,33
2026-01-05 13:27:55,0,0,3515,81559,118.50,33
2026-01-05 13:28:05,0,0,3515,81559,117.70,33
2026-01-05 13:28:15,0,0,3515,81559,117.54,33
2026-01-05 13:28:25,0,0,3515,81559,118.48,33
2026-01-05 13:28:35,0,0,3515,81559,118.29,33
2026-01-05 13:28:45,0,0,3515,81559,117.58,33
2026-01-05 13:28:55,0,0,3515,81559,118.54,33
2026-01-05 13:29:05,0,0,3515,81559,118.51,33
2026-01-05 13:29:15,0,0,3515,81559,117.67,33
2026-01-05 13:29:25,0,0,3515,81559,118.56,33
2026-01-05 13:29:35,0,0,3515,81559,118.53,33
2026-01-05 13:29:45,24,8,3515,81559,162.60,35
2026-01-05 13:29:55,0,0,3515,81559,117.78,33
2026-01-05 13:30:05,0,0,3515,81559,118.56,33
2026-01-05 13:30:15,76,25,3515,81559,161.23,35
2026-01-05 13:30:25,0,0,3515,81559,117.21,33
2026-01-05 13:30:35,0,0,3515,81559,117.78,33
2026-01-05 13:30:45,3,1,3515,81559,128.69,38
2026-01-05 13:30:55,0,0,3515,81559,118.60,33
2026-01-05 13:31:05,0,0,3515,81559,117.12,33
2026-01-05 13:31:16,0,0,3515,81559,164.11,34
2026-01-05 13:31:26,0,0,3515,81559,118.66,33
2026-01-05 13:31:36,0,0,3515,81559,117.79,33
2026-01-05 13:31:46,0,0,3515,81559,164.89,34
2026-01-05 13:31:56,0,0,3515,81559,117.97,33
2026-01-05 13:32:06,0,0,3515,81559,117.75,33
2026-01-05 13:32:16,0,0,3515,81559,164.53,33
2026-01-05 13:32:26,0,0,3515,81559,118.62,33
2026-01-05 13:32:36,0,0,3515,81559,117.84,33
2026-01-05 13:32:46,0,0,3515,81559,117.82,33
2026-01-05 13:32:59,0,0,3515,81559,118.57,33
2026-01-05 13:33:09,0,0,3515,81559,118.08,33
2026-01-05 13:33:19,0,0,3515,81559,117.93,33
2026-01-05 13:33:29,0,0,3515,81559,117.74,33
2026-01-05 13:33:39,0,0,3515,81559,117.80,33
2026-01-05 13:33:49,0,0,3515,81559,117.76,33
2026-01-05 13:33:59,0,0,3515,81559,118.56,33
2026-01-05 13:34:09,0,0,3515,81559,117.82,33
2026-01-05 13:34:19,0,0,3515,81559,117.72,33
2026-01-05 13:34:29,0,0,3515,81559,117.75,33
2026-01-05 13:34:39,0,0,3515,81559,117.78,33
2026-01-05 13:34:49,0,0,3515,81559,118.54,33
2026-01-05 13:34:59,0,0,3515,81559,117.77,33
2026-01-05 13:35:09,0,0,3515,81559,117.80,33
2026-01-05 13:35:19,0,0,3515,81559,117.94,33
2026-01-05 13:35:29,0,0,3515,81559,117.77,33
2026-01-05 13:35:39,0,0,3515,81559,118.40,33
2026-01-05 13:35:49,0,0,3515,81559,118.61,33
2026-01-05 13:35:59,0,0,3515,81559,117.74,33
2026-01-05 13:36:09,0,0,3515,81559,117.87,33
2026-01-05 13:36:20,0,0,3515,81559,117.98,33
2026-01-05 13:36:30,0,0,3515,81559,118.51,33
2026-01-05 13:36:40,0,0,3515,81559,117.69,33
2026-01-05 13:36:50,0,0,3515,81559,117.83,33
2026-01-05 13:37:00,0,0,3515,81559,164.50,34
2026-01-05 13:37:10,0,0,3515,81559,117.14,33
2026-01-05 13:37:20,0,0,3515,81559,118.52,33
2026-01-05 13:37:30,0,0,3515,81559,164.78,34
2026-01-05 13:37:40,0,0,3515,81559,117.68,33
2026-01-05 13:37:50,0,0,3515,81559,117.74,33
2026-01-05 13:38:00,0,0,3515,81559,163.85,33
2026-01-05 13:38:10,0,0,3515,81559,117.63,33
2026-01-05 13:38:20,0,0,3515,81559,117.61,33
2026-01-05 13:38:30,0,0,3515,81559,163.52,33
2026-01-05 13:38:40,0,0,3515,81559,117.91,33
2026-01-05 13:38:50,0,0,3515,81559,117.68,33
2026-01-05 13:39:00,0,0,3515,81559,118.51,33
2026-01-05 13:39:10,0,0,3515,81559,117.84,33
2026-01-05 13:39:20,0,0,3515,81559,117.73,33
2026-01-05 13:39:30,0,0,3515,81559,163.38,33
2026-01-05 13:39:40,0,0,3515,81559,117.90,33
2026-01-05 13:39:50,0,0,3515,81559,117.81,33
2026-01-05 13:40:00,0,0,3515,81559,127.34,33
2026-01-05 13:40:10,0,0,3515,81559,117.81,33
2026-01-05 13:40:20,0,0,3515,81559,117.79,33
2026-01-05 13:40:30,0,0,3515,81559,117.89,33
2026-01-05 13:40:40,0,0,3515,81559,117.83,33
2026-01-05 13:40:50,0,0,3515,81559,117.97,33
2026-01-05 13:41:00,0,0,3515,81559,118.66,33
2026-01-05 13:41:11,0,0,3515,81559,118.61,33
2026-01-05 13:41:21,0,0,3515,81559,117.82,33
2026-01-05 13:41:31,0,0,3515,81559,118.69,33
2026-01-05 13:41:41,0,0,3515,81559,118.59,33
2026-01-05 13:41:51,0,0,3515,81559,118.59,33
2026-01-05 13:42:01,0,0,3515,81559,117.77,33
2026-01-05 13:42:11,0,0,3515,81559,117.17,33
2026-01-05 13:42:21,0,0,3515,81559,117.66,33
2026-01-05 13:42:31,0,0,3515,81559,117.22,33
2026-01-05 13:42:41,0,0,3515,81559,118.59,33
2026-01-05 13:42:51,0,0,3515,81559,118.49,33
2026-01-05 13:43:01,0,0,3515,81559,118.62,33
2026-01-05 13:43:11,0,0,3515,81559,117.75,33
2026-01-05 13:43:21,0,0,3515,81559,117.88,33
2026-01-05 13:43:31,0,0,3515,81559,117.15,33
2026-01-05 13:43:41,0,0,3515,81559,117.71,33
2026-01-05 13:43:51,0,0,3515,81559,118.54,33
2026-01-05 13:44:01,0,0,3515,81559,117.18,33
2026-01-05 13:44:11,0,0,3515,81559,117.15,33
2026-01-05 13:44:21,0,0,3515,81559,118.60,33
2026-01-05 13:44:31,0,0,3515,81559,117.85,33
2026-01-05 13:44:41,0,0,3515,81559,117.69,33
2026-01-05 13:44:51,0,0,3515,81559,117.78,33
2026-01-05 13:45:01,0,0,3515,81559,117.12,33
2026-01-05 13:45:11,0,0,3515,81559,117.73,33
2026-01-05 13:45:21,0,0,3515,81559,117.72,33
2026-01-05 13:45:31,0,0,3515,81559,117.91,33
2026-01-05 13:45:41,0,0,3515,81559,118.49,33
2026-01-05 13:45:52,96,31,3515,81559,162.31,39
2026-01-05 13:46:02,0,0,3515,81559,117.73,33
2026-01-05 13:46:12,0,0,3515,81559,117.78,33
2026-01-05 13:46:22,0,0,3515,81559,164.63,34
2026-01-05 13:46:32,0,0,3515,81559,117.71,33
2026-01-05 13:46:42,0,0,3515,81559,117.90,33
2026-01-05 13:46:52,0,0,3515,81559,163.91,34
2026-01-05 13:47:02,0,0,3515,81559,117.72,33
2026-01-05 13:47:12,0,0,3515,81559,117.86,33
2026-01-05 13:47:22,0,0,3515,81559,164.00,33
2026-01-05 13:47:32,0,0,3515,81559,117.74,33
2026-01-05 13:47:42,0,0,3515,81559,118.47,33
2026-01-05 13:47:52,0,0,3515,81559,165.43,33
2026-01-05 13:48:02,0,0,3515,81559,118.50,33
2026-01-05 13:48:12,0,0,3515,81559,118.54,33
2026-01-05 13:48:22,0,0,3515,81559,163.04,33
2026-01-05 13:48:32,0,0,3515,81559,117.76,33
2026-01-05 13:48:42,0,0,3515,81559,117.81,33
2026-01-05 13:48:52,0,0,3515,81559,125.53,33
2026-01-05 13:49:02,0,0,3515,81559,117.68,33
2026-01-05 13:49:12,0,0,3515,81559,117.16,33
2026-01-05 13:49:22,0,0,3515,81559,118.60,33
2026-01-05 13:49:32,0,0,3515,81559,118.48,33
2026-01-05 13:49:42,0,0,3515,81559,118.64,33
2026-01-05 13:49:52,0,0,3515,81559,117.84,33
2026-01-05 13:50:02,0,0,3515,81559,118.54,33
2026-01-05 13:50:13,0,0,3515,81559,118.66,33
2026-01-05 13:50:23,0,0,3515,81559,118.54,33
2026-01-05 13:50:33,0,0,3515,81559,117.79,33
2026-01-05 13:50:43,0,0,3515,81559,117.94,33
2026-01-05 13:50:53,0,0,3515,81559,117.90,33
2026-01-05 13:51:03,0,0,3515,81559,118.42,33
2026-01-05 13:51:13,0,0,3515,81559,117.79,33
2026-01-05 13:51:23,0,0,3515,81559,117.86,33
2026-01-05 13:51:33,0,0,3515,81559,117.82,33
2026-01-05 13:51:43,0,0,3515,81559,117.73,33
2026-01-05 13:51:53,0,0,3515,81559,118.52,33
2026-01-05 13:52:03,0,0,3515,81559,118.83,33
2026-01-05 13:52:13,0,0,3515,81559,117.65,33
2026-01-05 13:52:23,0,0,3515,81559,117.80,33
2026-01-05 13:52:33,0,0,3515,81559,118.45,33
2026-01-05 13:52:43,0,0,3515,81559,117.74,33
2026-01-05 13:52:53,0,0,3515,81559,118.48,33
2026-01-05 13:53:03,0,0,3515,81559,117.72,33
2026-01-05 13:53:13,0,0,3515,81559,117.13,33
2026-01-05 13:53:23,0,0,3515,81559,118.59,33
2026-01-05 13:53:33,0,0,3515,81559,117.68,33
2026-01-05 13:53:43,0,0,3515,81559,133.70,39
2026-01-05 13:53:53,0,0,3515,81559,118.72,33
2026-01-05 13:54:03,0,0,3515,81559,118.53,33
2026-01-05 13:54:13,90,30,3515,81559,164.58,34
2026-01-05 13:54:23,0,0,3515,81559,118.62,33
2026-01-05 13:54:33,0,0,3515,81559,118.57,33
2026-01-05 13:54:43,0,0,3515,81559,164.68,34
2026-01-05 13:54:54,0,0,3515,81559,117.80,33
2026-01-05 13:55:04,0,0,3515,81559,117.95,33
2026-01-05 13:55:14,0,0,3515,81559,162.64,33
2026-01-05 13:55:24,0,0,3515,81559,117.74,33
2026-01-05 13:55:34,0,0,3515,81559,118.02,33
2026-01-05 13:55:44,0,0,3515,81559,118.80,33
2026-01-05 13:55:54,0,0,3515,81559,117.65,33
2026-01-05 13:56:04,0,0,3515,81559,117.84,33
2026-01-05 13:56:14,0,0,3515,81559,118.06,33
2026-01-05 13:56:24,0,0,3515,81559,117.12,33
2026-01-05 13:56:34,0,0,3515,81559,118.56,33
2026-01-05 13:56:44,0,0,3515,81559,118.00,33
2026-01-05 13:56:54,0,0,3515,81559,117.81,33
2026-01-05 13:57:04,0,0,3515,81559,117.66,33
2026-01-05 13:57:14,0,0,3515,81559,117.84,33
2026-01-05 13:57:24,0,0,3515,81559,117.20,33
2026-01-05 13:57:34,0,0,3515,81559,118.52,33
2026-01-05 13:57:44,0,0,3515,81559,118.60,33
2026-01-05 13:57:54,0,0,3515,81559,117.22,33
2026-01-05 13:58:04,0,0,3515,81559,145.24,39
2026-01-05 13:58:14,0,0,3515,81559,117.96,33
2026-01-05 13:58:24,0,0,3515,81559,117.98,33
2026-01-05 13:58:34,31,10,3515,81559,163.29,35
2026-01-05 13:58:44,0,0,3515,81559,118.55,33
2026-01-05 13:58:54,0,0,3515,81559,117.96,33
2026-01-05 13:59:04,0,0,3515,81559,163.13,34
2026-01-05 13:59:14,0,0,3515,81559,118.60,33
2026-01-05 13:59:25,0,0,3515,81559,118.53,33
2026-01-05 13:59:35,0,0,3515,81559,118.06,33
2026-01-05 13:59:45,0,0,3515,81559,118.02,33
2026-01-05 13:59:55,0,0,3515,81559,118.02,33
2026-01-05 14:00:05,0,0,3515,81559,118.77,34
2026-01-05 14:00:15,0,0,3515,81559,117.92,33
2026-01-05 14:00:25,0,0,3515,81559,117.88,33
2026-01-05 14:00:35,0,0,3515,81559,117.92,33
2026-01-05 14:00:45,0,0,3515,81559,118.61,33
2026-01-05 14:00:55,0,0,3515,81559,117.98,33
2026-01-05 14:01:05,0,0,3515,81559,118.64,34
2026-01-05 14:01:15,0,0,3515,81559,118.64,33
2026-01-05 14:01:25,0,0,3515,81559,117.87,33
2026-01-05 14:01:35,0,0,3515,81559,118.71,34
2026-01-05 14:01:45,0,0,3515,81559,117.93,33
2026-01-05 14:01:55,0,0,3515,81559,118.00,33
2026-01-05 14:02:05,0,0,3515,81559,117.88,33
2026-01-05 14:02:15,0,0,3515,81559,117.94,33
2026-01-05 14:02:25,0,0,3515,81559,117.81,33
2026-01-05 14:02:35,0,0,3515,81559,117.88,33
2026-01-05 14:02:45,0,0,3515,81559,117.14,33
2026-01-05 14:02:55,0,0,3515,81559,118.52,33
2026-01-05 14:03:05,0,0,3515,81559,117.79,33
2026-01-05 14:03:15,0,0,3515,81559,117.69,33
2026-01-05 14:03:25,0,0,3515,81559,117.69,33
2026-01-05 14:03:35,0,0,3515,81559,117.79,33
2026-01-05 14:03:45,0,0,3515,81559,117.26,33
2026-01-05 14:03:55,0,0,3515,81559,118.51,33
2026-01-05 14:04:06,0,0,3515,81559,118.59,33
2026-01-05 14:04:16,0,0,3515,81559,117.11,33
2026-01-05 14:04:26,0,0,3515,81559,117.82,33
2026-01-05 14:04:36,0,0,3515,81559,117.74,33
2026-01-05 14:04:46,0,0,3515,81559,117.85,33
2026-01-05 14:04:56,0,0,3515,81559,150.39,36
2026-01-05 14:05:06,0,0,3515,81559,118.56,33
2026-01-05 14:05:16,0,0,3515,81559,117.72,33
2026-01-05 14:05:26,0,0,3515,81559,163.28,34
2026-01-05 14:05:36,0,0,3515,81559,117.78,33
2026-01-05 14:05:46,0,0,3515,81559,118.60,33
2026-01-05 14:05:56,0,0,3515,81559,162.53,34
2026-01-05 14:06:06,0,0,3515,81559,117.66,33
2026-01-05 14:06:16,0,0,3515,81559,117.80,33
2026-01-05 14:06:26,0,0,3515,81559,118.04,33
2026-01-05 14:06:36,0,0,3515,81559,117.80,33
2026-01-05 14:06:46,0,0,3515,81559,117.80,33
2026-01-05 14:06:56,0,0,3515,81559,117.86,33
2026-01-05 14:07:06,0,0,3515,81559,118.03,33
2026-01-05 14:07:16,0,0,3515,81559,117.77,33
2026-01-05 14:07:26,0,0,3515,81559,118.65,33
2026-01-05 14:07:36,0,0,3515,81559,118.46,33
2026-01-05 14:07:46,0,0,3515,81559,118.56,33
2026-01-05 14:07:56,0,0,3515,81559,118.56,33
2026-01-05 14:08:06,0,0,3515,81559,117.93,33
2026-01-05 14:08:16,0,0,3515,81559,117.67,33
2026-01-05 14:08:26,0,0,3515,81559,117.79,33
2026-01-05 14:08:36,0,0,3515,81559,117.07,33
2026-01-05 14:08:47,0,0,3515,81559,117.78,33
2026-01-05 14:08:57,0,0,3515,81559,117.83,33
2026-01-05 14:09:07,0,0,3515,81559,118.53,33
2026-01-05 14:09:17,0,0,3515,81559,118.57,33
2026-01-05 14:09:27,0,0,3515,81559,118.62,33
2026-01-05 14:09:37,0,0,3515,81559,117.75,33
2026-01-05 14:09:47,0,0,3515,81559,118.54,33
2026-01-05 14:09:57,0,0,3515,81559,117.83,33
2026-01-05 14:10:07,0,0,3515,81559,118.66,33
2026-01-05 14:10:17,0,0,3515,81559,117.85,33
2026-01-05 14:10:27,0,0,3515,81559,117.78,33
2026-01-05 14:10:37,0,0,3515,81559,117.93,33
2026-01-05 14:10:47,0,0,3515,81559,117.80,33
2026-01-05 14:10:57,0,0,3515,81559,118.55,33
2026-01-05 14:11:07,0,0,3515,81559,118.61,33
2026-01-05 14:11:17,100,33,3515,81559,161.19,38
2026-01-05 14:11:27,0,0,3515,81559,117.84,33
2026-01-05 14:11:37,0,0,3515,81559,117.80,33
2026-01-05 14:11:47,0,0,3515,81559,162.90,34
2026-01-05 14:11:57,0,0,3515,81559,117.95,33
2026-01-05 14:12:07,0,0,3515,81559,117.96,33
2026-01-05 14:12:17,0,0,3515,81559,163.09,33
2026-01-05 14:12:27,0,0,3515,81559,117.83,33
2026-01-05 14:12:37,0,0,3515,81559,117.64,33
2026-01-05 14:12:47,0,0,3515,81559,130.54,33
2026-01-05 14:12:57,0,0,3515,81559,117.80,33
2026-01-05 14:13:07,0,0,3515,81559,117.79,33
2026-01-05 14:13:17,0,0,3515,81559,118.90,33
2026-01-05 14:13:27,0,0,3515,81559,117.97,33
2026-01-05 14:13:37,0,0,3515,81559,117.76,33
2026-01-05 14:13:48,0,0,3515,81559,117.81,33
2026-01-05 14:13:58,0,0,3515,81559,117.21,33
2026-01-05 14:14:08,0,0,3515,81559,117.79,33
2026-01-05 14:14:18,0,0,3515,81559,117.83,33
2026-01-05 14:14:28,0,0,3515,81559,117.79,33
2026-01-05 14:14:38,0,0,3515,81559,118.61,33
2026-01-05 14:14:48,0,0,3515,81559,118.03,33
2026-01-05 14:14:58,0,0,3515,81559,117.93,33
2026-01-05 14:15:08,0,0,3515,81559,118.54,33
2026-01-05 14:15:18,0,0,3515,81559,117.19,33
2026-01-05 14:15:28,0,0,3515,81559,117.65,33
2026-01-05 14:15:38,0,0,3515,81559,123.05,33
2026-01-05 14:15:48,0,0,3515,81559,117.78,33
2026-01-05 14:15:58,0,0,3515,81559,117.92,33
2026-01-05 14:16:08,84,28,3515,81559,164.04,36
2026-01-05 14:16:18,0,0,3515,81559,122.19,33
2026-01-05 14:16:28,0,0,3515,81559,117.79,33
2026-01-05 14:16:38,0,0,3515,81559,165.01,34
2026-01-05 14:16:48,0,0,3515,81559,117.64,33
2026-01-05 14:16:58,0,0,3515,81559,117.07,33
2026-01-05 14:17:08,0,0,3515,81559,123.39,33
2026-01-05 14:17:18,0,0,3515,81559,117.02,33
2026-01-05 14:17:29,0,0,3515,81559,117.55,33
2026-01-05 14:17:39,0,0,3515,81559,118.61,33
2026-01-05 14:17:49,0,0,3515,81559,117.61,33
2026-01-05 14:17:59,0,0,3515,81559,118.86,33
2026-01-05 14:18:09,0,0,3515,81559,118.43,33
2026-01-05 14:18:19,0,0,3515,81559,118.36,33
2026-01-05 14:18:29,0,0,3515,81559,118.29,33
2026-01-05 14:18:39,0,0,3515,81559,117.59,33
2026-01-05 14:18:49,0,0,3515,81559,118.36,33
2026-01-05 14:18:59,0,0,3515,81559,117.45,33
2026-01-05 14:19:09,0,0,3515,81559,118.33,33
2026-01-05 14:19:19,0,0,3515,81559,117.49,33
2026-01-05 14:19:29,0,0,3515,81559,116.97,33
2026-01-05 14:19:39,0,0,3515,81559,117.54,33
2026-01-05 14:19:49,0,0,3515,81559,117.56,33
2026-01-05 14:19:59,0,0,3515,81559,117.13,33
2026-01-05 14:20:09,0,0,3515,81559,117.65,33
2026-01-05 14:20:19,0,0,3515,81559,118.37,33
2026-01-05 14:20:29,0,0,3515,81559,117.72,33
2026-01-05 14:20:39,0,0,3515,81559,117.06,33
2026-01-05 14:20:49,0,0,3515,81559,117.59,33
2026-01-05 14:20:59,0,0,3515,81559,118.43,33
2026-01-05 14:21:09,0,0,3515,81559,117.92,33
2026-01-05 14:21:19,0,0,3515,81559,117.65,33
2026-01-05 14:21:29,20,6,3515,81559,162.53,37
2026-01-05 14:21:39,0,0,3515,81559,117.63,33
2026-01-05 14:21:50,0,0,3515,81559,118.51,33
2026-01-05 14:22:00,0,0,3515,81559,164.70,34
2026-01-05 14:22:10,0,0,3515,81559,118.46,33
2026-01-05 14:22:20,0,0,3515,81559,117.76,33
2026-01-05 14:22:30,0,0,3515,81559,162.93,34
2026-01-05 14:22:40,0,0,3515,81559,117.66,33
2026-01-05 14:22:50,0,0,3515,81559,117.64,33
2026-01-05 14:23:00,0,0,3515,81559,163.09,34
2026-01-05 14:23:10,0,0,3515,81559,118.52,33
2026-01-05 14:23:20,0,0,3515,81559,117.63,33
2026-01-05 14:23:30,0,0,3515,81559,163.99,33
2026-01-05 14:23:40,0,0,3515,81559,118.45,33
2026-01-05 14:23:50,0,0,3515,81559,117.79,33
2026-01-05 14:24:00,0,0,3515,81559,117.77,33
2026-01-05 14:24:10,0,0,3515,81559,117.69,33
2026-01-05 14:24:20,0,0,3515,81559,117.05,33
2026-01-05 14:24:30,0,0,3515,81559,117.78,33
2026-01-05 14:24:40,0,0,3515,81559,117.75,33
2026-01-05 14:24:50,0,0,3515,81559,117.84,33
2026-01-05 14:25:00,0,0,3515,81559,117.75,33
2026-01-05 14:25:10,0,0,3515,81559,117.76,33
2026-01-05 14:25:20,82,28,3515,81559,152.72,34
2026-01-05 14:25:30,0,0,3515,81559,119.14,33
2026-01-05 14:25:40,0,0,3515,81559,118.57,33
2026-01-05 14:25:50,0,0,3515,81559,162.99,34
2026-01-05 14:26:00,0,0,3515,81559,118.51,33
2026-01-05 14:26:10,0,0,3515,81559,118.52,33
2026-01-05 14:26:20,0,0,3515,81559,152.71,34
2026-01-05 14:26:30,0,0,3515,81559,118.58,33
2026-01-05 14:26:41,0,0,3515,81559,118.51,33
2026-01-05 14:26:51,0,0,3515,81559,151.08,34
2026-01-05 14:27:01,0,0,3515,81559,118.55,33
2026-01-05 14:27:11,0,0,3515,81559,117.72,33
2026-01-05 14:27:21,0,0,3515,81559,151.98,33
2026-01-05 14:27:31,0,0,3515,81559,117.93,33
2026-01-05 14:27:41,0,0,3515,81559,117.76,33
2026-01-05 14:27:51,0,0,3515,81559,152.28,34
2026-01-05 14:28:01,0,0,3515,81559,117.18,33
2026-01-05 14:28:11,0,0,3515,81559,118.51,33
2026-01-05 14:28:21,0,0,3515,81559,150.89,33
2026-01-05 14:28:31,0,0,3515,81559,117.71,33
2026-01-05 14:28:41,0,0,3515,81559,117.85,33
2026-01-05 14:28:51,0,0,3515,81559,152.70,33
2026-01-05 14:29:01,0,0,3515,81559,117.88,33
2026-01-05 14:29:11,0,0,3515,81559,117.88,33
2026-01-05 14:29:21,0,0,3515,81559,138.75,33
2026-01-05 14:29:31,0,0,3515,81559,117.67,33
2026-01-05 14:29:41,0,0,3515,81559,117.66,36
2026-01-05 14:29:51,0,0,3515,81559,118.20,33
2026-01-05 14:30:01,0,0,3515,81559,118.48,33
2026-01-05 14:30:11,30,10,3515,81559,128.33,33
2026-01-05 14:30:21,0,0,3515,81559,117.82,33
2026-01-05 14:30:31,0,0,3515,81559,117.87,33
2026-01-05 14:30:41,0,0,3515,81559,117.70,33
2026-01-05 14:30:51,0,0,3515,81559,117.99,33
2026-01-05 14:31:02,0,0,3515,81559,118.05,33
2026-01-05 14:31:12,0,0,3515,81559,130.47,33
2026-01-05 14:31:22,0,0,3515,81559,117.70,33
2026-01-05 14:31:32,0,0,3515,81559,118.01,33
2026-01-05 14:31:42,0,0,3515,81559,128.53,33
2026-01-05 14:31:52,0,0,3515,81559,118.44,33
2026-01-05 14:32:02,0,0,3515,81559,118.48,33
2026-01-05 14:32:12,0,0,3515,81559,117.82,33
2026-01-05 14:32:22,0,0,3515,81559,118.07,33
2026-01-05 14:32:32,0,0,3515,81559,117.79,33
2026-01-05 14:32:42,0,0,3515,81559,118.56,33
2026-01-05 14:32:52,0,0,3515,81559,118.06,33
2026-01-05 14:33:02,0,0,3515,81559,117.87,33
2026-01-05 14:33:12,0,0,3515,81559,118.55,33
2026-01-05 14:33:22,0,0,3515,81559,117.98,33
2026-01-05 14:33:32,0,0,3515,81559,117.90,33
2026-01-05 14:33:42,0,0,3515,81559,117.87,33
2026-01-05 14:33:52,0,0,3515,81559,117.97,33
2026-01-05 14:34:02,0,0,3515,81559,117.89,33
2026-01-05 14:34:12,12,4,3515,81559,141.10,34
2026-01-05 14:34:22,0,0,3515,81559,117.94,33
2026-01-05 14:34:32,0,0,3515,81559,117.91,33
2026-01-05 14:34:42,0,0,3515,81559,139.30,33
2026-01-05 14:34:52,0,0,3515,81559,117.84,33
2026-01-05 14:35:02,0,0,3515,81559,123.73,34
2026-01-05 14:35:13,0,0,3515,81559,152.09,34
2026-01-05 14:35:23,0,0,3515,81559,117.90,33
2026-01-05 14:35:33,0,0,3515,81559,129.68,33
2026-01-05 14:35:43,29,10,3515,81559,152.31,34
2026-01-05 14:35:53,0,0,3515,81559,117.94,33
2026-01-05 14:36:03,0,0,3515,81559,128.46,33
2026-01-05 14:36:13,0,0,3515,81559,150.70,34
2026-01-05 14:36:23,0,0,3515,81559,118.05,33
2026-01-05 14:36:33,0,0,3515,81559,117.74,33
2026-01-05 14:36:43,0,0,3515,81559,155.17,33
2026-01-05 14:36:53,0,0,3515,81559,118.59,33
2026-01-05 14:37:03,0,0,3515,81559,117.79,33
2026-01-05 14:37:13,0,0,3515,81559,152.05,33
2026-01-05 14:37:23,0,0,3515,81559,118.61,33
2026-01-05 14:37:33,0,0,3515,81559,118.08,33
2026-01-05 14:37:43,0,0,3515,81559,143.76,33
2026-01-05 14:37:53,0,0,3515,81559,118.49,33
2026-01-05 14:38:03,0,0,3515,81559,118.50,33
2026-01-05 14:38:13,0,0,3515,81559,118.91,33
2026-01-05 14:38:23,19,7,3515,81559,129.29,33
2026-01-05 14:38:33,0,0,3515,81559,118.49,33
2026-01-05 14:38:43,0,0,3515,81559,118.08,33
2026-01-05 14:38:53,0,0,3515,81559,131.02,33
2026-01-05 14:39:03,0,0,3515,81559,117.98,33
2026-01-05 14:39:13,0,0,3515,81559,118.58,33
2026-01-05 14:39:24,0,0,3515,81559,128.10,33
2026-01-05 14:39:34,0,0,3515,81559,118.39,33
2026-01-05 14:39:44,0,0,3515,81559,118.68,33
2026-01-05 14:39:54,0,0,3515,81559,129.22,33
2026-01-05 14:40:04,0,0,3515,81559,117.70,33
2026-01-05 14:40:14,0,0,3515,81559,117.89,33
2026-01-05 14:40:24,0,0,3515,81559,118.17,33
2026-01-05 14:40:34,0,0,3515,81559,117.90,33
2026-01-05 14:40:44,0,0,3515,81559,117.13,33
2026-01-05 14:40:54,0,0,3515,81559,118.50,33
2026-01-05 14:41:04,0,0,3515,81559,118.47,33
2026-01-05 14:41:14,0,0,3515,81559,118.50,33
2026-01-05 14:41:24,0,0,3515,81559,118.47,33
2026-01-05 14:41:34,16,5,3515,81559,140.48,39
2026-01-05 14:41:44,0,0,3515,81559,118.56,33
2026-01-05 14:41:54,0,0,3515,81559,118.53,33
2026-01-05 14:42:04,0,0,3515,81559,141.29,34
2026-01-05 14:42:14,0,0,3515,81559,117.88,33
2026-01-05 14:42:24,0,0,3515,81559,118.51,33
2026-01-05 14:42:34,0,0,3515,81559,118.09,33
2026-01-05 14:42:44,0,0,3515,81559,117.95,33
2026-01-05 14:42:54,0,0,3515,81559,117.90,33
2026-01-05 14:43:04,0,0,3515,81559,118.62,33
2026-01-05 14:43:14,0,0,3515,81559,129.60,34
2026-01-05 14:43:24,0,0,3515,81559,118.56,33
2026-01-05 14:43:35,0,0,3515,81559,118.47,33
2026-01-05 14:43:45,0,0,3515,81559,127.97,33
2026-01-05 14:43:55,0,0,3515,81559,118.55,33
2026-01-05 14:44:05,0,0,3515,81559,118.49,33
2026-01-05 14:44:15,0,0,3515,81559,128.93,33
2026-01-05 14:44:25,0,0,3515,81559,117.71,33
2026-01-05 14:44:35,0,0,3515,81559,118.63,33
2026-01-05 14:44:45,0,0,3515,81559,130.01,33
2026-01-05 14:44:55,0,0,3515,81559,118.50,33
2026-01-05 14:45:05,0,0,3515,81559,118.60,33
2026-01-05 14:45:15,0,0,3515,81559,129.37,33
2026-01-05 14:45:25,0,0,3515,81559,118.51,33
2026-01-05 14:45:35,0,0,3515,81559,118.58,33
2026-01-05 14:45:45,0,0,3515,81559,128.88,33
2026-01-05 14:45:55,0,0,3515,81559,140.13,34
2026-01-05 14:46:05,0,0,3515,81559,130.64,34
2026-01-05 14:46:15,0,0,3515,81559,128.85,33
2026-01-05 14:46:25,0,0,3515,81559,140.58,33
2026-01-05 14:46:35,0,0,3515,81559,117.92,33
2026-01-05 14:46:45,0,0,3515,81559,128.80,33
2026-01-05 14:46:55,0,0,3515,81559,141.03,33
2026-01-05 14:47:05,0,0,3515,81559,117.96,33
2026-01-05 14:47:15,0,0,3515,81559,128.31,33
2026-01-05 14:47:25,0,0,3515,81559,139.96,33
2026-01-05 14:47:35,0,0,3515,81559,118.04,33
2026-01-05 14:47:45,0,0,3515,81559,130.00,33
2026-01-05 14:47:56,0,0,3515,81559,118.13,33
2026-01-05 14:48:06,0,0,3515,81559,117.86,33
2026-01-05 14:48:16,0,0,3515,81559,118.00,33
2026-01-05 14:48:26,0,0,3515,81559,118.09,33
2026-01-05 14:48:36,0,0,3515,81559,117.89,33
2026-01-05 14:48:46,0,0,3515,81559,117.72,33
2026-01-05 14:48:56,0,0,3515,81559,118.53,33
2026-01-05 14:49:06,0,0,3515,81559,118.56,33
2026-01-05 14:49:16,0,0,3515,81559,118.51,33
2026-01-05 14:49:26,0,0,3515,81559,118.50,33
2026-01-05 14:49:36,0,0,3515,81559,117.90,33
2026-01-05 14:49:46,0,0,3515,81559,117.87,33
2026-01-05 14:49:56,0,0,3515,81559,117.89,33
2026-01-05 14:50:06,23,8,3515,81559,129.54,36
2026-01-05 14:50:16,0,0,3515,81559,117.89,33
2026-01-05 14:50:26,0,0,3515,81559,117.71,33
2026-01-05 14:50:36,0,0,3515,81559,128.70,33
2026-01-05 14:50:46,0,0,3515,81559,117.84,33
2026-01-05 14:50:56,0,0,3515,81559,117.90,33
2026-01-05 14:51:06,0,0,3515,81559,140.85,34
2026-01-05 14:51:16,0,0,3515,81559,117.85,33
2026-01-05 14:51:26,0,0,3515,81559,117.85,33
2026-01-05 14:51:36,0,0,3515,81559,140.00,33
2026-01-05 14:51:46,0,0,3515,81559,117.82,33
2026-01-05 14:51:56,0,0,3515,81559,118.47,33
2026-01-05 14:52:07,0,0,3515,81559,140.99,34
2026-01-05 14:52:17,0,0,3515,81559,140.84,33
2026-01-05 14:52:27,0,0,3515,81559,117.86,33
2026-01-05 14:52:37,0,0,3515,81559,140.61,33
2026-01-05 14:52:47,0,0,3515,81559,139.86,33
2026-01-05 14:52:57,0,0,3515,81559,117.89,33
2026-01-05 14:53:07,0,0,3515,81559,117.79,33
2026-01-05 14:53:18,0,0,3515,81559,117.81,33
2026-01-05 14:53:28,45,15,3515,81559,139.36,36
2026-01-05 14:53:39,46,16,3515,81559,140.91,34
2026-01-05 14:53:49,0,0,3515,81559,117.82,33
2026-01-05 14:53:59,26,9,3515,81559,139.99,34
2026-01-05 14:54:09,0,0,3515,81559,140.49,33
2026-01-05 14:54:19,0,0,3515,81559,117.83,33
2026-01-05 14:54:29,0,0,3515,81559,140.58,33
2026-01-05 14:54:39,0,0,3515,81559,141.08,33
2026-01-05 14:54:49,0,0,3515,81559,117.87,33
2026-01-05 14:54:59,0,0,3515,81559,141.47,33
2026-01-05 14:55:09,0,0,3515,81559,117.96,33
2026-01-05 14:55:19,0,0,3515,81559,117.80,33
2026-01-05 14:55:29,0,0,3515,81559,140.43,33
2026-01-05 14:55:39,0,0,3515,81559,117.89,33
2026-01-05 14:55:49,0,0,3515,81559,117.82,33
2026-01-05 14:55:59,0,0,3515,81559,140.78,33
2026-01-05 14:56:09,0,0,3515,81559,117.87,33
2026-01-05 14:56:19,0,0,3515,81559,117.83,33
2026-01-05 14:56:29,0,0,3515,81559,140.50,33
2026-01-05 14:56:39,0,0,3515,81559,117.89,33
2026-01-05 14:56:49,0,0,3515,81559,117.89,33
2026-01-05 14:56:59,23,7,3515,81559,164.65,34
2026-01-05 14:57:09,0,0,3515,81559,118.48,33
2026-01-05 14:57:19,0,0,3515,81559,117.72,33
2026-01-05 14:57:29,39,13,3515,81559,163.18,34
2026-01-05 14:57:40,0,0,3515,81559,117.88,33
2026-01-05 14:57:50,0,0,3515,81559,117.71,33
2026-01-05 14:58:00,0,0,3515,81559,163.94,33
2026-01-05 14:58:10,0,0,3515,81559,117.75,33
2026-01-05 14:58:20,0,0,3515,81559,117.86,33
2026-01-05 14:58:30,0,0,3515,81559,162.44,33
2026-01-05 14:58:40,0,0,3515,81559,118.55,33
2026-01-05 14:58:50,0,0,3515,81559,117.64,33
2026-01-05 14:59:00,0,0,3515,81559,165.86,33
2026-01-05 14:59:10,0,0,3515,81559,118.45,33
2026-01-05 14:59:20,0,0,3515,81559,117.54,33
2026-01-05 14:59:30,0,0,3515,81559,117.96,33
2026-01-05 14:59:40,0,0,3515,81559,117.04,33
2026-01-05 14:59:50,0,0,3515,81559,117.66,33
2026-01-05 15:00:00,0,0,3515,81559,118.48,33
2026-01-05 15:00:10,0,0,3515,81559,118.50,33
2026-01-05 15:00:20,0,0,3515,81559,117.70,33
2026-01-05 15:00:30,0,0,3515,81559,117.72,33
2026-01-05 15:00:40,0,0,3515,81559,117.68,33
2026-01-05 15:00:50,0,0,3515,81559,117.83,33
2026-01-05 15:01:00,0,0,3515,81559,118.52,33
2026-01-05 15:01:10,0,0,3515,81559,118.45,33
2026-01-05 15:01:20,0,0,3515,81559,118.37,33
2026-01-05 15:01:30,0,0,3515,81559,117.19,33
2026-01-05 15:01:41,0,0,3515,81559,117.10,33
2026-01-05 15:01:51,0,0,3515,81559,117.68,33
2026-01-05 15:02:01,0,0,3515,81559,117.20,33
2026-01-05 15:02:11,0,0,3515,81559,117.78,33
2026-01-05 15:02:21,0,0,3515,81559,117.77,33
2026-01-05 15:02:31,0,0,3515,81559,117.72,33
2026-01-05 15:02:41,0,0,3515,81559,118.46,33
2026-01-05 15:02:51,0,0,3515,81559,118.51,33
2026-01-05 15:03:01,0,0,3515,81559,117.91,33
2026-01-05 15:03:11,0,0,3515,81559,118.49,33
2026-01-05 15:03:21,0,0,3515,81559,118.61,33
2026-01-05 15:03:31,0,0,3515,81559,118.54,33
2026-01-05 15:03:41,0,0,3515,81559,118.47,33
2026-01-05 15:03:51,0,0,3515,81559,129.73,38
2026-01-05 15:04:01,0,0,3515,81559,117.78,33
2026-01-05 15:04:11,0,0,3515,81559,117.77,33
2026-01-05 15:04:21,0,0,3515,81559,163.58,34
2026-01-05 15:04:31,0,0,3515,81559,117.77,33
2026-01-05 15:04:41,0,0,3515,81559,118.50,33
2026-01-05 15:04:51,57,19,3515,81559,164.33,35
2026-01-05 15:05:01,0,0,3515,81559,118.02,33
2026-01-05 15:05:11,0,0,3515,81559,117.76,33
2026-01-05 15:05:21,0,0,3515,81559,163.26,34
2026-01-05 15:05:31,0,0,3515,81559,117.25,33
2026-01-05 15:05:42,0,0,3515,81559,118.00,33
2026-01-05 15:05:52,0,0,3515,81559,163.56,34
2026-01-05 15:06:02,0,0,3515,81559,117.78,33
2026-01-05 15:06:12,0,0,3515,81559,117.16,33
2026-01-05 15:06:22,0,0,3515,81559,164.29,33
2026-01-05 15:06:32,0,0,3515,81559,117.85,33
2026-01-05 15:06:42,0,0,3515,81559,117.70,33
2026-01-05 15:06:52,0,0,3515,81559,162.85,33
2026-01-05 15:07:02,0,0,3515,81559,117.88,33
2026-01-05 15:07:12,0,0,3515,81559,117.80,33
2026-01-05 15:07:22,0,0,3515,81559,118.73,33
2026-01-05 15:07:32,0,0,3515,81559,118.45,33
2026-01-05 15:07:42,0,0,3515,81559,117.69,33
2026-01-05 15:07:52,0,0,3515,81559,117.79,33
2026-01-05 15:08:02,0,0,3515,81559,117.07,33
2026-01-05 15:08:12,0,0,3515,81559,118.42,33
2026-01-05 15:08:22,0,0,3515,81559,118.50,33
2026-01-05 15:08:32,0,0,3515,81559,117.67,33
2026-01-05 15:08:42,0,0,3515,81559,117.65,33
2026-01-05 15:08:52,0,0,3515,81559,118.56,33
2026-01-05 15:09:02,0,0,3515,81559,117.73,33
2026-01-05 15:09:12,0,0,3515,81559,118.43,33
2026-01-05 15:09:22,0,0,3515,81559,118.50,33
2026-01-05 15:09:32,0,0,3515,81559,118.49,33
2026-01-05 15:09:43,0,0,3515,81559,117.89,33
2026-01-05 15:09:53,0,0,3515,81559,117.91,33
2026-01-05 15:10:03,0,0,3515,81559,118.48,33
2026-01-05 15:10:13,0,0,3515,81559,117.71,33
2026-01-05 15:10:23,0,0,3515,81559,117.74,33
2026-01-05 15:10:33,0,0,3515,81559,117.70,33
2026-01-05 15:10:43,0,0,3515,81559,117.81,33
2026-01-05 15:10:53,0,0,3515,81559,118.47,33
2026-01-05 15:11:03,0,0,3515,81559,118.49,33
2026-01-05 15:11:13,0,0,3515,81559,163.86,34
2026-01-05 15:11:23,0,0,3515,81559,118.45,33
2026-01-05 15:11:33,0,0,3515,81559,117.67,33
2026-01-05 15:11:43,0,0,3515,81559,162.25,33
2026-01-05 15:11:53,0,0,3515,81559,118.44,33
2026-01-05 15:12:03,0,0,3515,81559,117.96,33
2026-01-05 15:12:13,0,0,3515,81559,162.74,34
2026-01-05 15:12:23,0,0,3515,81559,118.40,33
2026-01-05 15:12:33,0,0,3515,81559,117.91,33
2026-01-05 15:12:43,0,0,3515,81559,163.57,33
2026-01-05 15:12:53,0,0,3515,81559,117.89,33
2026-01-05 15:13:03,0,0,3515,81559,117.59,33
2026-01-05 15:13:13,0,0,3515,81559,161.91,33
2026-01-05 15:13:23,0,0,3515,81559,118.44,33
2026-01-05 15:13:33,0,0,3515,81559,117.62,33
2026-01-05 15:13:43,0,0,3515,81559,164.75,33
2026-01-05 15:13:53,0,0,3515,81559,118.43,33
2026-01-05 15:14:04,0,0,3515,81559,118.46,33
2026-01-05 15:14:14,0,0,3515,81559,163.74,33
2026-01-05 15:14:24,0,0,3515,81559,117.69,33
2026-01-05 15:14:34,0,0,3515,81559,118.49,33
2026-01-05 15:14:44,0,0,3515,81559,162.89,33
2026-01-05 15:14:54,0,0,3515,81559,117.68,33
2026-01-05 15:15:04,0,0,3515,81559,118.41,33
2026-01-05 15:15:14,0,0,3515,81559,164.72,33
2026-01-05 15:15:24,0,0,3515,81559,118.49,33
2026-01-05 15:15:34,0,0,3515,81559,117.65,33
2026-01-05 15:15:44,0,0,3515,81559,162.91,33
2026-01-05 15:15:54,0,0,3515,81559,118.43,33
2026-01-05 15:16:04,0,0,3515,81559,117.64,33
2026-01-05 15:16:14,0,0,3515,81559,164.39,33
2026-01-05 15:16:24,0,0,3515,81559,117.71,33
2026-01-05 15:16:34,0,0,3515,81559,117.69,33
2026-01-05 15:16:44,0,0,3515,81559,118.81,33
2026-01-05 15:16:54,0,0,3515,81559,117.68,33
2026-01-05 15:17:04,0,0,3515,81559,117.64,33
2026-01-05 15:17:14,0,0,3515,81559,117.80,33
2026-01-05 15:17:24,0,0,3515,81559,118.51,33
2026-01-05 15:17:34,0,0,3515,81559,118.44,33
2026-01-05 15:17:44,0,0,3515,81559,117.87,33
2026-01-05 15:17:54,0,0,3515,81559,117.72,33
2026-01-05 15:18:05,0,0,3515,81559,117.82,33
2026-01-05 15:18:15,0,0,3515,81559,118.43,33
2026-01-05 15:18:25,0,0,3515,81559,118.48,33
2026-01-05 15:18:35,50,16,3515,81559,162.42,36
2026-01-05 15:18:45,0,0,3515,81559,116.98,33
2026-01-05 15:18:55,0,0,3515,81559,117.57,33
2026-01-05 15:19:05,0,0,3515,81559,164.41,34
2026-01-05 15:19:15,0,0,3515,81559,117.69,33
2026-01-05 15:19:25,0,0,3515,81559,118.35,33
2026-01-05 15:19:35,0,0,3515,81559,162.90,33
2026-01-05 15:19:45,0,0,3515,81559,117.91,33
2026-01-05 15:19:55,0,0,3515,81559,117.68,33
2026-01-05 15:20:05,0,0,3515,81559,162.26,33
2026-01-05 15:20:15,0,0,3515,81559,117.82,33
2026-01-05 15:20:25,0,0,3515,81559,117.67,33
2026-01-05 15:20:35,0,0,3515,81559,163.45,33
2026-01-05 15:20:45,0,0,3515,81559,118.43,33
2026-01-05 15:20:55,0,0,3515,81559,117.66,33
2026-01-05 15:21:05,0,0,3515,81559,163.40,33
2026-01-05 15:21:15,0,0,3515,81559,116.95,33
2026-01-05 15:21:25,0,0,3515,81559,117.74,33
2026-01-05 15:21:35,0,0,3515,81559,117.81,33
2026-01-05 15:21:45,0,0,3515,81559,117.55,33
2026-01-05 15:21:56,0,0,3515,81559,117.72,33
2026-01-05 15:22:06,0,0,3515,81559,117.16,33
2026-01-05 15:22:16,0,0,3515,81559,117.58,33
2026-01-05 15:22:26,0,0,3515,81559,117.57,33
2026-01-05 15:22:36,0,0,3515,81559,118.64,33
2026-01-05 15:22:46,0,0,3515,81559,118.51,33
2026-01-05 15:22:56,0,0,3515,81559,118.38,33
2026-01-05 15:23:06,0,0,3515,81559,117.71,33
2026-01-05 15:23:16,0,0,3515,81559,117.77,33
2026-01-05 15:23:26,0,0,3515,81559,117.73,33
2026-01-05 15:23:36,0,0,3515,81559,117.67,33
2026-01-05 15:23:46,0,0,3515,81559,117.62,33
2026-01-05 15:23:56,0,0,3515,81559,116.84,33
2026-01-05 15:24:06,0,0,3515,81559,118.36,33
2026-01-05 15:24:16,0,0,3515,81559,117.71,33
2026-01-05 15:24:26,0,0,3515,81559,118.36,33
2026-01-05 15:24:36,0,0,3515,81559,117.51,33
2026-01-05 15:24:46,0,0,3515,81559,117.64,33
2026-01-05 15:24:56,0,0,3515,81559,117.50,33
2026-01-05 15:25:06,0,0,3515,81559,118.29,33
2026-01-05 15:25:16,0,0,3515,81559,117.41,32
2026-01-05 15:25:26,0,0,3515,81559,117.50,33
2026-01-05 15:25:36,0,0,3515,81559,117.45,32
2026-01-05 15:25:46,0,0,3515,81559,117.32,32
2026-01-05 15:25:56,0,0,3515,81559,118.24,32
2026-01-05 15:26:06,0,0,3515,81559,117.63,32
2026-01-05 15:26:17,0,0,3515,81559,117.38,32
2026-01-05 15:26:27,0,0,3515,81559,116.81,32
2026-01-05 15:26:37,0,0,3515,81559,117.51,32
2026-01-05 15:26:47,0,0,3515,81559,117.48,32
2026-01-05 15:26:57,0,0,3515,81559,117.51,32
2026-01-05 15:27:07,0,0,3515,81559,117.44,33
2026-01-05 15:27:17,0,0,3515,81559,116.89,33
2026-01-05 15:27:27,0,0,3515,81559,117.81,33
2026-01-05 15:27:37,0,0,3515,81559,117.42,33
2026-01-05 15:27:47,0,0,3515,81559,118.27,32
2026-01-05 15:27:57,0,0,3515,81559,118.24,32
2026-01-05 15:28:07,0,0,3515,81559,117.41,32
2026-01-05 15:28:17,0,0,3515,81559,117.38,32
2026-01-05 15:28:27,0,0,3515,81559,118.22,32
2026-01-05 15:28:37,0,0,3515,81559,118.22,32
2026-01-05 15:28:47,0,0,3515,81559,117.27,32
2026-01-05 15:28:57,0,0,3515,81559,155.53,38
2026-01-05 15:29:07,0,0,3515,81559,118.17,32
2026-01-05 15:29:17,0,0,3515,81559,117.51,32
2026-01-05 15:29:27,75,24,3515,81559,161.47,40
2026-01-05 15:29:37,0,0,3515,81559,117.49,32
2026-01-05 15:29:47,0,0,3515,81559,117.61,33
2026-01-05 15:29:57,0,0,3515,81559,160.84,39
2026-01-05 15:30:07,0,0,3515,81559,117.53,33
2026-01-05 15:30:17,0,0,3515,81559,117.64,33
2026-01-05 15:30:27,0,0,3515,81559,163.82,34
2026-01-05 15:30:38,0,0,3515,81559,117.68,33
2026-01-05 15:30:48,0,0,3515,81559,118.33,33
2026-01-05 15:30:58,0,0,3515,81559,162.58,33
2026-01-05 15:31:08,0,0,3515,81559,117.48,33
2026-01-05 15:31:18,0,0,3515,81559,117.51,33
2026-01-05 15:31:28,0,0,3515,81559,162.70,33
2026-01-05 15:31:38,0,0,3515,81559,117.64,33
2026-01-05 15:31:48,0,0,3515,81559,118.44,33
2026-01-05 15:31:58,0,0,3515,81559,163.88,33
2026-01-05 15:32:08,0,0,3515,81559,118.43,33
2026-01-05 15:32:18,0,0,3515,81559,117.77,33
2026-01-05 15:32:28,0,0,3515,81559,136.61,33
2026-01-05 15:32:38,0,0,3515,81559,117.89,33
2026-01-05 15:32:48,0,0,3515,81559,117.65,33
2026-01-05 15:32:58,0,0,3515,81559,117.74,33
2026-01-05 15:33:08,0,0,3515,81559,117.60,33
2026-01-05 15:33:18,0,0,3515,81559,118.44,33
2026-01-05 15:33:28,0,0,3515,81559,117.81,33
2026-01-05 15:33:38,0,0,3515,81559,117.72,33
2026-01-05 15:33:48,0,0,3515,81559,117.83,33
2026-01-05 15:33:58,0,0,3515,81559,117.70,33
2026-01-05 15:34:08,0,0,3515,81559,117.79,33
2026-01-05 15:34:18,0,0,3515,81559,117.76,33
2026-01-05 15:34:28,0,0,3515,81559,118.54,33
2026-01-05 15:34:38,0,0,3515,81559,118.42,33
2026-01-05 15:34:48,100,33,3515,81559,163.56,38
2026-01-05 15:34:59,0,0,3515,81559,118.56,33
2026-01-05 15:35:09,0,0,3515,81559,117.07,33
2026-01-05 15:35:19,0,0,3515,81559,163.84,34
2026-01-05 15:35:29,0,0,3515,81559,117.76,33
2026-01-05 15:35:39,0,0,3515,81559,118.54,33
2026-01-05 15:35:49,0,0,3515,81559,164.57,34
2026-01-05 15:35:59,0,0,3515,81559,117.84,33
2026-01-05 15:36:09,0,0,3515,81559,117.04,33
2026-01-05 15:36:19,7,2,3515,81559,164.17,34
2026-01-05 15:36:29,0,0,3515,81559,117.64,33
2026-01-05 15:36:39,0,0,3515,81559,118.42,33
2026-01-05 15:36:49,0,0,3515,81559,163.52,33
2026-01-05 15:36:59,0,0,3515,81559,117.74,33
2026-01-05 15:37:09,0,0,3515,81559,117.74,33
2026-01-05 15:37:19,0,0,3515,81559,126.16,33
2026-01-05 15:37:29,0,0,3515,81559,117.62,33
2026-01-05 15:37:39,0,0,3515,81559,117.53,33
2026-01-05 15:37:49,0,0,3515,81559,118.70,33
2026-01-05 15:37:59,0,0,3515,81559,118.47,33
2026-01-05 15:38:09,0,0,3515,81559,117.75,33
2026-01-05 15:38:19,0,0,3515,81559,117.90,33
2026-01-05 15:38:29,0,0,3515,81559,118.48,33
2026-01-05 15:38:39,0,0,3515,81559,117.59,33
2026-01-05 15:38:49,0,0,3515,81559,118.41,33
2026-01-05 15:38:59,0,0,3515,81559,117.62,33
2026-01-05 15:39:09,0,0,3515,81559,117.71,33
2026-01-05 15:39:20,0,0,3515,81559,118.55,33
2026-01-05 15:39:30,0,0,3515,81559,117.96,33
2026-01-05 15:39:40,0,0,3515,81559,117.75,33
2026-01-05 15:39:50,0,0,3515,81559,117.71,33
2026-01-05 15:40:00,0,0,3515,81559,118.48,33
2026-01-05 15:40:10,0,0,3515,81559,118.51,33
2026-01-05 15:40:20,0,0,3515,81559,117.72,33
2026-01-05 15:40:30,0,0,3515,81559,117.63,33
2026-01-05 15:40:40,0,0,3515,81559,118.46,33
2026-01-05 15:40:50,0,0,3515,81559,117.65,33
2026-01-05 15:41:00,0,0,3515,81559,117.59,33
2026-01-05 15:41:10,0,0,3515,81559,117.60,33
2026-01-05 15:41:20,0,0,3515,81559,117.64,33
2026-01-05 15:41:30,0,0,3515,81559,117.54,33
2026-01-05 15:41:40,0,0,3515,81559,117.73,33
2026-01-05 15:41:50,0,0,3515,81559,117.76,33
2026-01-05 15:42:00,0,0,3515,81559,117.65,33
2026-01-05 15:42:10,0,0,3515,81559,118.35,33
2026-01-05 15:42:20,0,0,3515,81559,118.44,33
2026-01-05 15:42:30,0,0,3515,81559,118.35,33
2026-01-05 15:42:40,0,0,3515,81559,117.53,33
2026-01-05 15:42:50,0,0,3515,81559,117.56,33
2026-01-05 15:43:00,0,0,3515,81559,117.59,33
2026-01-05 15:43:10,0,0,3515,81559,117.55,33
2026-01-05 15:43:20,0,0,3515,81559,117.54,33
2026-01-05 15:43:30,0,0,3515,81559,117.55,33
2026-01-05 15:43:40,0,0,3515,81559,118.38,33
2026-01-05 15:43:51,0,0,3515,81559,118.35,33
2026-01-05 15:44:01,0,0,3515,81559,118.21,33
2026-01-05 15:44:11,66,22,3515,81559,163.17,35
2026-01-05 15:44:21,0,0,3515,81559,117.49,33
2026-01-05 15:44:31,0,0,3515,81559,117.55,33
2026-01-05 15:44:41,0,0,3515,81559,162.47,34
2026-01-05 15:44:51,0,0,3515,81559,117.64,33
2026-01-05 15:45:01,0,0,3515,81559,117.00,33
2026-01-05 15:45:11,0,0,3515,81559,162.40,34
2026-01-05 15:45:21,0,0,3515,81559,117.60,33
2026-01-05 15:45:31,0,0,3515,81559,118.39,33
2026-01-05 15:45:41,0,0,3515,81559,161.78,33
2026-01-05 15:45:51,0,0,3515,81559,117.57,33
2026-01-05 15:46:01,0,0,3515,81559,117.76,33
2026-01-05 15:46:11,0,0,3515,81559,119.20,33
2026-01-05 15:46:21,0,0,3515,81559,117.76,33
2026-01-05 15:46:31,0,0,3515,81559,117.81,33
2026-01-05 15:46:41,0,0,3515,81559,117.70,33
2026-01-05 15:46:51,0,0,3515,81559,118.57,33
2026-01-05 15:47:01,0,0,3515,81559,118.17,33
2026-01-05 15:47:11,0,0,3515,81559,117.54,33
2026-01-05 15:47:21,0,0,3515,81559,117.19,33
2026-01-05 15:47:31,0,0,3515,81559,117.45,33
2026-01-05 15:47:41,0,0,3515,81559,117.21,33
2026-01-05 15:47:51,0,0,3515,81559,117.59,33
2026-01-05 15:48:01,0,0,3515,81559,117.66,33
2026-01-05 15:48:11,0,0,3515,81559,117.68,33
2026-01-05 15:48:22,0,0,3515,81559,117.86,33
2026-01-05 15:48:32,0,0,3515,81559,117.17,33
2026-01-05 15:48:42,0,0,3515,81559,117.53,33
2026-01-05 15:48:52,0,0,3515,81559,117.36,33
2026-01-05 15:49:02,0,0,3515,81559,117.59,33
2026-01-05 15:49:12,0,0,3515,81559,117.63,33
2026-01-05 15:49:22,0,0,3515,81559,117.67,33
2026-01-05 15:49:32,0,0,3515,81559,117.61,33
2026-01-05 15:49:42,0,0,3515,81559,117.65,33
2026-01-05 15:49:52,0,0,3515,81559,118.33,33
2026-01-05 15:50:02,0,0,3515,81559,117.48,34
2026-01-05 15:50:12,0,0,3515,81559,118.41,33
2026-01-05 15:50:22,0,0,3515,81559,117.66,33
2026-01-05 15:50:32,76,25,3515,81559,162.69,35
2026-01-05 15:50:42,0,0,3515,81559,117.57,33
2026-01-05 15:50:52,0,0,3515,81559,117.52,33
2026-01-05 15:51:02,0,0,3515,81559,162.89,33
2026-01-05 15:51:12,0,0,3515,81559,117.55,33
2026-01-05 15:51:22,0,0,3515,81559,118.35,33
2026-01-05 15:51:32,0,0,3515,81559,162.65,33
2026-01-05 15:51:42,0,0,3515,81559,118.35,33
2026-01-05 15:51:52,0,0,3515,81559,117.65,33
2026-01-05 15:52:02,0,0,3515,81559,163.29,33
2026-01-05 15:52:12,0,0,3515,81559,117.53,33
2026-01-05 15:52:22,0,0,3515,81559,117.57,33
2026-01-05 15:52:32,0,0,3515,81559,163.41,33
2026-01-05 15:52:42,0,0,3515,81559,118.33,33
2026-01-05 15:52:53,0,0,3515,81559,117.59,33
2026-01-05 15:53:03,0,0,3515,81559,163.88,33
2026-01-05 15:53:13,0,0,3515,81559,118.35,33
2026-01-05 15:53:23,0,0,3515,81559,118.35,33
2026-01-05 15:53:33,0,0,3515,81559,164.80,33
2026-01-05 15:53:43,0,0,3515,81559,117.54,33
2026-01-05 15:53:53,0,0,3515,81559,117.50,33
2026-01-05 15:54:03,0,0,3515,81559,163.70,33
2026-01-05 15:54:13,0,0,3515,81559,117.50,33
2026-01-05 15:54:23,0,0,3515,81559,117.52,33
2026-01-05 15:54:33,0,0,3515,81559,163.24,33
2026-01-05 15:54:43,0,0,3515,81559,118.21,33
2026-01-05 15:54:53,0,0,3515,81559,118.28,33
2026-01-05 15:55:03,0,0,3515,81559,161.94,33
2026-01-05 15:55:13,0,0,3515,81559,117.46,33
2026-01-05 15:55:23,0,0,3515,81559,117.55,33
2026-01-05 15:55:33,0,0,3515,81559,153.01,40
2026-01-05 15:55:43,0,0,3515,81559,117.47,33
2026-01-05 15:55:53,0,0,3515,81559,117.50,33
2026-01-05 15:56:03,0,0,3515,81559,164.17,34
2026-01-05 15:56:13,0,0,3515,81559,117.66,33
2026-01-05 15:56:23,0,0,3515,81559,117.64,33
2026-01-05 15:56:33,98,32,3515,81559,163.13,34
2026-01-05 15:56:43,0,0,3515,81559,117.95,33
2026-01-05 15:56:53,0,0,3515,81559,117.56,33
2026-01-05 15:57:03,0,0,3515,81559,163.85,34
2026-01-05 15:57:13,0,0,3515,81559,117.75,33
2026-01-05 15:57:24,0,0,3515,81559,117.73,33
2026-01-05 15:57:34,0,0,3515,81559,161.50,34
2026-01-05 15:57:44,0,0,3515,81559,118.43,33
2026-01-05 15:57:54,0,0,3515,81559,117.61,33
2026-01-05 15:58:04,0,0,3515,81559,164.31,34
2026-01-05 15:58:14,0,0,3515,81559,117.65,33
2026-01-05 15:58:24,0,0,3515,81559,117.07,33
2026-01-05 15:58:34,0,0,3515,81559,162.46,34
2026-01-05 15:58:44,0,0,3515,81559,117.64,33
2026-01-05 15:58:54,0,0,3515,81559,117.62,33
2026-01-05 15:59:04,0,0,3515,81559,162.78,33
2026-01-05 15:59:14,0,0,3515,81559,118.41,33
2026-01-05 15:59:24,0,0,3515,81559,117.67,33
2026-01-05 15:59:34,0,0,3515,81559,162.52,33
2026-01-05 15:59:44,0,0,3515,81559,117.62,33
2026-01-05 15:59:54,0,0,3515,81559,117.58,33
2026-01-05 16:00:04,0,0,3515,81559,162.39,33
2026-01-05 16:00:14,0,0,3515,81559,117.67,33
2026-01-05 16:00:24,0,0,3515,81559,117.61,33
2026-01-05 16:00:34,0,0,3515,81559,163.28,33
2026-01-05 16:00:44,0,0,3515,81559,117.75,33
2026-01-05 16:00:54,0,0,3515,81559,117.71,33
2026-01-05 16:01:04,0,0,3515,81559,163.42,33
2026-01-05 16:01:14,0,0,3515,81559,118.47,33
2026-01-05 16:01:24,0,0,3515,81559,117.86,33
2026-01-05 16:01:34,0,0,3515,81559,151.60,33
2026-01-05 16:01:44,0,0,3515,81559,118.45,33
2026-01-05 16:01:54,0,0,3515,81559,118.42,33
2026-01-05 16:02:05,0,0,3515,81559,150.37,33
2026-01-05 16:02:15,0,0,3515,81559,117.03,33
2026-01-05 16:02:25,0,0,3515,81559,120.39,33
2026-01-05 16:02:35,0,0,3515,81559,117.71,33
2026-01-05 16:02:45,0,0,3515,81559,118.35,33
2026-01-05 16:02:55,0,0,3515,81559,117.67,33
2026-01-05 16:03:05,0,0,3515,81559,118.59,33
2026-01-05 16:03:15,0,0,3515,81559,118.40,33
2026-01-05 16:03:25,0,0,3515,81559,118.39,33
2026-01-05 16:03:35,0,0,3515,81559,117.87,33
2026-01-05 16:03:45,0,0,3515,81559,117.46,33
2026-01-05 16:03:55,0,0,3515,81559,117.59,33
2026-01-05 16:04:05,0,0,3515,81559,118.52,33
2026-01-05 16:04:15,0,0,3515,81559,118.34,33
2026-01-05 16:04:25,34,11,3515,81559,161.86,34
2026-01-05 16:04:35,0,0,3515,81559,118.32,33
2026-01-05 16:04:45,0,0,3515,81559,118.47,33
2026-01-05 16:04:55,0,0,3515,81559,163.27,33
2026-01-05 16:05:05,0,0,3515,81559,118.32,33
2026-01-05 16:05:15,0,0,3515,81559,117.81,33
2026-01-05 16:05:25,0,0,3515,81559,117.99,33
2026-01-05 16:05:35,0,0,3515,81559,118.51,33
2026-01-05 16:05:45,0,0,3515,81559,122.02,33
2026-01-05 16:05:55,0,0,3515,81559,118.83,33
2026-01-05 16:06:05,0,0,3515,81559,118.55,33
2026-01-05 16:06:15,0,0,3515,81559,118.50,33
2026-01-05 16:06:25,0,0,3515,81559,118.56,33
2026-01-05 16:06:35,0,0,3515,81559,117.65,33
2026-01-05 16:06:45,0,0,3515,81559,117.03,33
2026-01-05 16:06:56,0,0,3515,81559,117.67,33
2026-01-05 16:07:06,0,0,3515,81559,117.73,33
2026-01-05 16:07:16,0,0,3515,81559,117.70,33
2026-01-05 16:07:26,0,0,3515,81559,117.66,33
2026-01-05 16:07:36,0,0,3515,81559,117.15,33
2026-01-05 16:07:46,0,0,3515,81559,118.48,33
2026-01-05 16:07:56,0,0,3515,81559,117.76,33
2026-01-05 16:08:06,0,0,3515,81559,117.08,33
2026-01-05 16:08:16,0,0,3515,81559,117.17,33
2026-01-05 16:08:26,0,0,3515,81559,117.71,33
2026-01-05 16:08:36,0,0,3515,81559,117.65,33
2026-01-05 16:08:46,0,0,3515,81559,117.65,33
2026-01-05 16:08:56,0,0,3515,81559,117.89,33
2026-01-05 16:09:06,0,0,3515,81559,117.65,33
2026-01-05 16:09:16,92,30,3515,81559,163.49,36
2026-01-05 16:09:26,0,0,3515,81559,117.09,33
2026-01-05 16:09:36,0,0,3515,81559,117.91,33
2026-01-05 16:09:46,0,0,3515,81559,161.74,33
2026-01-05 16:09:56,0,0,3515,81559,118.49,33
2026-01-05 16:10:06,0,0,3515,81559,118.48,33
2026-01-05 16:10:16,0,0,3515,81559,164.16,33
2026-01-05 16:10:26,0,0,3515,81559,117.67,33
2026-01-05 16:10:36,0,0,3515,81559,117.62,33
2026-01-05 16:10:46,0,0,3515,81559,162.44,33
2026-01-05 16:10:56,0,0,3515,81559,118.37,33
2026-01-05 16:11:06,0,0,3515,81559,118.39,33
2026-01-05 16:11:16,0,0,3515,81559,163.19,33
2026-01-05 16:11:26,0,0,3515,81559,118.35,33
2026-01-05 16:11:36,0,0,3515,81559,118.33,33
2026-01-05 16:11:46,0,0,3515,81559,158.38,33
2026-01-05 16:11:57,0,0,3515,81559,117.92,33
2026-01-05 16:12:07,0,0,3515,81559,117.71,33
2026-01-05 16:12:17,0,0,3515,81559,154.01,33
2026-01-05 16:12:27,0,0,3515,81559,118.36,33
2026-01-05 16:12:37,0,0,3515,81559,117.62,33
2026-01-05 16:12:47,0,0,3515,81559,117.86,33
2026-01-05 16:12:57,0,0,3515,81559,117.69,33
2026-01-05 16:13:07,0,0,3515,81559,117.55,33
2026-01-05 16:13:17,0,0,3515,81559,117.58,33
2026-01-05 16:13:27,0,0,3515,81559,118.31,33
2026-01-05 16:13:37,0,0,3515,81559,117.61,33
2026-01-05 16:13:47,0,0,3515,81559,117.60,33
2026-01-05 16:13:57,0,0,3515,81559,117.45,33
2026-01-05 16:14:07,0,0,3515,81559,117.59,33
2026-01-05 16:14:17,0,0,3515,81559,117.67,33
2026-01-05 16:14:27,0,0,3515,81559,118.28,33
2026-01-05 16:14:37,0,0,3515,81559,117.71,33
2026-01-05 16:14:47,0,0,3515,81559,117.57,33
2026-01-05 16:14:57,0,0,3515,81559,118.35,33
2026-01-05 16:15:07,0,0,3515,81559,117.59,33
2026-01-05 16:15:17,0,0,3515,81559,117.79,33
2026-01-05 16:15:27,0,0,3515,81559,117.71,33
2026-01-05 16:15:37,93,30,3515,81559,161.24,39
2026-01-05 16:15:47,0,0,3515,81559,117.60,33
2026-01-05 16:15:57,0,0,3515,81559,117.69,33
2026-01-05 16:16:07,0,0,3515,81559,165.71,33
2026-01-05 16:16:17,0,0,3515,81559,118.35,33
2026-01-05 16:16:27,0,0,3515,81559,117.83,33
2026-01-05 16:16:37,0,0,3515,81559,162.80,33
2026-01-05 16:16:48,0,0,3515,81559,117.56,33
2026-01-05 16:16:58,0,0,3515,81559,117.78,33
2026-01-05 16:17:08,0,0,3515,81559,118.03,33
2026-01-05 16:17:18,0,0,3515,81559,117.69,33
2026-01-05 16:17:28,0,0,3515,81559,117.63,33
2026-01-05 16:17:38,0,0,3515,81559,118.62,33
2026-01-05 16:17:48,0,0,3515,81559,118.11,33
2026-01-05 16:17:58,0,0,3515,81559,117.64,33
2026-01-05 16:18:08,0,0,3515,81559,117.94,33
2026-01-05 16:18:18,0,0,3515,81559,118.59,33
2026-01-05 16:18:28,0,0,3515,81559,117.81,33
2026-01-05 16:18:38,0,0,3515,81559,117.92,33
2026-01-05 16:18:48,0,0,3515,81559,117.86,33
2026-01-05 16:18:58,0,0,3515,81559,117.80,33
2026-01-05 16:19:08,0,0,3515,81559,118.55,33
2026-01-05 16:19:18,0,0,3515,81559,117.79,33
2026-01-05 16:19:28,0,0,3515,81559,117.88,33
2026-01-05 16:19:38,0,0,3515,81559,118.66,33
2026-01-05 16:19:48,0,0,3515,81559,117.83,33
2026-01-05 16:19:58,0,0,3515,81559,117.72,33
2026-01-05 16:20:08,0,0,3515,81559,117.96,33
2026-01-05 16:20:18,0,0,3515,81559,117.75,33
2026-01-05 16:20:28,0,0,3515,81559,117.82,33
2026-01-05 16:20:38,0,0,3515,81559,117.81,33
2026-01-05 16:20:48,0,0,3515,81559,118.06,33
2026-01-05 16:20:58,46,15,3515,81559,163.90,35
2026-01-05 16:21:08,0,0,3515,81559,117.87,33
2026-01-05 16:21:18,0,0,3515,81559,117.91,33
2026-01-05 16:21:29,15,5,3515,81559,161.76,34
2026-01-05 16:21:39,0,0,3515,81559,117.94,33
2026-01-05 16:21:49,0,0,3515,81559,117.33,33
2026-01-05 16:21:59,32,10,3515,81559,163.19,35
2026-01-05 16:22:09,0,0,3515,81559,118.64,33
2026-01-05 16:22:19,0,0,3515,81559,117.99,33
2026-01-05 16:22:29,0,0,3515,81559,162.83,34
2026-01-05 16:22:39,0,0,3515,81559,118.71,34
2026-01-05 16:22:49,0,0,3515,81559,117.93,33
2026-01-05 16:22:59,0,0,3515,81559,165.54,34
2026-01-05 16:23:09,0,0,3515,81559,118.09,34
2026-01-05 16:23:19,0,0,3515,81559,117.86,33
2026-01-05 16:23:29,0,0,3515,81559,163.81,34
2026-01-05 16:23:39,0,0,3515,81559,117.88,33
2026-01-05 16:23:49,0,0,3515,81559,123.01,33
2026-01-05 16:23:59,0,0,3515,81559,161.33,33
2026-01-05 16:24:09,0,0,3515,81559,117.87,33
2026-01-05 16:24:19,0,0,3515,81559,117.70,33
2026-01-05 16:24:29,0,0,3515,81559,162.93,33
2026-01-05 16:24:39,0,0,3515,81559,118.60,33
2026-01-05 16:24:49,0,0,3515,81559,118.57,33
2026-01-05 16:24:59,0,0,3515,81559,165.48,33
2026-01-05 16:25:09,0,0,3515,81559,117.75,33
2026-01-05 16:25:19,0,0,3515,81559,117.70,33
2026-01-05 16:25:29,0,0,3515,81559,164.66,33
2026-01-05 16:25:39,0,0,3515,81559,118.55,33
2026-01-05 16:25:49,0,0,3515,81559,117.88,33
2026-01-05 16:25:59,0,0,3515,81559,118.05,33
2026-01-05 16:26:09,0,0,3515,81559,118.43,33
2026-01-05 16:26:19,0,0,3515,81559,118.49,33
2026-01-05 16:26:30,0,0,3515,81559,118.53,33
2026-01-05 16:26:40,0,0,3515,81559,117.63,33
2026-01-05 16:26:50,0,0,3515,81559,117.62,33
2026-01-05 16:27:00,0,0,3515,81559,117.93,33
2026-01-05 16:27:10,0,0,3515,81559,117.85,33
2026-01-05 16:27:20,0,0,3515,81559,117.57,33
2026-01-05 16:27:30,0,0,3515,81559,117.88,33
2026-01-05 16:27:40,0,0,3515,81559,117.73,33
2026-01-05 16:27:50,0,0,3515,81559,118.44,33
2026-01-05 16:28:00,0,0,3515,81559,117.65,33
2026-01-05 16:28:10,0,0,3515,81559,118.46,33
2026-01-05 16:28:20,0,0,3515,81559,117.67,33
2026-01-05 16:28:30,0,0,3515,81559,117.77,33
2026-01-05 16:28:40,0,0,3515,81559,117.91,33
2026-01-05 16:28:50,0,0,3515,81559,117.65,33
2026-01-05 16:29:00,0,0,3515,81559,117.73,33
2026-01-05 16:29:10,0,0,3515,81559,117.73,33
2026-01-05 16:29:20,0,0,3515,81559,117.21,33
2026-01-05 16:29:30,0,0,3515,81559,117.80,33
2026-01-05 16:29:40,0,0,3515,81559,117.87,33
2026-01-05 16:29:50,0,0,3515,81559,117.21,33
2026-01-05 16:30:00,0,0,3515,81559,118.63,33
2026-01-05 16:30:10,0,0,3515,81559,118.53,33
2026-01-05 16:30:20,0,0,3515,81559,117.76,33
2026-01-05 16:30:30,0,0,3515,81559,117.80,33
2026-01-05 16:30:40,0,0,3515,81559,118.65,33
2026-01-05 16:30:50,100,33,3515,81559,161.87,35
2026-01-05 16:31:00,0,0,3515,81559,117.92,33
2026-01-05 16:31:10,0,0,3515,81559,118.61,33
2026-01-05 16:31:21,3,1,3515,81559,162.49,35
2026-01-05 16:31:31,0,0,3515,81559,118.53,33
2026-01-05 16:31:41,0,0,3515,81559,117.97,33
2026-01-05 16:31:51,0,0,3515,81559,162.12,34
2026-01-05 16:32:01,0,0,3515,81559,117.96,33
2026-01-05 16:32:11,0,0,3515,81559,117.76,33
2026-01-05 16:32:21,0,0,3515,81559,163.02,34
2026-01-05 16:32:31,0,0,3515,81559,117.78,33
2026-01-05 16:32:41,0,0,3515,81559,118.57,33
2026-01-05 16:32:51,0,0,3515,81559,163.04,34
2026-01-05 16:33:01,0,0,3515,81559,117.92,33
2026-01-05 16:33:11,0,0,3515,81559,118.49,33
2026-01-05 16:33:21,0,0,3515,81559,163.53,34
2026-01-05 16:33:31,0,0,3515,81559,118.67,33
2026-01-05 16:33:41,0,0,3515,81559,117.97,33
2026-01-05 16:33:51,0,0,3515,81559,154.06,34
2026-01-05 16:34:01,0,0,3515,81559,118.06,33
2026-01-05 16:34:11,0,0,3515,81559,118.14,33
2026-01-05 16:34:21,0,0,3515,81559,118.83,34
2026-01-05 16:34:31,0,0,3515,81559,118.11,33
2026-01-05 16:34:41,0,0,3515,81559,118.21,34
2026-01-05 16:34:51,0,0,3515,81559,118.17,33
2026-01-05 16:35:01,0,0,3515,81559,117.93,33
2026-01-05 16:35:11,0,0,3515,81559,117.87,34
2026-01-05 16:35:21,0,0,3515,81559,118.82,34
2026-01-05 16:35:31,0,0,3515,81559,117.63,33
2026-01-05 16:35:41,0,0,3515,81559,118.60,34
2026-01-05 16:35:51,0,0,3515,81559,117.76,33
2026-01-05 16:36:01,0,0,3515,81559,117.86,33
2026-01-05 16:36:12,0,0,3515,81559,117.88,33
2026-01-05 16:36:22,0,0,3515,81559,118.72,33
2026-01-05 16:36:32,0,0,3515,81559,118.58,33
2026-01-05 16:36:42,0,0,3515,81559,118.08,33
2026-01-05 16:36:52,0,0,3515,81559,118.66,33
2026-01-05 16:37:02,0,0,3515,81559,117.84,33
2026-01-05 16:37:12,88,29,3515,81559,159.45,40
2026-01-05 16:37:22,0,0,3515,81559,117.83,33
2026-01-05 16:37:32,0,0,3515,81559,118.01,33
2026-01-05 16:37:42,0,0,3515,81559,163.12,34
2026-01-05 16:37:52,0,0,3515,81559,118.55,33
2026-01-05 16:38:02,0,0,3515,81559,118.46,33
2026-01-05 16:38:12,0,0,3515,81559,164.74,34
2026-01-05 16:38:22,0,0,3515,81559,117.68,33
2026-01-05 16:38:32,0,0,3515,81559,117.72,33
2026-01-05 16:38:42,0,0,3515,81559,162.30,33
2026-01-05 16:38:52,0,0,3515,81559,117.73,33
2026-01-05 16:39:02,0,0,3515,81559,117.70,33
2026-01-05 16:39:12,0,0,3515,81559,117.86,33
2026-01-05 16:39:22,0,0,3515,81559,117.76,33
2026-01-05 16:39:32,0,0,3515,81559,118.46,33
2026-01-05 16:39:42,0,0,3515,81559,117.75,33
2026-01-05 16:39:52,0,0,3515,81559,117.88,33
2026-01-05 16:40:02,0,0,3515,81559,117.82,33
2026-01-05 16:40:12,0,0,3515,81559,118.50,33
2026-01-05 16:40:22,0,0,3515,81559,117.72,33
2026-01-05 16:40:32,0,0,3515,81559,117.72,33
2026-01-05 16:40:42,0,0,3515,81559,117.83,33
2026-01-05 16:40:52,0,0,3515,81559,117.74,33
2026-01-05 16:41:02,0,0,3515,81559,161.34,35
2026-01-05 16:41:13,0,0,3515,81559,118.50,33
2026-01-05 16:41:23,0,0,3515,81559,117.83,33
2026-01-05 16:41:33,0,0,3515,81559,163.76,34
2026-01-05 16:41:43,0,0,3515,81559,118.51,33
2026-01-05 16:41:53,0,0,3515,81559,117.63,33
2026-01-05 16:42:03,19,7,3515,81559,162.44,34
2026-01-05 16:42:13,0,0,3515,81559,118.50,33
2026-01-05 16:42:23,0,0,3515,81559,117.64,33
2026-01-05 16:42:33,0,0,3515,81559,162.67,33
2026-01-05 16:42:43,0,0,3515,81559,117.07,33
2026-01-05 16:42:53,0,0,3515,81559,117.65,33
2026-01-05 16:43:03,0,0,3515,81559,165.44,33
2026-01-05 16:43:13,0,0,3515,81559,118.54,33
2026-01-05 16:43:23,0,0,3515,81559,117.74,33
2026-01-05 16:43:33,0,0,3515,81559,163.28,33
2026-01-05 16:43:43,0,0,3515,81559,118.40,33
2026-01-05 16:43:53,0,0,3515,81559,118.56,33
2026-01-05 16:44:03,0,0,3515,81559,140.37,33
2026-01-05 16:44:13,0,0,3515,81559,117.77,33
2026-01-05 16:44:23,0,0,3515,81559,118.06,33
2026-01-05 16:44:33,0,0,3515,81559,142.32,33
2026-01-05 16:44:43,0,0,3515,81559,118.00,33
2026-01-05 16:44:53,0,0,3515,81559,117.90,33
2026-01-05 16:45:03,0,0,3515,81559,139.93,33
2026-01-05 16:45:13,0,0,3515,81559,118.02,33
2026-01-05 16:45:23,0,0,3515,81559,117.96,33
2026-01-05 16:45:33,0,0,3515,81559,140.10,33
2026-01-05 16:45:43,0,0,3515,81559,118.08,33
2026-01-05 16:45:53,0,0,3515,81559,118.02,33
2026-01-05 16:46:04,0,0,3515,81559,141.15,34
2026-01-05 16:46:14,0,0,3515,81559,117.96,33
2026-01-05 16:46:24,0,0,3515,81559,118.00,33
2026-01-05 16:46:34,0,0,3515,81559,140.94,33
2026-01-05 16:46:44,0,0,3515,81559,117.99,33
2026-01-05 16:46:54,0,0,3515,81559,118.02,33
2026-01-05 16:47:04,0,0,3515,81559,140.93,33
2026-01-05 16:47:14,0,0,3515,81559,118.60,33
2026-01-05 16:47:24,0,0,3515,81559,143.43,34
2026-01-05 16:47:34,0,0,3515,81559,118.63,33
2026-01-05 16:47:44,0,0,3515,81559,118.57,33
2026-01-05 16:47:54,0,0,3515,81559,142.07,33
2026-01-05 16:48:04,0,0,3515,81559,118.66,33
2026-01-05 16:48:14,0,0,3515,81559,118.50,33
2026-01-05 16:48:24,0,0,3515,81559,140.82,33
2026-01-05 16:48:34,0,0,3515,81559,118.91,33
2026-01-05 16:48:44,0,0,3515,81559,118.07,33
2026-01-05 16:48:54,0,0,3515,81559,117.98,33
2026-01-05 16:49:04,0,0,3515,81559,118.17,33
2026-01-05 16:49:14,0,0,3515,81559,118.09,33
2026-01-05 16:49:24,0,0,3515,81559,118.18,33
2026-01-05 16:49:34,0,0,3515,81559,118.73,33
2026-01-05 16:49:44,0,0,3515,81559,118.67,33
2026-01-05 16:49:54,0,0,3515,81559,118.62,33
2026-01-05 16:50:04,0,0,3515,81559,118.51,33
2026-01-05 16:50:14,0,0,3515,81559,118.57,33
2026-01-05 16:50:24,0,0,3515,81559,118.54,33
2026-01-05 16:50:34,0,0,3515,81559,118.65,33
2026-01-05 16:50:44,0,0,3515,81559,118.03,33
2026-01-05 16:50:54,0,0,3515,81559,117.97,33
2026-01-05 16:51:05,0,0,3515,81559,118.13,33
2026-01-05 16:51:15,0,0,3515,81559,118.13,33
2026-01-05 16:51:25,0,0,3515,81559,118.06,33
2026-01-05 16:51:35,0,0,3515,81559,118.14,33
2026-01-05 16:51:45,0,0,3515,81559,118.16,33
2026-01-05 16:51:55,0,0,3515,81559,118.16,34
2026-01-05 16:52:05,0,0,3515,81559,118.08,34
2026-01-05 16:52:15,0,0,3515,81559,118.14,33
2026-01-05 16:52:25,0,0,3515,81559,118.24,34
2026-01-05 16:52:35,0,0,3515,81559,118.04,34
2026-01-05 16:52:45,0,0,3515,81559,118.07,34
2026-01-05 16:52:55,0,0,3515,81559,118.07,34
2026-01-05 16:53:05,0,0,3515,81559,118.02,34
2026-01-05 16:53:15,30,10,3515,81559,141.29,34
2026-01-05 16:53:25,60,20,3515,81559,140.80,34
2026-01-05 16:53:35,0,0,3515,81559,118.03,34
2026-01-05 16:53:45,0,0,3515,81559,130.08,34
2026-01-05 16:53:55,25,8,3515,81559,128.86,39
2026-01-05 16:54:05,0,0,3515,81559,118.07,34
2026-01-05 16:54:15,0,0,3515,81559,128.81,34
2026-01-05 16:54:25,0,0,3515,81559,118.15,33
2026-01-05 16:54:35,0,0,3515,81559,118.71,34
2026-01-05 16:54:45,0,0,3515,81559,128.54,34
2026-01-05 16:54:55,59,20,3515,81559,141.52,35
2026-01-05 16:55:05,0,0,3515,81559,118.68,33
2026-01-05 16:55:15,0,0,3515,81559,118.68,34
2026-01-05 16:55:25,0,0,3515,81559,141.43,33
2026-01-05 16:55:35,0,0,3515,81559,117.89,33
2026-01-05 16:55:45,0,0,3515,81559,118.66,33
2026-01-05 16:55:55,0,0,3515,81559,118.63,33
2026-01-05 16:56:06,0,0,3515,81559,124.46,37
2026-01-05 16:56:16,0,0,3515,81559,118.82,33
2026-01-05 16:56:26,0,0,3515,81559,118.60,33
2026-01-05 16:56:36,0,0,3515,81559,140.03,34
2026-01-05 16:56:46,0,0,3515,81559,118.58,33
2026-01-05 16:56:56,0,0,3515,81559,118.02,33
2026-01-05 16:57:06,18,7,3515,81559,138.97,34
2026-01-05 16:57:16,0,0,3515,81559,117.96,33
2026-01-05 16:57:26,0,0,3515,81559,117.98,33
2026-01-05 16:57:36,0,0,3515,81559,141.13,33
2026-01-05 16:57:46,0,0,3515,81559,117.98,33
2026-01-05 16:57:56,0,0,3515,81559,117.99,33
2026-01-05 16:58:06,0,0,3515,81559,139.81,33
2026-01-05 16:58:16,0,0,3515,81559,117.81,33
2026-01-05 16:58:26,0,0,3515,81559,117.91,33
2026-01-05 16:58:36,0,0,3515,81559,139.50,33
2026-01-05 16:58:46,0,0,3515,81559,117.82,33
2026-01-05 16:58:56,0,0,3515,81559,117.86,33
2026-01-05 16:59:06,0,0,3515,81559,132.41,33
2026-01-05 16:59:16,0,0,3515,81559,117.74,33
2026-01-05 16:59:26,0,0,3515,81559,117.99,33
2026-01-05 16:59:36,0,0,3515,81559,117.89,33
2026-01-05 16:59:46,0,0,3515,81559,117.89,33
2026-01-05 16:59:56,0,0,3515,81559,117.79,33
2026-01-05 17:00:06,0,0,3515,81559,117.71,33
2026-01-05 17:00:16,0,0,3515,81559,123.27,36
2026-01-05 17:00:26,0,0,3515,81559,128.07,33
2026-01-05 17:00:36,0,0,3515,81559,117.89,33
2026-01-05 17:00:46,0,0,3515,81559,140.26,34
2026-01-05 17:00:56,0,0,3515,81559,130.88,33
2026-01-05 17:01:07,0,0,3515,81559,118.42,33
2026-01-05 17:01:17,0,0,3515,81559,141.20,33
2026-01-05 17:01:27,0,0,3515,81559,130.44,33
2026-01-05 17:01:37,0,0,3515,81559,117.90,33
2026-01-05 17:01:47,0,0,3515,81559,140.59,33
2026-01-05 17:01:57,0,0,3515,81559,127.98,33
2026-01-05 17:02:07,0,0,3515,81559,117.86,33
2026-01-05 17:02:17,0,0,3515,81559,118.00,33
2026-01-05 17:02:27,0,0,3515,81559,142.42,34
2026-01-05 17:02:37,0,0,3515,81559,117.86,33
2026-01-05 17:02:47,0,0,3515,81559,117.97,33
2026-01-05 17:02:57,0,0,3515,81559,142.21,33
2026-01-05 17:03:07,0,0,3515,81559,117.98,33
2026-01-05 17:03:17,0,0,3515,81559,118.03,33
2026-01-05 17:03:27,0,0,3515,81559,119.26,33
2026-01-05 17:03:37,0,0,3515,81559,117.90,33
2026-01-05 17:03:47,0,0,3515,81559,117.93,33
2026-01-05 17:03:57,0,0,3515,81559,140.43,33
2026-01-05 17:04:07,0,0,3515,81559,118.00,33
2026-01-05 17:04:17,0,0,3515,81559,117.89,33
2026-01-05 17:04:27,0,0,3515,81559,117.99,33
2026-01-05 17:04:37,0,0,3515,81559,118.00,33
2026-01-05 17:04:47,0,0,3515,81559,117.95,33
2026-01-05 17:04:57,0,0,3515,81559,118.17,33
2026-01-05 17:05:07,0,0,3515,81559,118.95,37
2026-01-05 17:05:17,0,0,3515,81559,117.92,33
2026-01-05 17:05:27,0,0,3515,81559,118.02,33
2026-01-05 17:05:38,54,18,3515,81559,140.58,35
2026-01-05 17:05:48,0,0,3515,81559,118.04,33
2026-01-05 17:05:58,0,0,3515,81559,118.12,33
2026-01-05 17:06:08,38,12,3515,81559,140.24,34
2026-01-05 17:06:18,0,0,3515,81559,117.91,33
2026-01-05 17:06:28,0,0,3515,81559,117.92,33
2026-01-05 17:06:38,0,0,3515,81559,140.58,34
2026-01-05 17:06:48,13,5,3515,81559,140.27,34
2026-01-05 17:06:58,0,0,3515,81559,118.01,33
2026-01-05 17:07:08,1,0,3515,81559,140.10,34
2026-01-05 17:07:18,0,0,3515,81559,139.72,34
2026-01-05 17:07:28,0,0,3515,81559,118.08,33
2026-01-05 17:07:38,0,0,3515,81559,141.55,34
2026-01-05 17:07:48,0,0,3515,81559,140.59,34
2026-01-05 17:07:58,0,0,3515,81559,118.05,33
2026-01-05 17:08:08,0,0,3515,81559,118.10,34
2026-01-05 17:08:18,0,0,3515,81559,140.34,34
2026-01-05 17:08:28,0,0,3515,81559,118.04,33
2026-01-05 17:08:38,0,0,3515,81559,117.89,33
2026-01-05 17:08:48,0,0,3515,81559,140.47,33
2026-01-05 17:08:58,0,0,3515,81559,117.98,33
2026-01-05 17:09:08,0,0,3515,81559,118.08,33
2026-01-05 17:09:18,0,0,3515,81559,140.43,33
2026-01-05 17:09:28,0,0,3515,81559,118.00,33
2026-01-05 17:09:38,0,0,3515,81559,118.13,33
2026-01-05 17:09:48,0,0,3515,81559,118.23,33
2026-01-05 17:09:58,0,0,3515,81559,117.99,33
2026-01-05 17:10:08,0,0,3515,81559,118.23,33
2026-01-05 17:10:18,0,0,3515,81559,118.04,33
2026-01-05 17:10:28,0,0,3515,81559,117.96,33
2026-01-05 17:10:39,0,0,3515,81559,118.07,33
2026-01-05 17:10:49,0,0,3515,81559,118.12,33
2026-01-05 17:10:59,0,0,3515,81559,117.96,33
2026-01-05 17:11:09,0,0,3515,81559,118.01,33
2026-01-05 17:11:19,0,0,3515,81559,118.04,33
2026-01-05 17:11:29,0,0,3515,81559,118.01,33
2026-01-05 17:11:39,0,0,3515,81559,118.00,33
2026-01-05 17:11:49,0,0,3515,81559,118.03,33
2026-01-05 17:11:59,0,0,3515,81559,118.01,33
2026-01-05 17:12:09,0,0,3515,81559,118.01,33
2026-01-05 17:12:19,0,0,3515,81559,117.98,33
2026-01-05 17:12:29,0,0,3515,81559,117.98,33
2026-01-05 17:12:39,0,0,3515,81559,117.96,33
2026-01-05 17:12:49,0,0,3515,81559,117.98,33
2026-01-05 17:12:59,0,0,3515,81559,117.93,33
2026-01-05 17:13:09,0,0,3515,81559,118.03,33
2026-01-05 17:13:19,0,0,3515,81559,117.95,33
2026-01-05 17:13:29,0,0,3515,81559,117.95,33
2026-01-05 17:13:39,0,0,3515,81559,118.02,33
2026-01-05 17:13:49,0,0,3515,81559,117.90,33
2026-01-05 17:13:59,0,0,3515,81559,117.87,33
2026-01-05 17:14:09,0,0,3515,81559,141.03,34
2026-01-05 17:14:19,0,0,3515,81559,117.91,33
2026-01-05 17:14:29,0,0,3515,81559,117.90,33
2026-01-05 17:14:39,0,0,3515,81559,140.03,34
2026-01-05 17:14:49,0,0,3515,81559,117.85,33
2026-01-05 17:14:59,0,0,3515,81559,117.81,33
2026-01-05 17:15:09,0,0,3515,81559,139.97,33
2026-01-05 17:15:19,0,0,3515,81559,117.92,33
2026-01-05 17:15:30,60,20,3515,81559,140.32,34
2026-01-05 17:15:40,0,0,3515,81559,141.42,33
2026-01-05 17:15:50,0,0,3515,81559,118.07,33
2026-01-05 17:16:00,0,0,3515,81559,122.54,37
2026-01-05 17:16:10,0,0,3515,81559,140.60,33
2026-01-05 17:16:20,0,0,3515,81559,117.81,33
2026-01-05 17:16:30,0,0,3515,81559,117.88,33
2026-01-05 17:16:40,0,0,3515,81559,139.27,33
2026-01-05 17:16:50,0,0,3515,81559,118.05,33
2026-01-05 17:17:00,0,0,3515,81559,117.90,34
2026-01-05 17:17:10,0,0,3515,81559,135.81,33
2026-01-05 17:17:20,0,0,3515,81559,118.04,33
2026-01-05 17:17:30,36,12,3515,81559,139.65,34
2026-01-05 17:17:40,0,0,3515,81559,118.08,33
2026-01-05 17:17:50,0,0,3515,81559,118.00,33
2026-01-05 17:18:00,0,0,3515,81559,140.21,33
2026-01-05 17:18:10,0,0,3515,81559,118.05,33
2026-01-05 17:18:20,0,0,3515,81559,117.88,33
2026-01-05 17:18:30,0,0,3515,81559,140.47,33
2026-01-05 17:18:40,0,0,3515,81559,118.04,33
2026-01-05 17:18:50,0,0,3515,81559,118.60,33
2026-01-05 17:19:00,0,0,3515,81559,141.32,33
2026-01-05 17:19:10,0,0,3515,81559,118.45,33
2026-01-05 17:19:20,0,0,3515,81559,118.45,33
2026-01-05 17:19:30,0,0,3515,81559,130.58,33
2026-01-05 17:19:40,0,0,3515,81559,118.55,33
2026-01-05 17:19:50,0,0,3515,81559,118.62,33
2026-01-05 17:20:00,0,0,3515,81559,118.67,33
2026-01-05 17:20:10,0,0,3515,81559,118.61,33
2026-01-05 17:20:20,0,0,3515,81559,118.63,33
2026-01-05 17:20:31,58,19,3515,81559,140.00,34
2026-01-05 17:20:41,0,0,3515,81559,117.94,33
2026-01-05 17:20:51,0,0,3515,81559,117.93,33
2026-01-05 17:21:01,0,0,3515,81559,140.16,34
2026-01-05 17:21:11,0,0,3515,81559,118.01,33
2026-01-05 17:21:21,0,0,3515,81559,117.95,33
2026-01-05 17:21:31,30,10,3515,81559,140.81,34
2026-01-05 17:21:41,0,0,3515,81559,117.88,33
2026-01-05 17:21:51,0,0,3515,81559,117.94,33
2026-01-05 17:22:01,0,0,3515,81559,139.93,33
2026-01-05 17:22:11,0,0,3515,81559,117.91,33
2026-01-05 17:22:21,0,0,3515,81559,117.89,33
2026-01-05 17:22:31,0,0,3515,81559,140.22,33
2026-01-05 17:22:41,0,0,3515,81559,117.97,33
2026-01-05 17:22:51,0,0,3515,81559,117.88,33
2026-01-05 17:23:01,0,0,3515,81559,140.46,33
2026-01-05 17:23:11,0,0,3515,81559,118.06,33
2026-01-05 17:23:21,0,0,3515,81559,137.90,35
2026-01-05 17:23:31,0,0,3515,81559,118.80,33
2026-01-05 17:23:41,0,0,3515,81559,118.86,33
2026-01-05 17:23:51,14,4,3515,81559,141.27,35
2026-01-05 17:24:01,0,0,3515,81559,118.72,33
2026-01-05 17:24:11,0,0,3515,81559,118.64,33
2026-01-05 17:24:21,0,0,3515,81559,140.35,34
2026-01-05 17:24:31,0,0,3515,81559,117.93,33
2026-01-05 17:24:41,0,0,3515,81559,118.71,33
2026-01-05 17:24:51,0,0,3515,81559,139.93,34
2026-01-05 17:25:01,0,0,3515,81559,118.62,33
2026-01-05 17:25:11,0,0,3515,81559,118.60,33
2026-01-05 17:25:22,0,0,3515,81559,141.33,33
2026-01-05 17:25:32,0,0,3515,81559,118.62,33
2026-01-05 17:25:42,0,0,3515,81559,118.62,33
2026-01-05 17:25:52,0,0,3515,81559,141.01,33
2026-01-05 17:26:02,0,0,3515,81559,118.54,33
2026-01-05 17:26:12,0,0,3515,81559,118.51,33
2026-01-05 17:26:22,0,0,3515,81559,140.74,33
2026-01-05 17:26:32,0,0,3515,81559,118.53,33
2026-01-05 17:26:42,0,0,3515,81559,118.50,33
2026-01-05 17:26:52,0,0,3515,81559,162.44,36
2026-01-05 17:27:02,0,0,3515,81559,118.53,33
2026-01-05 17:27:12,0,0,3515,81559,118.56,33
2026-01-05 17:27:22,0,0,3515,81559,164.75,33
2026-01-05 17:27:32,0,0,3515,81559,117.88,33
2026-01-05 17:27:42,0,0,3515,81559,117.89,33
2026-01-05 17:27:52,0,0,3515,81559,162.30,34
2026-01-05 17:28:02,0,0,3515,81559,117.93,33
2026-01-05 17:28:12,0,0,3515,81559,117.87,33
2026-01-05 17:28:22,0,0,3515,81559,162.31,33
2026-01-05 17:28:32,0,0,3515,81559,117.89,33
2026-01-05 17:28:42,0,0,3515,81559,117.80,33
2026-01-05 17:28:52,0,0,3515,81559,162.86,33
2026-01-05 17:29:02,0,0,3515,81559,117.66,33
2026-01-05 17:29:12,0,0,3515,81559,118.44,33
2026-01-05 17:29:22,0,0,3515,81559,152.68,33
2026-01-05 17:29:32,0,0,3515,81559,117.58,33
2026-01-05 17:29:42,0,0,3515,81559,117.55,33
2026-01-05 17:29:52,0,0,3515,81559,154.67,33
2026-01-05 17:30:02,0,0,3515,81559,117.68,33
2026-01-05 17:30:12,0,0,3515,81559,118.46,33
2026-01-05 17:30:23,0,0,3515,81559,118.70,33
2026-01-05 17:30:33,0,0,3515,81559,118.56,33
2026-01-05 17:30:43,0,0,3515,81559,118.08,33
2026-01-05 17:30:53,0,0,3515,81559,117.80,33
2026-01-05 17:31:03,0,0,3515,81559,117.68,33
2026-01-05 17:31:13,0,0,3515,81559,118.50,33
2026-01-05 17:31:23,0,0,3515,81559,118.26,33
2026-01-05 17:31:33,0,0,3515,81559,118.05,33
2026-01-05 17:31:43,0,0,3515,81559,117.16,33
2026-01-05 17:31:53,0,0,3515,81559,117.93,33
2026-01-05 17:32:03,0,0,3515,81559,118.53,33
2026-01-05 17:32:13,0,0,3515,81559,117.58,33
2026-01-05 17:32:23,0,0,3515,81559,117.82,33
2026-01-05 17:32:33,0,0,3515,81559,118.63,33
2026-01-05 17:32:43,0,0,3515,81559,117.92,33
2026-01-05 17:32:53,0,0,3515,81559,117.84,33
2026-01-05 17:33:03,0,0,3515,81559,117.83,33
2026-01-05 17:33:13,0,0,3515,81559,117.70,33
2026-01-05 17:33:23,0,0,3515,81559,117.75,33
2026-01-05 17:33:33,0,0,3515,81559,117.72,33
2026-01-05 17:33:43,0,0,3515,81559,117.76,33
2026-01-05 17:33:53,0,0,3515,81559,117.25,33
2026-01-05 17:34:03,0,0,3515,81559,117.70,33
2026-01-05 17:34:13,0,0,3515,81559,117.87,33
2026-01-05 17:34:23,0,0,3515,81559,118.70,33
2026-01-05 17:34:33,0,0,3515,81559,118.60,33
2026-01-05 17:34:43,0,0,3515,81559,117.80,33
2026-01-05 17:34:53,0,0,3515,81559,118.63,33
2026-01-05 17:35:03,0,0,3515,81559,117.93,33
2026-01-05 17:35:14,0,0,3515,81559,117.82,33
2026-01-05 17:35:24,0,0,3515,81559,118.18,33
2026-01-05 17:35:34,0,0,3515,81559,117.85,33
2026-01-05 17:35:44,0,0,3515,81559,118.56,33
2026-01-05 17:35:54,0,0,3515,81559,117.82,33
2026-01-05 17:36:04,0,0,3515,81559,117.72,33
2026-01-05 17:36:14,0,0,3515,81559,117.72,33
2026-01-05 17:36:24,0,0,3515,81559,117.83,33
2026-01-05 17:36:34,0,0,3515,81559,117.74,33
2026-01-05 17:36:44,0,0,3515,81559,117.70,33
2026-01-05 17:36:54,0,0,3515,81559,118.49,33
2026-01-05 17:37:04,0,0,3515,81559,118.60,33
2026-01-05 17:37:14,0,0,3515,81559,118.50,33
2026-01-05 17:37:24,0,0,3515,81559,117.79,33
2026-01-05 17:37:34,0,0,3515,81559,117.98,33
2026-01-05 17:37:44,0,0,3515,81559,118.44,33
2026-01-05 17:37:54,0,0,3515,81559,117.84,33
2026-01-05 17:38:04,0,0,3515,81559,118.52,33
2026-01-05 17:38:14,0,0,3515,81559,118.03,33
2026-01-05 17:38:24,0,0,3515,81559,118.64,33
2026-01-05 17:38:34,0,0,3515,81559,118.47,33
2026-01-05 17:38:44,0,0,3515,81559,162.25,34
2026-01-05 17:38:54,0,0,3515,81559,122.92,33
2026-01-05 17:39:04,0,0,3515,81559,117.85,33
2026-01-05 17:39:14,0,0,3515,81559,161.88,33
2026-01-05 17:39:24,0,0,3515,81559,117.69,33
2026-01-05 17:39:34,0,0,3515,81559,118.39,33
2026-01-05 17:39:44,0,0,3515,81559,163.61,33
2026-01-05 17:39:54,0,0,3515,81559,117.81,33
2026-01-05 17:40:05,0,0,3515,81559,117.71,33
2026-01-05 17:40:15,0,0,3515,81559,161.91,33
2026-01-05 17:40:25,0,0,3515,81559,117.78,33
2026-01-05 17:40:35,0,0,3515,81559,117.54,33
2026-01-05 17:40:45,0,0,3515,81559,117.68,33
2026-01-05 17:40:55,0,0,3515,81559,118.38,33
2026-01-05 17:41:05,0,0,3515,81559,118.38,33
2026-01-05 17:41:15,0,0,3515,81559,117.66,33
2026-01-05 17:41:25,0,0,3515,81559,117.55,33
2026-01-05 17:41:35,0,0,3515,81559,117.51,33
2026-01-05 17:41:45,0,0,3515,81559,117.65,33
2026-01-05 17:41:55,0,0,3515,81559,118.36,33
2026-01-05 17:42:05,0,0,3515,81559,117.50,33
2026-01-05 17:42:15,0,0,3515,81559,117.43,33
2026-01-05 17:42:25,0,0,3515,81559,117.61,33
2026-01-05 17:42:35,0,0,3515,81559,117.76,33
2026-01-05 17:42:45,0,0,3515,81559,117.69,33
2026-01-05 17:42:55,0,0,3515,81559,117.71,33
2026-01-05 17:43:05,0,0,3515,81559,117.81,33
2026-01-05 17:43:15,0,0,3515,81559,117.03,33
2026-01-05 17:43:25,0,0,3515,81559,117.71,33
2026-01-05 17:43:35,0,0,3515,81559,117.58,33
2026-01-05 17:43:45,0,0,3515,81559,117.55,33
2026-01-05 17:43:55,0,0,3515,81559,117.64,33
2026-01-05 17:44:05,0,0,3515,81559,117.72,33
2026-01-05 17:44:15,0,0,3515,81559,118.45,33
2026-01-05 17:44:25,0,0,3515,81559,117.79,33
2026-01-05 17:44:35,0,0,3515,81559,117.72,33
2026-01-05 17:44:45,0,0,3515,81559,118.45,33
2026-01-05 17:44:55,0,0,3515,81559,118.38,33
2026-01-05 17:45:06,0,0,3515,81559,162.49,33
2026-01-05 17:45:16,0,0,3515,81559,117.61,33
2026-01-05 17:45:26,0,0,3515,81559,117.47,33
2026-01-05 17:45:36,0,0,3515,81559,162.26,33
2026-01-05 17:45:46,0,0,3515,81559,118.70,33
2026-01-05 17:45:56,0,0,3515,81559,117.82,33
2026-01-05 17:46:06,0,0,3515,81559,161.90,33
2026-01-05 17:46:16,0,0,3515,81559,117.88,33
2026-01-05 17:46:26,0,0,3515,81559,117.67,33
2026-01-05 17:46:36,0,0,3515,81559,163.03,33
2026-01-05 17:46:46,0,0,3515,81559,117.79,33
2026-01-05 17:46:56,0,0,3515,81559,117.61,33
2026-01-05 17:47:06,0,0,3515,81559,118.78,33
2026-01-05 17:47:16,0,0,3515,81559,117.61,33
2026-01-05 17:47:26,0,0,3515,81559,118.37,33
2026-01-05 17:47:36,0,0,3515,81559,118.52,33
2026-01-05 17:47:46,0,0,3515,81559,117.72,33
2026-01-05 17:47:56,0,0,3515,81559,118.37,33
2026-01-05 17:48:06,0,0,3515,81559,117.61,33
2026-01-05 17:48:16,0,0,3515,81559,118.41,33
2026-01-05 17:48:26,0,0,3515,81559,118.42,33
2026-01-05 17:48:36,0,0,3515,81559,118.55,33
2026-01-05 17:48:46,0,0,3515,81559,117.63,33
2026-01-05 17:48:56,0,0,3515,81559,117.87,33
2026-01-05 17:49:06,0,0,3515,81559,117.60,33
2026-01-05 17:49:16,0,0,3515,81559,117.63,33
2026-01-05 17:49:26,0,0,3515,81559,117.91,33
2026-01-05 17:49:36,0,0,3515,81559,118.72,33
2026-01-05 17:49:46,0,0,3515,81559,118.42,33
2026-01-05 17:49:57,0,0,3515,81559,118.50,33
2026-01-05 17:50:07,0,0,3515,81559,118.59,33
2026-01-05 17:50:17,0,0,3515,81559,117.55,33
2026-01-05 17:50:27,0,0,3515,81559,117.62,33
2026-01-05 17:50:37,0,0,3515,81559,117.98,33
2026-01-05 17:50:47,0,0,3515,81559,117.78,33
2026-01-05 17:50:57,0,0,3515,81559,117.83,33
2026-01-05 17:51:07,0,0,3515,81559,118.51,33
2026-01-05 17:51:17,0,0,3515,81559,118.60,33
2026-01-05 17:51:27,0,0,3515,81559,151.36,39
2026-01-05 17:51:37,0,0,3515,81559,118.60,33
2026-01-05 17:51:47,0,0,3515,81559,118.57,33
2026-01-05 17:51:57,51,17,3515,81559,160.29,40
2026-01-05 17:52:07,0,0,3515,81559,118.18,33
2026-01-05 17:52:17,0,0,3515,81559,117.99,33
2026-01-05 17:52:27,87,29,3515,81559,165.59,35
2026-01-05 17:52:37,0,0,3515,81559,117.88,33
2026-01-05 17:52:47,0,0,3515,81559,117.84,33
2026-01-05 17:52:57,0,0,3515,81559,161.72,34
2026-01-05 17:53:07,0,0,3515,81559,117.82,33
2026-01-05 17:53:17,0,0,3515,81559,117.92,33
2026-01-05 17:53:27,0,0,3515,81559,163.34,34
2026-01-05 17:53:37,0,0,3515,81559,117.93,33
2026-01-05 17:53:47,0,0,3515,81559,118.63,33
2026-01-05 17:53:57,0,0,3515,81559,118.10,34
2026-01-05 17:54:07,0,0,3515,81559,117.31,33
2026-01-05 17:54:17,0,0,3515,81559,117.26,33
2026-01-05 17:54:27,0,0,3515,81559,118.79,34
2026-01-05 17:54:37,0,0,3515,81559,118.66,33
2026-01-05 17:54:48,0,0,3515,81559,117.85,33
2026-01-05 17:54:58,0,0,3515,81559,118.21,34
2026-01-05 17:55:08,0,0,3515,81559,118.61,33
2026-01-05 17:55:18,0,0,3515,81559,117.86,33
2026-01-05 17:55:28,0,0,3515,81559,118.75,34
2026-01-05 17:55:38,0,0,3515,81559,119.30,33
2026-01-05 17:55:48,0,0,3515,81559,117.88,33
2026-01-05 17:55:58,0,0,3515,81559,118.68,34
2026-01-05 17:56:08,0,0,3515,81559,118.62,33
2026-01-05 17:56:18,0,0,3515,81559,117.88,33
2026-01-05 17:56:28,0,0,3515,81559,117.97,34
2026-01-05 17:56:38,0,0,3515,81559,117.27,33
2026-01-05 17:56:48,0,0,3515,81559,117.21,33
2026-01-05 17:56:58,0,0,3515,81559,117.92,33
2026-01-05 17:57:08,0,0,3515,81559,118.02,33
2026-01-05 17:57:18,0,0,3515,81559,117.78,33
2026-01-05 17:57:28,0,0,3515,81559,117.80,33
2026-01-05 17:57:38,0,0,3515,81559,117.81,33
2026-01-05 17:57:48,0,0,3515,81559,162.50,34
2026-01-05 17:57:58,0,0,3515,81559,117.91,33
2026-01-05 17:58:08,0,0,3515,81559,117.83,33
2026-01-05 17:58:18,0,0,3515,81559,163.61,34
2026-01-05 17:58:28,0,0,3515,81559,117.76,33
2026-01-05 17:58:38,0,0,3515,81559,118.68,33
2026-01-05 17:58:48,0,0,3515,81559,163.62,34
2026-01-05 17:58:58,0,0,3515,81559,118.61,33
2026-01-05 17:59:08,0,0,3515,81559,118.48,33
2026-01-05 17:59:18,0,0,3515,81559,163.68,34
2026-01-05 17:59:28,0,0,3515,81559,117.73,33
2026-01-05 17:59:39,0,0,3515,81559,118.49,33
2026-01-05 17:59:49,0,0,3515,81559,161.17,33
2026-01-05 17:59:59,0,0,3515,81559,118.65,33
2026-01-05 18:00:09,0,0,3515,81559,118.47,33
2026-01-05 18:00:19,0,0,3515,81559,144.16,34
2026-01-05 18:00:29,0,0,3515,81559,117.82,33
2026-01-05 18:00:39,0,0,3515,81559,117.76,33
2026-01-05 18:00:49,0,0,3515,81559,117.92,33
2026-01-05 18:00:59,0,0,3515,81559,118.54,33
2026-01-05 18:01:09,0,0,3515,81559,117.83,33
2026-01-05 18:01:19,0,0,3515,81559,117.78,33
2026-01-05 18:01:29,0,0,3515,81559,117.84,33
2026-01-05 18:01:39,0,0,3515,81559,118.02,33
2026-01-05 18:01:49,0,0,3515,81559,117.93,33
2026-01-05 18:01:59,0,0,3515,81559,117.78,33
2026-01-05 18:02:09,0,0,3515,81559,117.78,33
2026-01-05 18:02:19,0,0,3515,81559,118.67,33
2026-01-05 18:02:29,0,0,3515,81559,117.83,33
2026-01-05 18:02:39,0,0,3515,81559,117.99,33
2026-01-05 18:02:49,0,0,3515,81559,118.74,33
2026-01-05 18:02:59,0,0,3515,81559,117.88,33
2026-01-05 18:03:09,0,0,3515,81559,117.80,33
2026-01-05 18:03:19,0,0,3515,81559,118.03,33
2026-01-05 18:03:29,0,0,3515,81559,118.61,33
2026-01-05 18:03:39,0,0,3515,81559,117.91,33
2026-01-05 18:03:49,0,0,3515,81559,118.11,33
2026-01-05 18:03:59,0,0,3515,81559,117.96,33
2026-01-05 18:04:09,0,0,3515,81559,161.94,41
2026-01-05 18:04:19,0,0,3515,81559,117.30,33
2026-01-05 18:04:29,0,0,3515,81559,117.91,33
2026-01-05 18:04:40,38,12,3515,81559,161.18,40
2026-01-05 18:04:50,0,0,3515,81559,117.97,34
2026-01-05 18:05:00,0,0,3515,81559,118.10,34
2026-01-05 18:05:10,0,0,3515,81559,163.51,35
2026-01-05 18:05:20,0,0,3515,81559,117.89,34
2026-01-05 18:05:30,0,0,3515,81559,117.93,34
2026-01-05 18:05:40,0,0,3515,81559,162.23,34
2026-01-05 18:05:50,0,0,3515,81559,118.72,34
2026-01-05 18:06:00,0,0,3515,81559,118.05,34
2026-01-05 18:06:10,0,0,3515,81559,160.92,35
2026-01-05 18:06:20,0,0,3515,81559,117.93,34
2026-01-05 18:06:30,0,0,3515,81559,117.92,33
2026-01-05 18:06:40,0,0,3515,81559,163.10,35
2026-01-05 18:06:50,0,0,3515,81559,117.93,34
2026-01-05 18:07:00,0,0,3515,81559,117.85,34
2026-01-05 18:07:10,0,0,3515,81559,162.86,34
2026-01-05 18:07:20,0,0,3515,81559,117.89,34
2026-01-05 18:07:30,0,0,3515,81559,117.96,34
2026-01-05 18:07:40,0,0,3515,81559,162.56,34
2026-01-05 18:07:50,0,0,3515,81559,118.70,34
2026-01-05 18:08:00,0,0,3515,81559,118.86,34
2026-01-05 18:08:10,0,0,3515,81559,162.72,34
2026-01-05 18:08:20,0,0,3515,81559,118.19,34
2026-01-05 18:08:30,0,0,3515,81559,117.90,34
2026-01-05 18:08:40,0,0,3515,81559,164.21,34
2026-01-05 18:08:50,0,0,3515,81559,117.95,34
2026-01-05 18:09:00,0,0,3515,81559,117.80,34
2026-01-05 18:09:10,0,0,3515,81559,118.93,34
2026-01-05 18:09:20,0,0,3515,81559,117.98,34
2026-01-05 18:09:31,0,0,3515,81559,117.83,33
2026-01-05 18:09:41,0,0,3515,81559,118.69,34
2026-01-05 18:09:51,0,0,3515,81559,118.79,33
2026-01-05 18:10:01,0,0,3515,81559,117.90,33
2026-01-05 18:10:11,0,0,3515,81559,118.73,33
2026-01-05 18:10:21,0,0,3515,81559,117.94,33
2026-01-05 18:10:31,0,0,3515,81559,118.72,33
2026-01-05 18:10:41,0,0,3515,81559,118.65,33
2026-01-05 18:10:51,0,0,3515,81559,118.62,33
2026-01-05 18:11:01,0,0,3515,81559,118.61,33
2026-01-05 18:11:11,0,0,3515,81559,118.63,33
2026-01-05 18:11:21,0,0,3515,81559,118.64,33
2026-01-05 18:11:31,0,0,3515,81559,123.08,34
2026-01-05 18:11:41,0,0,3515,81559,118.05,33
2026-01-05 18:11:51,0,0,3515,81559,118.55,33
2026-01-05 18:12:01,100,33,3515,81559,162.16,37
2026-01-05 18:12:11,0,0,3515,81559,118.59,33
2026-01-05 18:12:21,0,0,3515,81559,117.70,33
2026-01-05 18:12:31,0,0,3515,81559,162.59,34
2026-01-05 18:12:41,0,0,3515,81559,117.22,33
2026-01-05 18:12:51,0,0,3515,81559,117.65,33
2026-01-05 18:13:01,0,0,3515,81559,163.28,34
2026-01-05 18:13:11,0,0,3515,81559,117.58,33
2026-01-05 18:13:21,0,0,3515,81559,117.70,33
2026-01-05 18:13:31,0,0,3515,81559,161.57,34
2026-01-05 18:13:41,0,0,3515,81559,118.46,33
2026-01-05 18:13:51,0,0,3515,81559,117.93,33
2026-01-05 18:14:01,0,0,3515,81559,162.56,33
2026-01-05 18:14:11,0,0,3515,81559,118.42,33
2026-01-05 18:14:22,0,0,3515,81559,117.67,33
2026-01-05 18:14:32,0,0,3515,81559,158.58,33
2026-01-05 18:14:42,0,0,3515,81559,117.65,33
2026-01-05 18:14:52,0,0,3515,81559,118.51,33
2026-01-05 18:15:02,0,0,3515,81559,148.43,33
2026-01-05 18:15:12,0,0,3515,81559,118.52,33
2026-01-05 18:15:22,0,0,3515,81559,117.64,33
2026-01-05 18:15:32,0,0,3515,81559,162.66,33
2026-01-05 18:15:42,0,0,3515,81559,117.96,33
2026-01-05 18:15:52,0,0,3515,81559,118.45,33
2026-01-05 18:16:02,0,0,3515,81559,118.32,33
2026-01-05 18:16:12,0,0,3515,81559,117.96,33
2026-01-05 18:16:22,0,0,3515,81559,117.98,33
2026-01-05 18:16:32,0,0,3515,81559,142.41,33
2026-01-05 18:16:42,0,0,3515,81559,117.87,33
2026-01-05 18:16:52,0,0,3515,81559,117.25,33
2026-01-05 18:17:02,0,0,3515,81559,118.03,33
2026-01-05 18:17:12,0,0,3515,81559,118.67,33
2026-01-05 18:17:22,0,0,3515,81559,118.42,33
2026-01-05 18:17:32,0,0,3515,81559,118.13,33
2026-01-05 18:17:42,0,0,3515,81559,118.68,33
2026-01-05 18:17:52,0,0,3515,81559,118.62,33
2026-01-05 18:18:02,0,0,3515,81559,117.39,33
2026-01-05 18:18:12,0,0,3515,81559,118.75,34
2026-01-05 18:18:22,0,0,3515,81559,118.62,34
2026-01-05 18:18:32,0,0,3515,81559,117.99,34
2026-01-05 18:18:42,0,0,3515,81559,117.99,34
2026-01-05 18:18:52,0,0,3515,81559,117.92,34
2026-01-05 18:19:02,0,0,3515,81559,117.86,34
2026-01-05 18:19:13,0,0,3515,81559,117.92,34
2026-01-05 18:19:23,0,0,3515,81559,117.35,34
2026-01-05 18:19:33,0,0,3515,81559,118.60,34
2026-01-05 18:19:43,0,0,3515,81559,118.73,34
2026-01-05 18:19:53,64,21,3515,81559,164.95,35
2026-01-05 18:20:03,0,0,3515,81559,117.87,34
2026-01-05 18:20:13,0,0,3515,81559,117.94,34
2026-01-05 18:20:23,68,22,3515,81559,158.71,40
2026-01-05 18:20:33,0,0,3515,81559,118.07,34
2026-01-05 18:20:43,0,0,3515,81559,117.82,34
2026-01-05 18:20:53,0,0,3515,81559,163.18,34
2026-01-05 18:21:03,0,0,3515,81559,117.86,34
2026-01-05 18:21:13,0,0,3515,81559,118.00,33
2026-01-05 18:21:23,0,0,3515,81559,158.05,34
2026-01-05 18:21:33,0,0,3515,81559,117.91,34
2026-01-05 18:21:43,0,0,3515,81559,118.06,33
2026-01-05 18:21:53,0,0,3515,81559,118.16,34
2026-01-05 18:22:03,0,0,3515,81559,118.66,34
2026-01-05 18:22:13,0,0,3515,81559,118.70,33
2026-01-05 18:22:23,0,0,3515,81559,158.41,34
2026-01-05 18:22:33,0,0,3515,81559,117.82,34
2026-01-05 18:22:43,0,0,3515,81559,117.95,33
2026-01-05 18:22:53,0,0,3515,81559,118.23,33
2026-01-05 18:23:03,0,0,3515,81559,117.82,34
2026-01-05 18:23:13,0,0,3515,81559,118.75,33
2026-01-05 18:23:23,0,0,3515,81559,118.07,34
2026-01-05 18:23:33,0,0,3515,81559,117.91,34
2026-01-05 18:23:43,0,0,3515,81559,118.06,33
2026-01-05 18:23:53,0,0,3515,81559,117.43,33
2026-01-05 18:24:04,0,0,3515,81559,118.11,33
2026-01-05 18:24:14,0,0,3515,81559,117.86,33
2026-01-05 18:24:24,0,0,3515,81559,117.91,33
2026-01-05 18:24:34,0,0,3515,81559,117.85,33
2026-01-05 18:24:44,0,0,3515,81559,117.69,33
2026-01-05 18:24:54,0,0,3515,81559,118.69,33
2026-01-05 18:25:04,0,0,3515,81559,117.98,33
2026-01-05 18:25:14,0,0,3515,81559,117.92,33
2026-01-05 18:25:24,0,0,3515,81559,117.85,34
2026-01-05 18:25:34,0,0,3515,81559,117.96,34
2026-01-05 18:25:44,0,0,3515,81559,118.00,34
2026-01-05 18:25:54,0,0,3515,81559,117.95,34
2026-01-05 18:26:04,0,0,3515,81559,118.67,34
2026-01-05 18:26:14,0,0,3515,81559,117.92,34
2026-01-05 18:26:24,0,0,3515,81559,117.97,34
2026-01-05 18:26:34,0,0,3515,81559,117.93,34
2026-01-05 18:26:44,11,3,3515,81559,123.06,38
2026-01-05 18:26:54,0,0,3515,81559,117.96,34
2026-01-05 18:27:04,0,0,3515,81559,117.96,34
2026-01-05 18:27:14,60,20,3515,81559,163.16,36
2026-01-05 18:27:24,0,0,3515,81559,118.11,34
2026-01-05 18:27:34,0,0,3515,81559,118.81,34
2026-01-05 18:27:44,21,7,3515,81559,127.40,39
2026-01-05 18:27:54,0,0,3515,81559,118.24,34
2026-01-05 18:28:04,0,0,3515,81559,117.99,34
2026-01-05 18:28:14,0,0,3515,81559,164.76,34
2026-01-05 18:28:24,0,0,3515,81559,117.92,34
2026-01-05 18:28:34,0,0,3515,81559,118.42,34
2026-01-05 18:28:44,0,0,3515,81559,162.87,34
2026-01-05 18:28:54,0,0,3515,81559,118.85,34
2026-01-05 18:29:05,0,0,3515,81559,118.22,34
2026-01-05 18:29:15,0,0,3515,81559,163.32,34
2026-01-05 18:29:25,0,0,3515,81559,118.73,34
2026-01-05 18:29:35,0,0,3515,81559,117.97,34
2026-01-05 18:29:45,0,0,3515,81559,167.06,34
2026-01-05 18:29:55,0,0,3515,81559,118.77,34
2026-01-05 18:30:05,0,0,3515,81559,117.87,33
2026-01-05 18:30:15,0,0,3515,81559,163.30,34
2026-01-05 18:30:25,0,0,3515,81559,118.12,34
2026-01-05 18:30:35,0,0,3515,81559,118.06,33
2026-01-05 18:30:45,0,0,3515,81559,163.12,34
2026-01-05 18:30:55,0,0,3515,81559,118.08,33
2026-01-05 18:31:05,0,0,3515,81559,117.86,33
2026-01-05 18:31:15,0,0,3515,81559,162.50,34
2026-01-05 18:31:25,0,0,3515,81559,118.67,33
2026-01-05 18:31:35,0,0,3515,81559,118.63,33
2026-01-05 18:31:45,0,0,3515,81559,118.76,33
2026-01-05 18:31:55,0,0,3515,81559,118.61,33
2026-01-05 18:32:05,0,0,3515,81559,118.61,33
2026-01-05 18:32:15,0,0,3515,81559,117.86,33
2026-01-05 18:32:25,0,0,3515,81559,117.79,33
2026-01-05 18:32:35,0,0,3515,81559,117.18,33
2026-01-05 18:32:45,0,0,3515,81559,117.82,33
2026-01-05 18:32:55,0,0,3515,81559,117.74,33
2026-01-05 18:33:05,0,0,3515,81559,117.96,33
2026-01-05 18:33:15,0,0,3515,81559,117.94,33
2026-01-05 18:33:26,0,0,3515,81559,118.44,33
2026-01-05 18:33:36,0,0,3515,81559,118.49,33
2026-01-05 18:33:46,0,0,3515,81559,117.89,33
2026-01-05 18:33:56,0,0,3515,81559,117.64,33
2026-01-05 18:34:06,0,0,3515,81559,117.68,33
2026-01-05 18:34:16,0,0,3515,81559,117.89,33
2026-01-05 18:34:26,0,0,3515,81559,117.85,33
2026-01-05 18:34:36,0,0,3515,81559,118.52,33
2026-01-05 18:34:46,0,0,3515,81559,117.55,33
2026-01-05 18:34:56,0,0,3515,81559,117.75,33
2026-01-05 18:35:06,0,0,3515,81559,137.73,40
2026-01-05 18:35:16,0,0,3515,81559,118.51,33
2026-01-05 18:35:26,0,0,3515,81559,118.59,33
2026-01-05 18:35:36,86,28,3515,81559,160.79,35
2026-01-05 18:35:46,0,0,3515,81559,117.96,33
2026-01-05 18:35:56,0,0,3515,81559,117.75,33
2026-01-05 18:36:06,0,0,3515,81559,163.66,34
2026-01-05 18:36:16,0,0,3515,81559,117.25,33
2026-01-05 18:36:26,0,0,3515,81559,118.25,33
2026-01-05 18:36:36,0,0,3515,81559,166.06,34
2026-01-05 18:36:46,0,0,3515,81559,118.07,33
2026-01-05 18:36:56,0,0,3515,81559,117.64,33
2026-01-05 18:37:06,0,0,3515,81559,162.42,33
2026-01-05 18:37:16,0,0,3515,81559,117.26,33
2026-01-05 18:37:26,0,0,3515,81559,118.60,33
2026-01-05 18:37:36,0,0,3515,81559,162.73,34
2026-01-05 18:37:46,0,0,3515,81559,117.79,33
2026-01-05 18:37:56,0,0,3515,81559,117.24,33
2026-01-05 18:38:06,0,0,3515,81559,163.73,34
2026-01-05 18:38:17,0,0,3515,81559,117.70,33
2026-01-05 18:38:27,0,0,3515,81559,118.03,33
2026-01-05 18:38:37,0,0,3515,81559,162.65,34
2026-01-05 18:38:47,0,0,3515,81559,117.89,33
2026-01-05 18:38:57,0,0,3515,81559,117.97,33
2026-01-05 18:39:07,0,0,3515,81559,117.45,33
2026-01-05 18:39:17,0,0,3515,81559,117.72,33
2026-01-05 18:39:27,0,0,3515,81559,117.85,33
2026-01-05 18:39:37,0,0,3515,81559,118.12,34
2026-01-05 18:39:47,0,0,3515,81559,117.86,34
2026-01-05 18:39:57,0,0,3515,81559,118.01,33
2026-01-05 18:40:07,0,0,3515,81559,118.03,34
2026-01-05 18:40:17,0,0,3515,81559,118.13,34
2026-01-05 18:40:27,0,0,3515,81559,117.96,34
2026-01-05 18:40:37,0,0,3515,81559,118.76,34
2026-01-05 18:40:47,0,0,3515,81559,117.94,34
2026-01-05 18:40:57,0,0,3515,81559,117.89,34
2026-01-05 18:41:07,0,0,3515,81559,117.98,34
2026-01-05 18:41:17,0,0,3515,81559,117.97,34
2026-01-05 18:41:27,0,0,3515,81559,132.78,38
2026-01-05 18:41:37,0,0,3515,81559,117.87,34
2026-01-05 18:41:47,0,0,3515,81559,117.94,34
2026-01-05 18:41:57,68,23,3515,81559,162.70,35
2026-01-05 18:42:07,0,0,3515,81559,118.82,34
2026-01-05 18:42:17,0,0,3515,81559,118.59,34
2026-01-05 18:42:27,0,0,3515,81559,164.84,34
2026-01-05 18:42:37,0,0,3515,81559,117.96,34
2026-01-05 18:42:48,0,0,3515,81559,118.75,34
2026-01-05 18:42:58,0,0,3515,81559,132.16,34
2026-01-05 18:43:08,0,0,3515,81559,118.20,34
2026-01-05 18:43:18,0,0,3515,81559,117.37,33
2026-01-05 18:43:28,0,0,3515,81559,118.74,34
2026-01-05 18:43:38,0,0,3515,81559,117.92,34
2026-01-05 18:43:48,0,0,3515,81559,117.99,33
2026-01-05 18:43:58,0,0,3515,81559,118.12,34
2026-01-05 18:44:08,0,0,3515,81559,117.33,33
2026-01-05 18:44:18,0,0,3515,81559,117.90,33
2026-01-05 18:44:28,0,0,3515,81559,118.68,34
2026-01-05 18:44:38,0,0,3515,81559,117.25,33
2026-01-05 18:44:48,0,0,3515,81559,117.97,33
2026-01-05 18:44:58,0,0,3515,81559,117.52,33
2026-01-05 18:45:08,0,0,3515,81559,118.74,33
2026-01-05 18:45:18,0,0,3515,81559,118.52,33
2026-01-05 18:45:28,0,0,3515,81559,117.75,33
2026-01-05 18:45:38,0,0,3515,81559,118.02,33
2026-01-05 18:45:48,0,0,3515,81559,141.79,40
2026-01-05 18:45:58,0,0,3515,81559,117.84,33
2026-01-05 18:46:08,0,0,3515,81559,117.29,33
2026-01-05 18:46:18,0,0,3515,81559,161.82,34
2026-01-05 18:46:28,0,0,3515,81559,117.78,33
2026-01-05 18:46:38,0,0,3515,81559,117.85,33
2026-01-05 18:46:48,0,0,3515,81559,163.29,33
2026-01-05 18:46:58,0,0,3515,81559,118.50,33
2026-01-05 18:47:08,0,0,3515,81559,117.73,33
2026-01-05 18:47:18,0,0,3515,81559,130.51,33
2026-01-05 18:47:29,0,0,3515,81559,117.77,33
2026-01-05 18:47:39,0,0,3515,81559,118.50,33
2026-01-05 18:47:49,0,0,3515,81559,118.15,33
2026-01-05 18:47:59,0,0,3515,81559,117.73,33
2026-01-05 18:48:09,0,0,3515,81559,117.64,33
2026-01-05 18:48:19,0,0,3515,81559,118.03,33
2026-01-05 18:48:29,0,0,3515,81559,117.75,33
2026-01-05 18:48:39,0,0,3515,81559,117.69,33
2026-01-05 18:48:49,0,0,3515,81559,117.93,33
2026-01-05 18:48:59,0,0,3515,81559,117.67,33
2026-01-05 18:49:09,0,0,3515,81559,117.65,33
2026-01-05 18:49:19,0,0,3515,81559,117.79,33
2026-01-05 18:49:29,0,0,3515,81559,117.92,33
2026-01-05 18:49:39,0,0,3515,81559,117.71,33
2026-01-05 18:49:49,0,0,3515,81559,118.64,33
2026-01-05 18:49:59,0,0,3515,81559,118.48,33
2026-01-05 18:50:09,0,0,3515,81559,117.73,33
2026-01-05 18:50:19,0,0,3515,81559,117.86,33
2026-01-05 18:50:29,0,0,3515,81559,117.73,33
2026-01-05 18:50:39,0,0,3515,81559,117.83,33
2026-01-05 18:50:49,0,0,3515,81559,117.82,33
2026-01-05 18:50:59,0,0,3515,81559,117.13,33
2026-01-05 18:51:09,0,0,3515,81559,118.49,33
2026-01-05 18:51:19,0,0,3515,81559,118.50,33
2026-01-05 18:51:29,0,0,3515,81559,118.53,33
2026-01-05 18:51:39,0,0,3515,81559,117.90,33
2026-01-05 18:51:49,0,0,3515,81559,117.91,33
2026-01-05 18:52:00,0,0,3515,81559,118.11,33
2026-01-05 18:52:10,0,0,3515,81559,164.18,34
2026-01-05 18:52:20,0,0,3515,81559,117.94,33
2026-01-05 18:52:30,0,0,3515,81559,118.00,33
2026-01-05 18:52:40,0,0,3515,81559,162.27,34
2026-01-05 18:52:50,0,0,3515,81559,118.59,33
2026-01-05 18:53:00,0,0,3515,81559,118.54,33
2026-01-05 18:53:10,0,0,3515,81559,163.85,34
2026-01-05 18:53:20,0,0,3515,81559,118.86,34
2026-01-05 18:53:30,0,0,3515,81559,118.67,33
2026-01-05 18:53:40,0,0,3515,81559,163.08,34
2026-01-05 18:53:50,0,0,3515,81559,118.02,33
2026-01-05 18:54:00,0,0,3515,81559,118.05,33
2026-01-05 18:54:10,0,0,3515,81559,163.30,34
2026-01-05 18:54:20,0,0,3515,81559,118.76,34
2026-01-05 18:54:30,0,0,3515,81559,117.90,33
2026-01-05 18:54:40,0,0,3515,81559,162.98,34
2026-01-05 18:54:50,0,0,3515,81559,117.97,34
2026-01-05 18:55:00,0,0,3515,81559,117.87,33
2026-01-05 18:55:10,0,0,3515,81559,118.85,34
2026-01-05 18:55:20,0,0,3515,81559,118.68,34
2026-01-05 18:55:30,0,0,3515,81559,118.00,33
2026-01-05 18:55:40,0,0,3515,81559,118.04,34
2026-01-05 18:55:50,0,0,3515,81559,118.67,34
2026-01-05 18:56:00,0,0,3515,81559,117.92,33
2026-01-05 18:56:10,0,0,3515,81559,117.98,34
2026-01-05 18:56:20,0,0,3515,81559,118.73,34
2026-01-05 18:56:30,0,0,3515,81559,118.52,34
2026-01-05 18:56:41,0,0,3515,81559,118.12,34
2026-01-05 18:56:51,0,0,3515,81559,117.98,34
2026-01-05 18:57:01,0,0,3515,81559,118.69,34
2026-01-05 18:57:11,0,0,3515,81559,117.91,34
2026-01-05 18:57:21,0,0,3515,81559,117.43,33
2026-01-05 18:57:31,0,0,3515,81559,117.89,35
2026-01-05 18:57:41,0,0,3515,81559,117.90,33
2026-01-05 18:57:51,0,0,3515,81559,117.93,33
2026-01-05 18:58:01,99,32,3515,81559,163.27,38
2026-01-05 18:58:11,0,0,3515,81559,118.66,33
2026-01-05 18:58:21,0,0,3515,81559,117.91,33
2026-01-05 18:58:31,1,0,3515,81559,163.29,34
2026-01-05 18:58:41,0,0,3515,81559,117.93,33
2026-01-05 18:58:51,0,0,3515,81559,117.92,33
2026-01-05 18:59:01,0,0,3515,81559,163.73,34
2026-01-05 18:59:11,0,0,3515,81559,118.63,33
2026-01-05 18:59:21,0,0,3515,81559,117.84,33
2026-01-05 18:59:31,0,0,3515,81559,163.68,34
2026-01-05 18:59:41,0,0,3515,81559,117.29,34
2026-01-05 18:59:51,0,0,3515,81559,117.91,33
2026-01-05 19:00:01,0,0,3515,81559,118.17,34
2026-01-05 19:00:11,0,0,3515,81559,118.00,33
2026-01-05 19:00:21,0,0,3515,81559,117.93,33
2026-01-05 19:00:31,0,0,3515,81559,117.87,33
2026-01-05 19:00:41,0,0,3515,81559,118.64,33
2026-01-05 19:00:51,0,0,3515,81559,117.79,33
2026-01-05 19:01:01,0,0,3515,81559,117.97,33
2026-01-05 19:01:12,0,0,3515,81559,118.65,33
2026-01-05 19:01:22,0,0,3515,81559,117.85,33
2026-01-05 19:01:32,0,0,3515,81559,117.69,33
2026-01-05 19:01:42,0,0,3515,81559,117.92,33
2026-01-05 19:01:52,0,0,3515,81559,117.95,33
2026-01-05 19:02:02,0,0,3515,81559,118.68,34
2026-01-05 19:02:12,0,0,3515,81559,118.14,34
2026-01-05 19:02:22,0,0,3515,81559,118.01,37
2026-01-05 19:02:32,0,0,3515,81559,118.11,34
2026-01-05 19:02:42,0,0,3515,81559,117.86,33
2026-01-05 19:02:52,0,0,3515,81559,163.38,34
2026-01-05 19:03:02,0,0,3515,81559,118.70,33
2026-01-05 19:03:12,0,0,3515,81559,118.74,33
2026-01-05 19:03:22,0,0,3515,81559,163.82,34
2026-01-05 19:03:32,0,0,3515,81559,117.98,33
2026-01-05 19:03:42,0,0,3515,81559,118.69,33
2026-01-05 19:03:52,0,0,3515,81559,163.31,33
2026-01-05 19:04:02,0,0,3515,81559,117.23,33
2026-01-05 19:04:12,0,0,3515,81559,123.09,34
2026-01-05 19:04:22,0,0,3515,81559,138.85,33
2026-01-05 19:04:32,0,0,3515,81559,117.76,33
2026-01-05 19:04:42,0,0,3515,81559,118.56,33
2026-01-05 19:04:52,0,0,3515,81559,118.09,33
2026-01-05 19:05:02,0,0,3515,81559,117.78,33
2026-01-05 19:05:12,0,0,3515,81559,117.77,33
2026-01-05 19:05:22,0,0,3515,81559,118.61,33
2026-01-05 19:05:33,0,0,3515,81559,117.17,33
2026-01-05 19:05:43,0,0,3515,81559,118.57,33
2026-01-05 19:05:53,0,0,3515,81559,118.57,33
2026-01-05 19:06:03,0,0,3515,81559,117.84,33
2026-01-05 19:06:13,0,0,3515,81559,117.79,33
2026-01-05 19:06:23,0,0,3515,81559,118.58,33
2026-01-05 19:06:33,0,0,3515,81559,118.60,33
2026-01-05 19:06:43,0,0,3515,81559,118.59,33
2026-01-05 19:06:53,0,0,3515,81559,117.75,33
2026-01-05 19:07:03,0,0,3515,81559,117.72,33
2026-01-05 19:07:13,0,0,3515,81559,162.85,34
2026-01-05 19:07:23,0,0,3515,81559,118.55,33
2026-01-05 19:07:33,0,0,3515,81559,118.02,33
2026-01-05 19:07:43,0,0,3515,81559,157.12,34
2026-01-05 19:07:53,0,0,3515,81559,117.92,33
2026-01-05 19:08:03,0,0,3515,81559,117.92,33
2026-01-05 19:08:13,0,0,3515,81559,140.54,33
2026-01-05 19:08:23,0,0,3515,81559,117.97,33
2026-01-05 19:08:33,0,0,3515,81559,118.04,33
2026-01-05 19:08:43,0,0,3515,81559,139.65,33
2026-01-05 19:08:53,0,0,3515,81559,118.04,33
